{"type":"FeatureCollection", "features": [
{"type":"Feature","geometry":{"type":"MultiPolygon","coordinates":[[[[93.848,7.24],[93.826,7.238],[93.808,7.229],[93.808,7.215],[93.755,7.211],[93.734,7.187],[93.713,7.192],[93.686,7.19],[93.675,7.176],[93.676,7.14],[93.667,7.139],[93.656,7.126],[93.66,7.086],[93.67,7.081],[93.665,7.042],[93.67,7.013],[93.686,7.018],[93.699,7.012],[93.707,6.99],[93.723,6.992],[93.732,6.98],[93.731,6.97],[93.745,6.962],[93.752,6.939],[93.742,6.925],[93.751,6.908],[93.763,6.908],[93.78,6.882],[93.772,6.877],[93.774,6.864],[93.794,6.849],[93.786,6.836],[93.801,6.814],[93.813,6.808],[93.808,6.784],[93.813,6.778],[93.807,6.763],[93.828,6.754],[93.847,6.78],[93.846,6.801],[93.853,6.815],[93.868,6.815],[93.885,6.795],[93.896,6.805],[93.909,6.838],[93.894,6.847],[93.894,6.867],[93.902,6.881],[93.897,6.902],[93.916,6.913],[93.91,6.923],[93.917,6.945],[93.937,6.962],[93.929,6.974],[93.929,6.984],[93.914,7],[93.922,7.01],[93.943,6.993],[93.945,7.009],[93.937,7.013],[93.927,7.027],[93.921,7.023],[93.912,7.041],[93.917,7.048],[93.906,7.063],[93.902,7.077],[93.888,7.086],[93.886,7.105],[93.891,7.121],[93.885,7.135],[93.888,7.151],[93.88,7.175],[93.884,7.188],[93.87,7.216],[93.851,7.214],[93.842,7.229],[93.848,7.24]]],[[[93.713,7.444],[93.707,7.438],[93.709,7.418],[93.704,7.401],[93.707,7.394],[93.684,7.387],[93.672,7.374],[93.662,7.381],[93.649,7.369],[93.64,7.374],[93.631,7.362],[93.636,7.321],[93.626,7.306],[93.633,7.29],[93.629,7.269],[93.649,7.242],[93.67,7.26],[93.679,7.285],[93.698,7.294],[93.706,7.303],[93.725,7.31],[93.743,7.347],[93.755,7.359],[93.756,7.374],[93.725,7.397],[93.722,7.421],[93.713,7.444]]],[[[93.38,8.025],[93.355,8.008],[93.336,8.012],[93.323,7.993],[93.324,7.977],[93.311,7.962],[93.318,7.943],[93.348,7.926],[93.344,7.902],[93.356,7.889],[93.377,7.882],[93.393,7.892],[93.397,7.902],[93.416,7.907],[93.441,7.899],[93.462,7.872],[93.474,7.896],[93.466,7.917],[93.461,7.936],[93.44,7.954],[93.43,7.968],[93.421,7.959],[93.403,7.974],[93.404,7.998],[93.41,8.007],[93.399,8.017],[93.38,8.025]]],[[[93.547,8.028],[93.543,8.015],[93.507,7.985],[93.525,7.968],[93.552,7.949],[93.574,7.929],[93.579,7.934],[93.583,7.97],[93.583,7.992],[93.564,8.025],[93.547,8.028]]],[[[93.579,8.125],[93.561,8.119],[93.571,8.106],[93.57,8.091],[93.58,8.081],[93.572,8.067],[93.592,8.038],[93.601,8.044],[93.591,8.066],[93.589,8.109],[93.579,8.125]]],[[[93.526,8.231],[93.495,8.223],[93.491,8.199],[93.477,8.185],[93.455,8.176],[93.455,8.149],[93.459,8.124],[93.483,8.078],[93.485,8.052],[93.516,8.084],[93.527,8.076],[93.526,8.055],[93.499,8.039],[93.486,8.037],[93.485,8.018],[93.492,8],[93.507,8.002],[93.509,8.034],[93.524,8.032],[93.531,8.049],[93.542,8.038],[93.553,8.066],[93.548,8.088],[93.532,8.1],[93.526,8.119],[93.504,8.144],[93.51,8.166],[93.525,8.171],[93.545,8.196],[93.544,8.225],[93.526,8.231]]],[[[93.235,8.266],[93.222,8.257],[93.22,8.245],[93.239,8.221],[93.252,8.229],[93.25,8.241],[93.235,8.266]]],[[[93.126,8.356],[93.095,8.34],[93.095,8.326],[93.085,8.308],[93.085,8.274],[93.101,8.246],[93.123,8.221],[93.132,8.219],[93.166,8.2],[93.196,8.193],[93.202,8.196],[93.206,8.213],[93.194,8.225],[93.154,8.243],[93.137,8.26],[93.126,8.277],[93.134,8.302],[93.131,8.31],[93.141,8.331],[93.143,8.347],[93.126,8.356]]],[[[93.044,8.473],[93.034,8.451],[93.051,8.438],[93.056,8.462],[93.044,8.473]]],[[[93.616,8.574],[93.61,8.544],[93.625,8.515],[93.624,8.482],[93.627,8.467],[93.642,8.467],[93.637,8.497],[93.635,8.524],[93.623,8.529],[93.616,8.574]]],[[[92.788,9.244],[92.781,9.25],[92.772,9.221],[92.765,9.215],[92.721,9.214],[92.72,9.146],[92.732,9.124],[92.769,9.128],[92.789,9.119],[92.811,9.124],[92.824,9.138],[92.832,9.163],[92.825,9.181],[92.826,9.192],[92.857,9.202],[92.854,9.209],[92.824,9.196],[92.814,9.22],[92.788,9.244]]],[[[92.516,10.898],[92.507,10.889],[92.493,10.889],[92.479,10.871],[92.459,10.863],[92.457,10.84],[92.447,10.838],[92.431,10.822],[92.413,10.789],[92.395,10.78],[92.376,10.782],[92.378,10.74],[92.382,10.72],[92.38,10.706],[92.381,10.666],[92.395,10.666],[92.408,10.649],[92.421,10.615],[92.413,10.606],[92.41,10.583],[92.384,10.544],[92.385,10.532],[92.402,10.531],[92.419,10.547],[92.435,10.548],[92.462,10.536],[92.481,10.518],[92.499,10.511],[92.513,10.512],[92.531,10.518],[92.534,10.528],[92.568,10.576],[92.564,10.587],[92.544,10.593],[92.54,10.614],[92.553,10.638],[92.579,10.658],[92.576,10.671],[92.598,10.683],[92.597,10.706],[92.59,10.717],[92.583,10.743],[92.588,10.787],[92.561,10.812],[92.563,10.827],[92.557,10.843],[92.558,10.863],[92.521,10.897],[92.516,10.898]]],[[[92.706,11.289],[92.694,11.284],[92.697,11.261],[92.706,11.263],[92.706,11.289]]],[[[92.641,11.51],[92.632,11.514],[92.616,11.485],[92.611,11.459],[92.624,11.441],[92.625,11.42],[92.622,11.405],[92.588,11.401],[92.592,11.381],[92.581,11.367],[92.599,11.347],[92.627,11.349],[92.638,11.347],[92.649,11.356],[92.662,11.355],[92.691,11.37],[92.692,11.388],[92.664,11.395],[92.658,11.412],[92.672,11.416],[92.673,11.427],[92.685,11.433],[92.676,11.462],[92.677,11.472],[92.668,11.49],[92.646,11.501],[92.641,11.51]]],[[[92.56,11.538],[92.553,11.531],[92.562,11.517],[92.569,11.527],[92.56,11.538]]],[[[92.61,11.559],[92.605,11.554],[92.607,11.536],[92.616,11.535],[92.62,11.558],[92.61,11.559]]],[[[92.597,11.542],[92.597,11.563],[92.584,11.549],[92.597,11.542]]],[[[92.611,11.588],[92.602,11.586],[92.601,11.568],[92.617,11.566],[92.617,11.582],[92.611,11.588]]],[[[92.219,11.592],[92.208,11.583],[92.215,11.571],[92.208,11.548],[92.217,11.529],[92.25,11.526],[92.26,11.518],[92.27,11.523],[92.275,11.535],[92.269,11.555],[92.27,11.585],[92.263,11.59],[92.242,11.592],[92.232,11.587],[92.219,11.592]]],[[[92.54,11.603],[92.532,11.595],[92.532,11.572],[92.538,11.561],[92.553,11.562],[92.565,11.575],[92.567,11.592],[92.545,11.594],[92.54,11.603]]],[[[93.021,11.843],[93.017,11.831],[93.05,11.812],[93.061,11.816],[93.072,11.836],[93.063,11.845],[93.033,11.837],[93.021,11.843]]],[[[92.75,11.968],[92.736,11.953],[92.746,11.945],[92.762,11.949],[92.763,11.967],[92.75,11.968]]],[[[92.596,11.976],[92.596,11.938],[92.607,11.945],[92.604,11.965],[92.596,11.976]]],[[[92.97,12.034],[92.962,12.03],[92.951,12.013],[92.931,12.006],[92.926,11.996],[92.934,11.985],[92.961,11.98],[92.973,11.949],[92.988,11.95],[93.007,11.927],[93.022,11.901],[93.025,11.888],[93.036,11.882],[93.046,11.884],[93.054,11.896],[93.048,11.92],[93.037,11.947],[93.028,11.952],[93.026,11.964],[93.008,11.998],[93.01,12.017],[93.003,12.029],[92.983,12.043],[92.97,12.034]]],[[[92.991,12.109],[92.971,12.104],[92.96,12.107],[92.962,12.072],[92.99,12.044],[92.999,12.046],[92.999,12.072],[93.003,12.105],[92.991,12.109]]],[[[92.949,12.116],[92.949,12.097],[92.958,12.098],[92.949,12.116]]],[[[93.028,12.157],[92.993,12.141],[92.983,12.149],[92.963,12.151],[92.956,12.142],[92.962,12.123],[92.977,12.113],[92.997,12.114],[93.006,12.108],[93.007,12.076],[93.025,12.07],[93.042,12.046],[93.053,12.061],[93.054,12.076],[93.036,12.098],[93.032,12.11],[93.035,12.125],[93.026,12.139],[93.028,12.157]]],[[[93.069,12.211],[93.056,12.191],[93.043,12.159],[93.037,12.134],[93.047,12.128],[93.053,12.11],[93.066,12.098],[93.07,12.087],[93.085,12.089],[93.092,12.107],[93.089,12.131],[93.094,12.148],[93.084,12.155],[93.09,12.172],[93.085,12.195],[93.069,12.211]]],[[[92.701,12.236],[92.689,12.235],[92.685,12.221],[92.674,12.218],[92.646,12.179],[92.632,12.123],[92.624,12.103],[92.62,12.071],[92.626,12.062],[92.613,12.007],[92.611,11.94],[92.606,11.923],[92.61,11.907],[92.611,11.871],[92.602,11.874],[92.602,11.897],[92.586,11.888],[92.578,11.927],[92.565,11.943],[92.555,11.929],[92.543,11.923],[92.534,11.912],[92.538,11.904],[92.526,11.895],[92.525,11.872],[92.514,11.848],[92.525,11.826],[92.537,11.839],[92.546,11.828],[92.554,11.793],[92.556,11.773],[92.552,11.756],[92.552,11.721],[92.563,11.693],[92.573,11.699],[92.574,11.715],[92.587,11.717],[92.599,11.69],[92.595,11.665],[92.608,11.635],[92.631,11.628],[92.637,11.616],[92.61,11.622],[92.606,11.609],[92.607,11.595],[92.628,11.571],[92.647,11.572],[92.642,11.56],[92.651,11.552],[92.644,11.541],[92.646,11.524],[92.664,11.507],[92.678,11.511],[92.698,11.507],[92.709,11.488],[92.728,11.518],[92.724,11.527],[92.735,11.553],[92.73,11.558],[92.744,11.585],[92.741,11.593],[92.753,11.61],[92.752,11.633],[92.756,11.666],[92.745,11.676],[92.731,11.674],[92.721,11.686],[92.716,11.666],[92.729,11.657],[92.699,11.649],[92.691,11.632],[92.669,11.633],[92.666,11.654],[92.684,11.651],[92.686,11.662],[92.699,11.666],[92.702,11.692],[92.718,11.706],[92.745,11.692],[92.742,11.709],[92.755,11.717],[92.765,11.767],[92.771,11.785],[92.773,11.807],[92.787,11.872],[92.788,11.884],[92.779,11.892],[92.788,11.926],[92.777,11.938],[92.764,11.94],[92.747,11.932],[92.732,11.899],[92.733,11.875],[92.723,11.877],[92.727,11.898],[92.725,11.931],[92.718,11.934],[92.716,11.951],[92.726,11.974],[92.757,11.988],[92.741,12.034],[92.749,12.036],[92.762,12.021],[92.776,12.031],[92.778,12.05],[92.767,12.046],[92.752,12.071],[92.741,12.075],[92.735,12.089],[92.738,12.111],[92.756,12.154],[92.757,12.176],[92.737,12.182],[92.724,12.178],[92.716,12.168],[92.705,12.171],[92.712,12.192],[92.706,12.228],[92.701,12.236]]],[[[92.731,12.242],[92.722,12.228],[92.723,12.189],[92.733,12.185],[92.764,12.182],[92.768,12.201],[92.763,12.209],[92.762,12.229],[92.739,12.233],[92.731,12.242]]],[[[92.902,12.256],[92.895,12.256],[92.87,12.238],[92.874,12.228],[92.893,12.234],[92.901,12.228],[92.914,12.23],[92.902,12.256]]],[[[93.078,12.262],[93.071,12.258],[93.066,12.227],[93.084,12.222],[93.104,12.208],[93.101,12.232],[93.087,12.237],[93.084,12.259],[93.078,12.262]]],[[[92.75,12.288],[92.74,12.276],[92.735,12.255],[92.743,12.255],[92.75,12.288]]],[[[92.711,12.296],[92.705,12.298],[92.701,12.267],[92.705,12.243],[92.713,12.247],[92.723,12.295],[92.711,12.296]]],[[[92.941,12.281],[92.927,12.281],[92.914,12.293],[92.902,12.281],[92.914,12.272],[92.923,12.26],[92.919,12.244],[92.929,12.242],[92.93,12.259],[92.941,12.281]]],[[[92.777,12.31],[92.775,12.301],[92.782,12.285],[92.764,12.264],[92.752,12.275],[92.742,12.246],[92.751,12.233],[92.768,12.228],[92.764,12.211],[92.769,12.202],[92.765,12.177],[92.739,12.099],[92.739,12.085],[92.757,12.074],[92.765,12.063],[92.782,12.08],[92.793,12.083],[92.799,12.109],[92.811,12.105],[92.811,12.13],[92.821,12.15],[92.819,12.158],[92.837,12.167],[92.849,12.162],[92.855,12.171],[92.855,12.185],[92.847,12.198],[92.853,12.204],[92.875,12.193],[92.872,12.227],[92.859,12.247],[92.876,12.25],[92.888,12.259],[92.87,12.301],[92.858,12.305],[92.83,12.3],[92.809,12.313],[92.793,12.304],[92.777,12.31]]],[[[93.84,12.321],[93.824,12.307],[93.815,12.285],[93.815,12.271],[93.827,12.245],[93.841,12.237],[93.862,12.234],[93.881,12.237],[93.872,12.268],[93.878,12.282],[93.867,12.296],[93.858,12.293],[93.84,12.321]]],[[[92.853,12.409],[92.848,12.394],[92.867,12.378],[92.89,12.391],[92.873,12.406],[92.853,12.409]]],[[[92.955,12.415],[92.95,12.43],[92.933,12.419],[92.926,12.404],[92.928,12.387],[92.92,12.377],[92.919,12.365],[92.932,12.359],[92.943,12.385],[92.943,12.4],[92.955,12.415]]],[[[92.711,12.829],[92.695,12.798],[92.71,12.772],[92.712,12.737],[92.725,12.754],[92.713,12.773],[92.711,12.829]]],[[[92.729,12.864],[92.72,12.864],[92.709,12.835],[92.717,12.834],[92.729,12.864]]],[[[92.795,12.911],[92.775,12.912],[92.784,12.894],[92.8,12.898],[92.795,12.911]]],[[[92.899,12.916],[92.892,12.895],[92.874,12.894],[92.875,12.882],[92.845,12.875],[92.842,12.876],[92.84,12.878],[92.843,12.886],[92.843,12.89],[92.84,12.891],[92.834,12.886],[92.828,12.886],[92.824,12.895],[92.803,12.897],[92.792,12.89],[92.793,12.863],[92.771,12.863],[92.769,12.851],[92.754,12.848],[92.738,12.829],[92.724,12.828],[92.72,12.805],[92.721,12.788],[92.731,12.743],[92.741,12.724],[92.741,12.7],[92.729,12.697],[92.745,12.671],[92.77,12.673],[92.784,12.693],[92.789,12.674],[92.777,12.667],[92.754,12.671],[92.744,12.668],[92.733,12.653],[92.736,12.641],[92.727,12.634],[92.715,12.636],[92.71,12.616],[92.695,12.607],[92.707,12.593],[92.705,12.566],[92.709,12.557],[92.699,12.54],[92.694,12.515],[92.708,12.492],[92.701,12.47],[92.707,12.452],[92.698,12.421],[92.701,12.409],[92.698,12.389],[92.701,12.368],[92.701,12.337],[92.709,12.327],[92.707,12.317],[92.719,12.301],[92.748,12.3],[92.767,12.31],[92.772,12.318],[92.795,12.306],[92.809,12.315],[92.832,12.303],[92.857,12.314],[92.878,12.313],[92.887,12.323],[92.88,12.333],[92.884,12.356],[92.874,12.353],[92.853,12.377],[92.838,12.398],[92.842,12.404],[92.829,12.42],[92.829,12.429],[92.857,12.422],[92.865,12.426],[92.878,12.418],[92.897,12.43],[92.915,12.412],[92.924,12.436],[92.919,12.443],[92.942,12.45],[92.95,12.464],[92.935,12.47],[92.933,12.482],[92.945,12.497],[92.959,12.487],[92.968,12.497],[92.966,12.505],[92.976,12.542],[92.962,12.578],[92.956,12.608],[92.958,12.643],[92.965,12.681],[92.963,12.698],[92.977,12.718],[92.964,12.729],[92.969,12.74],[92.96,12.755],[92.939,12.768],[92.935,12.782],[92.948,12.792],[92.954,12.807],[92.944,12.827],[92.937,12.854],[92.931,12.857],[92.928,12.883],[92.909,12.883],[92.91,12.909],[92.899,12.916]]],[[[92.877,12.932],[92.861,12.934],[92.865,12.917],[92.886,12.923],[92.877,12.932]]],[[[92.696,12.992],[92.685,12.988],[92.673,12.964],[92.67,12.952],[92.68,12.941],[92.668,12.919],[92.637,12.92],[92.637,12.913],[92.669,12.911],[92.665,12.881],[92.649,12.861],[92.654,12.838],[92.672,12.794],[92.677,12.809],[92.689,12.817],[92.69,12.834],[92.7,12.84],[92.703,12.851],[92.715,12.863],[92.721,12.888],[92.719,12.979],[92.696,12.992]]],[[[93.007,12.997],[92.979,12.98],[92.961,12.99],[92.96,12.955],[92.973,12.955],[92.974,12.935],[92.98,12.933],[92.979,12.967],[92.993,12.986],[93.007,12.997]]],[[[92.926,13.024],[92.917,13.017],[92.921,13.001],[92.944,12.997],[92.937,13.026],[92.926,13.024]]],[[[92.719,13.099],[92.696,13.09],[92.7,13.072],[92.719,13.099]]],[[[92.843,13.441],[92.823,13.436],[92.823,13.42],[92.832,13.419],[92.846,13.431],[92.843,13.441]]],[[[94.273,13.464],[94.263,13.464],[94.25,13.446],[94.256,13.43],[94.263,13.43],[94.276,13.442],[94.273,13.464]]],[[[93.029,13.573],[93.019,13.574],[93.016,13.55],[92.993,13.566],[92.981,13.553],[92.992,13.536],[92.976,13.528],[92.965,13.544],[92.919,13.537],[92.914,13.531],[92.929,13.502],[92.904,13.497],[92.901,13.478],[92.877,13.475],[92.874,13.446],[92.884,13.43],[92.872,13.416],[92.859,13.409],[92.845,13.409],[92.842,13.394],[92.853,13.387],[92.836,13.367],[92.835,13.338],[92.827,13.329],[92.831,13.316],[92.827,13.307],[92.842,13.301],[92.823,13.277],[92.839,13.259],[92.854,13.258],[92.85,13.239],[92.831,13.242],[92.828,13.237],[92.832,13.214],[92.818,13.2],[92.824,13.193],[92.814,13.173],[92.81,13.153],[92.842,13.146],[92.842,13.127],[92.824,13.134],[92.811,13.127],[92.82,13.101],[92.808,13.099],[92.797,13.089],[92.796,13.049],[92.791,13.012],[92.819,13.001],[92.814,12.983],[92.8,12.992],[92.793,12.98],[92.793,12.952],[92.801,12.936],[92.794,12.914],[92.801,12.901],[92.825,12.897],[92.828,12.888],[92.831,12.886],[92.837,12.891],[92.842,12.892],[92.843,12.891],[92.844,12.886],[92.841,12.877],[92.843,12.876],[92.851,12.879],[92.858,12.879],[92.872,12.883],[92.874,12.902],[92.859,12.903],[92.854,12.917],[92.857,12.934],[92.867,12.934],[92.877,12.946],[92.875,12.964],[92.883,12.983],[92.898,12.988],[92.907,12.984],[92.91,12.962],[92.927,12.958],[92.939,12.976],[92.932,12.99],[92.922,12.986],[92.909,13.001],[92.904,13.022],[92.916,13.054],[92.929,13.062],[92.937,13.039],[92.951,13.029],[92.961,13.015],[92.971,13.029],[92.989,13.026],[92.992,13.034],[93.006,13.031],[93.009,13.043],[93.021,13.05],[93.031,13.069],[93.029,13.08],[93.036,13.091],[93.031,13.13],[93.037,13.139],[93.032,13.178],[93.045,13.211],[93.043,13.223],[93.056,13.233],[93.06,13.261],[93.046,13.259],[93.013,13.307],[92.977,13.324],[92.96,13.328],[92.955,13.344],[92.964,13.359],[92.977,13.349],[92.979,13.336],[93.003,13.353],[93.027,13.345],[93.04,13.351],[93.04,13.322],[93.055,13.329],[93.072,13.323],[93.079,13.341],[93.063,13.361],[93.053,13.391],[93.069,13.397],[93.066,13.405],[93.051,13.406],[93.037,13.419],[93.033,13.458],[93.036,13.485],[93.044,13.505],[93.04,13.547],[93.029,13.573]]],[[[93.016,13.676],[92.999,13.668],[92.982,13.665],[92.977,13.656],[92.986,13.643],[93.003,13.647],[93.015,13.644],[93.024,13.627],[93.032,13.634],[93.025,13.648],[93.026,13.661],[93.016,13.676]]],[[[93.366,14.156],[93.354,14.15],[93.364,14.097],[93.355,14.072],[93.366,14.069],[93.375,14.092],[93.378,14.121],[93.371,14.132],[93.366,14.156]]],[[[93.641,14.902],[93.625,14.898],[93.613,14.874],[93.611,14.855],[93.633,14.874],[93.641,14.902]]]]},"properties":{"ID_0":105,"ISO":"IND","NAME_0":"India","ID_1":1,"NAME_1":"Andaman and Nicobar","NL_NAME_1":null,"VARNAME_1":"Andaman & Nicobar Islands|Andaman et Nicobar|Iihas de Andama e Nicobar|Inseln Andamanen und Nikobare","TYPE_1":"Union Territor","ENGTYPE_1":"Union Territory"}},
{"type":"Feature","geometry":{"type":"MultiPolygon","coordinates":[[[[80.149,13.618],[80.133,13.6],[80.128,13.578],[80.14,13.566],[80.137,13.553],[80.151,13.551],[80.168,13.59],[80.163,13.605],[80.149,13.618]]],[[[82.332,16.725],[82.317,16.705],[82.304,16.699],[82.285,16.698],[82.259,16.69],[82.266,16.672],[82.256,16.654],[82.268,16.643],[82.282,16.642],[82.297,16.613],[82.312,16.602],[82.319,16.617],[82.319,16.652],[82.339,16.685],[82.335,16.698],[82.341,16.704],[82.332,16.725]]],[[[82.3,16.714],[82.318,16.733],[82.342,16.736],[82.341,16.753],[82.356,16.812],[82.352,16.822],[82.359,16.849],[82.358,16.865],[82.364,16.884],[82.365,16.915],[82.357,16.965],[82.349,16.978],[82.332,16.982],[82.341,16.965],[82.358,16.951],[82.363,16.91],[82.362,16.888],[82.354,16.852],[82.338,16.857],[82.312,16.855],[82.282,16.878],[82.27,16.876],[82.258,16.888],[82.251,16.906],[82.251,16.935],[82.272,16.94],[82.269,16.956],[82.275,16.971],[82.284,16.977],[82.278,16.992],[82.303,17.041],[82.332,17.072],[82.369,17.106],[82.439,17.173],[82.49,17.214],[82.532,17.243],[82.578,17.273],[82.623,17.299],[82.703,17.344],[82.758,17.37],[82.84,17.406],[82.869,17.415],[82.885,17.427],[82.926,17.443],[82.954,17.46],[82.985,17.47],[83.003,17.487],[83.007,17.498],[83.033,17.513],[83.081,17.532],[83.104,17.544],[83.161,17.561],[83.176,17.575],[83.216,17.594],[83.235,17.611],[83.232,17.623],[83.24,17.633],[83.26,17.644],[83.261,17.65],[83.278,17.659],[83.295,17.675],[83.298,17.694],[83.315,17.709],[83.342,17.723],[83.343,17.737],[83.354,17.757],[83.386,17.779],[83.391,17.794],[83.41,17.81],[83.416,17.834],[83.41,17.843],[83.419,17.857],[83.444,17.872],[83.455,17.888],[83.452,17.9],[83.488,17.926],[83.53,17.949],[83.559,17.983],[83.559,17.999],[83.57,18.014],[83.585,18.022],[83.611,18.043],[83.642,18.062],[83.67,18.084],[83.713,18.111],[83.785,18.147],[83.863,18.176],[83.886,18.195],[83.951,18.217],[84.011,18.25],[84.07,18.276],[84.13,18.314],[84.125,18.328],[84.134,18.347],[84.153,18.377],[84.219,18.442],[84.286,18.502],[84.356,18.557],[84.356,18.575],[84.363,18.588],[84.386,18.613],[84.441,18.664],[84.441,18.68],[84.49,18.739],[84.51,18.758],[84.532,18.772],[84.555,18.796],[84.557,18.817],[84.577,18.837],[84.576,18.847],[84.589,18.873],[84.615,18.902],[84.669,18.952],[84.665,18.966],[84.688,18.973],[84.716,19.012],[84.761,19.071],[84.73,19.089],[84.719,19.096],[84.698,19.109],[84.698,19.11],[84.694,19.122],[84.697,19.125],[84.706,19.144],[84.702,19.151],[84.698,19.15],[84.681,19.15],[84.665,19.157],[84.666,19.135],[84.661,19.122],[84.647,19.12],[84.629,19.121],[84.596,19.115],[84.606,19.093],[84.617,19.09],[84.624,19.074],[84.634,19.075],[84.645,19.084],[84.654,19.081],[84.663,19.064],[84.655,19.052],[84.648,19.056],[84.634,19.056],[84.63,19.05],[84.625,19.053],[84.623,19.056],[84.612,19.05],[84.609,19.047],[84.6,19.033],[84.597,19.02],[84.588,19.013],[84.578,19.019],[84.574,19.035],[84.578,19.062],[84.571,19.06],[84.568,19.063],[84.56,19.06],[84.548,19.046],[84.527,19.039],[84.51,19.037],[84.498,19.025],[84.489,19.021],[84.478,19.008],[84.476,18.992],[84.472,18.981],[84.437,18.997],[84.422,19.009],[84.42,19.013],[84.415,19.012],[84.425,18.995],[84.426,18.989],[84.426,18.984],[84.435,18.977],[84.441,18.967],[84.42,18.949],[84.416,18.938],[84.429,18.914],[84.41,18.891],[84.386,18.883],[84.383,18.869],[84.372,18.867],[84.362,18.851],[84.334,18.864],[84.338,18.836],[84.344,18.833],[84.344,18.812],[84.329,18.809],[84.332,18.792],[84.3,18.782],[84.284,18.791],[84.259,18.775],[84.246,18.773],[84.217,18.787],[84.19,18.777],[84.18,18.769],[84.159,18.775],[84.135,18.767],[84.123,18.748],[84.114,18.755],[84.092,18.745],[84.066,18.752],[84.059,18.768],[84.049,18.771],[84.048,18.783],[84.007,18.804],[83.982,18.8],[83.956,18.803],[83.94,18.797],[83.934,18.807],[83.908,18.816],[83.87,18.818],[83.864,18.839],[83.844,18.851],[83.837,18.873],[83.842,18.888],[83.835,18.909],[83.817,18.909],[83.821,18.922],[83.813,18.934],[83.816,18.949],[83.803,18.982],[83.791,18.992],[83.788,19.008],[83.776,19.009],[83.767,18.998],[83.751,18.993],[83.741,18.984],[83.742,18.967],[83.749,18.958],[83.75,18.944],[83.761,18.945],[83.777,18.919],[83.78,18.908],[83.771,18.901],[83.756,18.917],[83.746,18.918],[83.736,18.939],[83.726,18.976],[83.706,18.985],[83.705,18.999],[83.72,19.004],[83.717,19.014],[83.7,19.015],[83.684,19.044],[83.657,19.075],[83.657,19.088],[83.645,19.113],[83.619,19.142],[83.594,19.12],[83.594,19.111],[83.604,19.093],[83.6,19.085],[83.582,19.076],[83.579,19.05],[83.558,19.051],[83.561,19.066],[83.545,19.062],[83.551,19.05],[83.535,19.029],[83.531,19.005],[83.515,19.005],[83.495,19.011],[83.494,19.027],[83.514,19.025],[83.505,19.065],[83.492,19.055],[83.477,19.075],[83.459,19.07],[83.465,19.036],[83.477,19.026],[83.475,19],[83.449,19],[83.45,18.982],[83.462,18.959],[83.455,18.946],[83.443,18.948],[83.436,18.958],[83.415,18.978],[83.409,18.996],[83.389,19],[83.362,18.995],[83.355,19.009],[83.335,19.007],[83.329,18.988],[83.308,18.991],[83.313,18.967],[83.327,18.957],[83.331,18.938],[83.319,18.928],[83.329,18.917],[83.341,18.918],[83.345,18.956],[83.361,18.953],[83.364,18.938],[83.38,18.923],[83.371,18.917],[83.363,18.93],[83.349,18.934],[83.348,18.921],[83.356,18.905],[83.367,18.9],[83.388,18.871],[83.411,18.859],[83.397,18.849],[83.399,18.834],[83.373,18.821],[83.362,18.832],[83.35,18.822],[83.36,18.807],[83.356,18.8],[83.339,18.803],[83.333,18.793],[83.323,18.798],[83.304,18.799],[83.28,18.79],[83.269,18.771],[83.266,18.757],[83.24,18.759],[83.223,18.766],[83.223,18.748],[83.206,18.729],[83.202,18.742],[83.185,18.744],[83.169,18.759],[83.151,18.759],[83.133,18.772],[83.112,18.758],[83.118,18.75],[83.106,18.738],[83.088,18.712],[83.078,18.705],[83.071,18.689],[83.056,18.667],[83.051,18.654],[83.012,18.639],[83.02,18.605],[83.008,18.588],[83.028,18.582],[83.041,18.597],[83.054,18.586],[83.037,18.578],[83.025,18.564],[83.032,18.548],[83.051,18.535],[83.071,18.542],[83.087,18.541],[83.089,18.533],[83.073,18.515],[83.069,18.502],[83.055,18.488],[83.052,18.477],[83.016,18.448],[83.018,18.44],[83.037,18.435],[83.043,18.418],[83.058,18.429],[83.062,18.421],[83.055,18.408],[83.066,18.392],[83.056,18.377],[83.04,18.37],[83.012,18.378],[82.992,18.375],[82.976,18.355],[82.96,18.357],[82.946,18.35],[82.933,18.351],[82.928,18.361],[82.903,18.356],[82.885,18.379],[82.891,18.392],[82.885,18.413],[82.87,18.406],[82.849,18.415],[82.819,18.433],[82.799,18.439],[82.776,18.42],[82.787,18.39],[82.788,18.378],[82.778,18.371],[82.784,18.354],[82.767,18.331],[82.751,18.328],[82.734,18.313],[82.717,18.315],[82.703,18.308],[82.698,18.296],[82.665,18.291],[82.645,18.257],[82.648,18.245],[82.632,18.229],[82.613,18.239],[82.609,18.249],[82.589,18.257],[82.586,18.281],[82.588,18.302],[82.576,18.307],[82.59,18.319],[82.604,18.32],[82.597,18.341],[82.601,18.366],[82.589,18.377],[82.577,18.377],[82.556,18.389],[82.549,18.384],[82.535,18.39],[82.536,18.408],[82.545,18.417],[82.554,18.438],[82.529,18.443],[82.516,18.456],[82.528,18.468],[82.523,18.504],[82.498,18.506],[82.481,18.515],[82.474,18.537],[82.453,18.517],[82.437,18.497],[82.427,18.477],[82.397,18.452],[82.378,18.422],[82.361,18.41],[82.373,18.398],[82.375,18.383],[82.384,18.372],[82.376,18.353],[82.36,18.344],[82.345,18.322],[82.343,18.307],[82.358,18.308],[82.365,18.316],[82.384,18.319],[82.393,18.306],[82.382,18.284],[82.367,18.271],[82.344,18.272],[82.337,18.266],[82.33,18.231],[82.321,18.222],[82.333,18.216],[82.32,18.201],[82.306,18.196],[82.31,18.175],[82.333,18.163],[82.349,18.162],[82.365,18.14],[82.358,18.125],[82.333,18.142],[82.335,18.127],[82.33,18.119],[82.332,18.094],[82.343,18.082],[82.343,18.068],[82.336,18.047],[82.322,18.05],[82.304,18.04],[82.288,18.061],[82.267,18.048],[82.258,18.035],[82.271,18.011],[82.267,17.986],[82.242,17.98],[82.237,17.992],[82.218,17.994],[82.197,18.009],[82.177,18.011],[82.177,18.021],[82.164,18.042],[82.132,18.036],[82.129,18.049],[82.108,18.054],[82.092,18.053],[82.072,18.066],[82.06,18.045],[82.045,18.046],[82.025,18.058],[82.002,18.045],[82.002,18.024],[81.952,17.992],[81.936,17.984],[81.914,17.98],[81.899,17.969],[81.847,17.951],[81.833,17.951],[81.801,17.936],[81.786,17.914],[81.776,17.905],[81.703,17.861],[81.698,17.876],[81.688,17.885],[81.678,17.878],[81.663,17.877],[81.646,17.856],[81.643,17.839],[81.611,17.815],[81.6,17.815],[81.575,17.827],[81.554,17.816],[81.511,17.807],[81.481,17.803],[81.47,17.823],[81.459,17.825],[81.438,17.815],[81.426,17.821],[81.414,17.816],[81.409,17.805],[81.385,17.807],[81.357,17.81],[81.315,17.812],[81.298,17.81],[81.254,17.812],[81.213,17.833],[81.192,17.847],[81.16,17.853],[81.121,17.828],[81.098,17.817],[81.074,17.786],[81.056,17.783],[81.032,17.79],[81.013,17.817],[81.004,17.838],[80.994,17.914],[80.985,17.923],[80.978,17.95],[80.973,17.993],[80.962,18.032],[80.966,18.043],[80.952,18.072],[80.944,18.081],[80.948,18.091],[80.949,18.123],[80.973,18.144],[80.974,18.168],[80.954,18.167],[80.944,18.157],[80.912,18.139],[80.901,18.135],[80.862,18.133],[80.856,18.143],[80.849,18.2],[80.861,18.199],[80.867,18.207],[80.859,18.226],[80.824,18.234],[80.817,18.225],[80.819,18.192],[80.798,18.166],[80.762,18.163],[80.745,18.165],[80.735,18.172],[80.733,18.219],[80.784,18.243],[80.788,18.254],[80.777,18.26],[80.766,18.278],[80.757,18.285],[80.745,18.302],[80.744,18.317],[80.723,18.361],[80.724,18.372],[80.716,18.387],[80.729,18.404],[80.713,18.406],[80.691,18.419],[80.695,18.435],[80.681,18.454],[80.651,18.472],[80.637,18.494],[80.633,18.519],[80.614,18.526],[80.601,18.545],[80.562,18.57],[80.532,18.586],[80.511,18.616],[80.498,18.618],[80.488,18.627],[80.463,18.623],[80.45,18.626],[80.418,18.611],[80.402,18.607],[80.382,18.594],[80.367,18.605],[80.342,18.586],[80.331,18.597],[80.319,18.622],[80.296,18.686],[80.278,18.711],[80.268,18.718],[80.247,18.701],[80.225,18.696],[80.214,18.701],[80.202,18.697],[80.189,18.676],[80.167,18.68],[80.158,18.696],[80.121,18.681],[80.107,18.678],[80.082,18.702],[80.075,18.703],[80.062,18.717],[80.046,18.721],[80.033,18.746],[80.019,18.751],[80.012,18.767],[79.932,18.784],[79.916,18.797],[79.894,18.831],[79.926,18.838],[79.939,18.859],[79.941,18.877],[79.941,18.938],[79.931,18.975],[79.934,19.022],[79.926,19.042],[79.916,19.047],[79.891,19.045],[79.871,19.036],[79.857,19.042],[79.861,19.06],[79.858,19.104],[79.871,19.123],[79.906,19.142],[79.926,19.161],[79.941,19.164],[79.942,19.176],[79.923,19.203],[79.92,19.226],[79.932,19.259],[79.945,19.284],[79.962,19.297],[79.964,19.307],[79.957,19.335],[79.965,19.351],[79.973,19.401],[79.959,19.426],[79.946,19.441],[79.945,19.459],[79.924,19.478],[79.911,19.492],[79.878,19.501],[79.828,19.537],[79.817,19.569],[79.793,19.58],[79.778,19.598],[79.74,19.603],[79.713,19.583],[79.678,19.577],[79.64,19.575],[79.621,19.565],[79.607,19.539],[79.601,19.508],[79.591,19.502],[79.566,19.511],[79.548,19.526],[79.543,19.549],[79.515,19.542],[79.513,19.518],[79.493,19.505],[79.47,19.497],[79.458,19.519],[79.441,19.534],[79.414,19.533],[79.371,19.562],[79.369,19.571],[79.341,19.574],[79.322,19.572],[79.314,19.566],[79.305,19.59],[79.255,19.611],[79.237,19.609],[79.238,19.6],[79.25,19.578],[79.24,19.559],[79.237,19.527],[79.216,19.511],[79.208,19.499],[79.209,19.485],[79.221,19.476],[79.219,19.465],[79.189,19.459],[79.169,19.468],[79.157,19.486],[79.14,19.501],[79.105,19.513],[79.103,19.528],[79.063,19.531],[79.052,19.545],[79.018,19.54],[79,19.559],[78.993,19.562],[78.978,19.551],[78.955,19.552],[78.954,19.563],[78.978,19.58],[78.978,19.59],[78.966,19.605],[78.963,19.617],[78.969,19.649],[78.962,19.659],[78.944,19.665],[78.935,19.662],[78.916,19.668],[78.891,19.655],[78.859,19.656],[78.863,19.697],[78.857,19.731],[78.846,19.758],[78.838,19.762],[78.808,19.758],[78.785,19.779],[78.763,19.776],[78.738,19.779],[78.716,19.767],[78.702,19.786],[78.619,19.809],[78.604,19.818],[78.585,19.812],[78.526,19.822],[78.512,19.814],[78.504,19.792],[78.494,19.793],[78.476,19.816],[78.465,19.816],[78.429,19.823],[78.398,19.836],[78.386,19.853],[78.384,19.879],[78.366,19.883],[78.336,19.883],[78.323,19.895],[78.335,19.904],[78.328,19.916],[78.31,19.913],[78.298,19.873],[78.294,19.85],[78.339,19.839],[78.339,19.814],[78.36,19.806],[78.368,19.781],[78.361,19.754],[78.353,19.738],[78.345,19.734],[78.345,19.714],[78.323,19.704],[78.316,19.691],[78.286,19.69],[78.27,19.663],[78.288,19.654],[78.299,19.623],[78.311,19.604],[78.311,19.572],[78.297,19.558],[78.279,19.558],[78.295,19.537],[78.299,19.504],[78.31,19.486],[78.312,19.466],[78.297,19.449],[78.273,19.454],[78.252,19.43],[78.224,19.434],[78.198,19.407],[78.182,19.412],[78.188,19.396],[78.184,19.368],[78.18,19.353],[78.187,19.339],[78.197,19.332],[78.193,19.303],[78.183,19.279],[78.186,19.249],[78.183,19.242],[78.15,19.23],[78.127,19.246],[78.099,19.245],[78.082,19.255],[78.075,19.247],[78.058,19.24],[78.048,19.248],[78.046,19.271],[78.027,19.279],[78.012,19.301],[77.985,19.309],[77.977,19.321],[77.949,19.341],[77.926,19.332],[77.912,19.318],[77.893,19.321],[77.888,19.312],[77.861,19.302],[77.862,19.284],[77.901,19.277],[77.906,19.267],[77.9,19.256],[77.885,19.26],[77.867,19.255],[77.868,19.246],[77.858,19.218],[77.845,19.188],[77.853,19.177],[77.849,19.155],[77.834,19.133],[77.845,19.114],[77.842,19.087],[77.829,19.085],[77.815,19.104],[77.8,19.099],[77.801,19.084],[77.794,19.071],[77.797,19.051],[77.771,19.056],[77.762,19.062],[77.757,19.029],[77.764,19.02],[77.768,18.999],[77.767,18.981],[77.782,18.976],[77.787,18.984],[77.817,18.982],[77.813,18.949],[77.854,18.952],[77.84,18.911],[77.857,18.906],[77.882,18.909],[77.888,18.885],[77.899,18.884],[77.899,18.868],[77.925,18.859],[77.93,18.846],[77.944,18.842],[77.943,18.822],[77.929,18.822],[77.908,18.83],[77.837,18.807],[77.823,18.769],[77.803,18.729],[77.802,18.716],[77.787,18.694],[77.769,18.691],[77.769,18.702],[77.758,18.707],[77.749,18.69],[77.733,18.676],[77.73,18.643],[77.743,18.621],[77.748,18.605],[77.747,18.589],[77.728,18.552],[77.712,18.554],[77.683,18.541],[77.676,18.541],[77.658,18.527],[77.645,18.536],[77.652,18.55],[77.64,18.554],[77.597,18.548],[77.593,18.523],[77.596,18.515],[77.586,18.503],[77.603,18.491],[77.601,18.474],[77.577,18.484],[77.571,18.467],[77.547,18.466],[77.55,18.458],[77.584,18.454],[77.583,18.443],[77.56,18.435],[77.546,18.441],[77.528,18.44],[77.526,18.427],[77.555,18.418],[77.549,18.388],[77.542,18.385],[77.521,18.365],[77.52,18.349],[77.527,18.339],[77.553,18.331],[77.567,18.318],[77.57,18.308],[77.55,18.291],[77.561,18.283],[77.571,18.29],[77.603,18.278],[77.592,18.262],[77.581,18.256],[77.573,18.241],[77.585,18.217],[77.57,18.189],[77.579,18.162],[77.598,18.152],[77.594,18.128],[77.601,18.099],[77.597,18.084],[77.567,18.076],[77.546,18.054],[77.553,18.035],[77.574,18.031],[77.585,18.025],[77.592,18.01],[77.607,18.018],[77.622,18.005],[77.629,17.993],[77.646,17.993],[77.653,17.969],[77.644,17.963],[77.644,17.946],[77.62,17.944],[77.617,17.903],[77.585,17.908],[77.583,17.898],[77.592,17.879],[77.567,17.866],[77.563,17.842],[77.554,17.83],[77.526,17.827],[77.526,17.812],[77.511,17.801],[77.504,17.783],[77.523,17.78],[77.554,17.761],[77.562,17.747],[77.539,17.725],[77.528,17.727],[77.494,17.716],[77.489,17.707],[77.458,17.699],[77.451,17.688],[77.446,17.657],[77.451,17.632],[77.441,17.604],[77.44,17.581],[77.461,17.577],[77.474,17.565],[77.49,17.566],[77.497,17.543],[77.502,17.541],[77.527,17.573],[77.537,17.571],[77.548,17.549],[77.585,17.558],[77.592,17.549],[77.592,17.533],[77.617,17.529],[77.621,17.522],[77.645,17.519],[77.657,17.521],[77.666,17.51],[77.688,17.499],[77.684,17.473],[77.648,17.481],[77.634,17.472],[77.611,17.47],[77.611,17.444],[77.596,17.443],[77.573,17.454],[77.573,17.43],[77.533,17.441],[77.51,17.427],[77.511,17.413],[77.534,17.399],[77.521,17.386],[77.528,17.372],[77.521,17.362],[77.499,17.354],[77.483,17.354],[77.475,17.368],[77.452,17.37],[77.45,17.35],[77.456,17.345],[77.45,17.315],[77.434,17.288],[77.453,17.287],[77.455,17.276],[77.423,17.253],[77.418,17.233],[77.405,17.237],[77.38,17.22],[77.393,17.211],[77.391,17.192],[77.371,17.19],[77.36,17.162],[77.375,17.149],[77.376,17.138],[77.399,17.132],[77.404,17.123],[77.434,17.111],[77.439,17.115],[77.463,17.104],[77.46,17.093],[77.477,17.076],[77.478,17.061],[77.493,17.033],[77.492,17.022],[77.499,17.007],[77.483,16.999],[77.478,16.99],[77.479,16.968],[77.464,16.953],[77.464,16.929],[77.468,16.917],[77.453,16.909],[77.46,16.844],[77.457,16.824],[77.463,16.805],[77.472,16.796],[77.467,16.777],[77.445,16.78],[77.435,16.778],[77.437,16.763],[77.431,16.736],[77.423,16.715],[77.437,16.708],[77.445,16.714],[77.469,16.709],[77.465,16.678],[77.446,16.674],[77.437,16.667],[77.417,16.663],[77.433,16.638],[77.444,16.636],[77.461,16.649],[77.471,16.644],[77.454,16.607],[77.464,16.605],[77.456,16.581],[77.437,16.581],[77.421,16.565],[77.391,16.565],[77.402,16.547],[77.416,16.544],[77.415,16.518],[77.381,16.512],[77.369,16.502],[77.366,16.484],[77.324,16.481],[77.297,16.491],[77.292,16.474],[77.252,16.468],[77.235,16.468],[77.258,16.447],[77.264,16.43],[77.285,16.403],[77.307,16.394],[77.333,16.388],[77.353,16.377],[77.373,16.38],[77.412,16.363],[77.428,16.365],[77.438,16.374],[77.481,16.378],[77.519,16.37],[77.535,16.353],[77.584,16.328],[77.591,16.312],[77.588,16.296],[77.581,16.286],[77.565,16.298],[77.543,16.287],[77.534,16.263],[77.524,16.27],[77.501,16.268],[77.499,16.258],[77.488,16.25],[77.489,16.224],[77.511,16.223],[77.509,16.215],[77.495,16.213],[77.495,16.187],[77.488,16.179],[77.484,16.159],[77.488,16.147],[77.487,16.116],[77.509,16.104],[77.498,16.097],[77.493,16.08],[77.503,16.073],[77.5,16.054],[77.491,16.031],[77.502,16.006],[77.51,16.002],[77.506,15.973],[77.515,15.963],[77.515,15.943],[77.509,15.921],[77.497,15.926],[77.467,15.928],[77.426,15.942],[77.408,15.936],[77.376,15.933],[77.354,15.944],[77.315,15.945],[77.3,15.95],[77.282,15.947],[77.249,15.958],[77.236,15.953],[77.181,15.95],[77.143,15.941],[77.13,15.93],[77.105,15.925],[77.077,15.91],[77.066,15.899],[77.052,15.876],[77.033,15.853],[77.022,15.832],[77.028,15.826],[77.064,15.823],[77.062,15.778],[77.047,15.751],[77.043,15.734],[77.047,15.725],[77.076,15.721],[77.084,15.709],[77.076,15.691],[77.101,15.679],[77.125,15.659],[77.116,15.625],[77.096,15.644],[77.081,15.653],[77.069,15.641],[77.027,15.629],[77.029,15.598],[77.024,15.576],[77.029,15.525],[77.027,15.5],[77.005,15.503],[76.996,15.5],[76.972,15.506],[76.97,15.491],[76.976,15.482],[76.996,15.467],[77.006,15.448],[77.027,15.435],[77.031,15.418],[77.029,15.401],[77.044,15.384],[77.038,15.359],[77.063,15.338],[77.062,15.322],[77.069,15.319],[77.11,15.327],[77.113,15.319],[77.115,15.29],[77.148,15.286],[77.148,15.271],[77.165,15.251],[77.14,15.252],[77.133,15.235],[77.121,15.221],[77.141,15.218],[77.158,15.194],[77.164,15.168],[77.158,15.149],[77.137,15.149],[77.135,15.136],[77.153,15.132],[77.154,15.121],[77.148,15.107],[77.128,15.094],[77.126,15.068],[77.11,15.029],[77.091,15.028],[77.082,15.022],[77.079,15],[77.041,15.005],[77.047,15.029],[77.023,15.028],[77.001,15.03],[76.984,15.02],[76.982,15.01],[76.967,15.013],[76.951,15.024],[76.914,15.031],[76.889,15.032],[76.877,15.029],[76.861,15.057],[76.837,15.072],[76.821,15.075],[76.797,15.091],[76.773,15.065],[76.771,15.054],[76.781,15.034],[76.785,15.017],[76.757,14.983],[76.764,14.97],[76.797,14.963],[76.815,14.964],[76.828,14.951],[76.841,14.961],[76.864,14.964],[76.865,14.938],[76.86,14.891],[76.846,14.89],[76.852,14.863],[76.849,14.839],[76.84,14.83],[76.847,14.802],[76.837,14.804],[76.834,14.785],[76.78,14.779],[76.788,14.752],[76.798,14.735],[76.786,14.707],[76.781,14.69],[76.771,14.674],[76.761,14.596],[76.778,14.579],[76.786,14.553],[76.8,14.528],[76.844,14.509],[76.854,14.499],[76.864,14.475],[76.88,14.471],[76.907,14.484],[76.945,14.482],[76.973,14.478],[76.974,14.47],[76.959,14.445],[76.944,14.445],[76.945,14.409],[76.942,14.4],[76.913,14.414],[76.897,14.394],[76.883,14.39],[76.879,14.351],[76.899,14.319],[76.923,14.31],[76.943,14.305],[76.95,14.294],[76.944,14.282],[76.925,14.272],[76.938,14.24],[76.951,14.234],[76.982,14.238],[77.004,14.232],[77.033,14.24],[77.05,14.24],[77.075,14.209],[77.095,14.209],[77.11,14.221],[77.116,14.257],[77.107,14.262],[77.112,14.288],[77.126,14.302],[77.132,14.331],[77.152,14.338],[77.18,14.326],[77.196,14.314],[77.245,14.315],[77.258,14.326],[77.281,14.331],[77.283,14.302],[77.28,14.276],[77.295,14.276],[77.359,14.269],[77.359,14.244],[77.355,14.23],[77.377,14.217],[77.384,14.192],[77.391,14.191],[77.415,14.203],[77.401,14.26],[77.39,14.261],[77.375,14.295],[77.379,14.317],[77.395,14.329],[77.426,14.321],[77.428,14.305],[77.442,14.31],[77.444,14.278],[77.455,14.272],[77.479,14.284],[77.496,14.272],[77.499,14.261],[77.496,14.24],[77.49,14.228],[77.5,14.204],[77.504,14.181],[77.51,14.172],[77.5,14.151],[77.463,14.164],[77.423,14.165],[77.41,14.17],[77.39,14.165],[77.377,14.13],[77.348,14.124],[77.352,14.105],[77.39,14.119],[77.395,14.103],[77.38,14.09],[77.372,14.072],[77.35,14.053],[77.338,14.054],[77.326,14.023],[77.362,14.016],[77.383,14.007],[77.373,13.982],[77.387,13.974],[77.421,13.977],[77.431,13.969],[77.429,13.943],[77.408,13.936],[77.41,13.915],[77.427,13.909],[77.419,13.895],[77.397,13.881],[77.39,13.898],[77.348,13.897],[77.343,13.912],[77.363,13.942],[77.344,13.951],[77.354,13.982],[77.333,13.988],[77.313,14.025],[77.304,14.027],[77.292,14.014],[77.279,14.007],[77.272,14.028],[77.256,14.021],[77.243,14.006],[77.219,14.008],[77.195,14.003],[77.171,14.009],[77.154,13.991],[77.134,13.998],[77.121,14.042],[77.091,14.038],[77.07,14.039],[77.069,14.047],[77.024,14.053],[77.02,14.061],[77.024,14.083],[77.01,14.092],[77.017,14.106],[77.014,14.127],[77.02,14.173],[76.986,14.173],[76.958,14.176],[76.942,14.189],[76.937,14.166],[76.917,14.158],[76.891,14.159],[76.884,14.131],[76.913,14.122],[76.922,14.129],[76.943,14.112],[76.951,14.085],[76.968,14.08],[76.975,14.065],[76.972,14.052],[76.938,14.048],[76.931,14.023],[76.941,14.021],[76.949,14.007],[76.975,13.997],[76.994,13.981],[76.989,13.957],[77.008,13.947],[77.019,13.935],[77.036,13.926],[77.041,13.897],[77.017,13.893],[77.006,13.85],[76.969,13.81],[76.984,13.804],[76.981,13.786],[76.993,13.743],[77.011,13.733],[77.02,13.77],[77.035,13.769],[77.06,13.739],[77.081,13.737],[77.08,13.753],[77.095,13.761],[77.124,13.751],[77.138,13.756],[77.167,13.755],[77.171,13.772],[77.158,13.787],[77.154,13.801],[77.162,13.815],[77.146,13.835],[77.125,13.843],[77.139,13.859],[77.162,13.857],[77.165,13.866],[77.156,13.9],[77.16,13.908],[77.177,13.917],[77.182,13.901],[77.175,13.861],[77.193,13.856],[77.209,13.878],[77.217,13.869],[77.225,13.895],[77.24,13.894],[77.239,13.882],[77.244,13.86],[77.253,13.856],[77.25,13.839],[77.286,13.846],[77.307,13.857],[77.32,13.826],[77.327,13.825],[77.352,13.844],[77.373,13.838],[77.373,13.831],[77.404,13.831],[77.425,13.835],[77.425,13.827],[77.413,13.812],[77.409,13.799],[77.429,13.788],[77.441,13.802],[77.456,13.8],[77.451,13.786],[77.459,13.75],[77.463,13.744],[77.457,13.713],[77.445,13.696],[77.45,13.676],[77.476,13.678],[77.485,13.687],[77.48,13.703],[77.503,13.704],[77.508,13.689],[77.522,13.688],[77.528,13.707],[77.527,13.725],[77.515,13.737],[77.52,13.744],[77.54,13.744],[77.548,13.72],[77.556,13.716],[77.567,13.729],[77.582,13.731],[77.596,13.744],[77.604,13.743],[77.616,13.728],[77.637,13.735],[77.634,13.741],[77.613,13.747],[77.614,13.76],[77.649,13.776],[77.67,13.777],[77.669,13.752],[77.696,13.761],[77.702,13.731],[77.711,13.738],[77.714,13.761],[77.713,13.791],[77.728,13.802],[77.769,13.809],[77.78,13.82],[77.774,13.832],[77.786,13.84],[77.803,13.841],[77.811,13.852],[77.828,13.861],[77.821,13.889],[77.811,13.895],[77.806,13.918],[77.814,13.931],[77.83,13.927],[77.862,13.927],[77.887,13.931],[77.89,13.911],[77.912,13.897],[77.93,13.909],[77.939,13.925],[77.951,13.928],[77.961,13.95],[77.979,13.948],[77.974,13.924],[77.978,13.893],[77.95,13.884],[77.942,13.871],[77.948,13.825],[77.966,13.82],[77.981,13.849],[77.985,13.862],[78.005,13.862],[78.016,13.854],[78.038,13.853],[78.043,13.864],[78.041,13.887],[78.071,13.872],[78.075,13.855],[78.106,13.854],[78.114,13.841],[78.117,13.822],[78.108,13.804],[78.118,13.777],[78.111,13.762],[78.095,13.75],[78.085,13.733],[78.109,13.71],[78.105,13.684],[78.085,13.681],[78.064,13.688],[78.066,13.664],[78.08,13.65],[78.081,13.635],[78.107,13.647],[78.146,13.65],[78.159,13.645],[78.161,13.623],[78.186,13.621],[78.194,13.616],[78.194,13.595],[78.179,13.579],[78.18,13.564],[78.189,13.556],[78.202,13.568],[78.208,13.582],[78.223,13.577],[78.228,13.587],[78.25,13.574],[78.265,13.578],[78.292,13.579],[78.312,13.584],[78.344,13.578],[78.38,13.581],[78.391,13.578],[78.398,13.566],[78.386,13.544],[78.385,13.532],[78.373,13.512],[78.367,13.495],[78.367,13.467],[78.363,13.452],[78.371,13.391],[78.369,13.38],[78.355,13.355],[78.384,13.342],[78.397,13.332],[78.395,13.323],[78.368,13.328],[78.367,13.32],[78.383,13.314],[78.391,13.304],[78.415,13.317],[78.429,13.317],[78.436,13.298],[78.466,13.31],[78.47,13.294],[78.501,13.277],[78.512,13.26],[78.521,13.256],[78.529,13.276],[78.547,13.273],[78.56,13.293],[78.567,13.272],[78.577,13.262],[78.572,13.249],[78.56,13.233],[78.557,13.212],[78.569,13.204],[78.553,13.189],[78.566,13.172],[78.569,13.156],[78.539,13.152],[78.533,13.142],[78.535,13.131],[78.521,13.129],[78.509,13.12],[78.516,13.101],[78.514,13.085],[78.502,13.082],[78.499,13.07],[78.505,13.053],[78.467,13.041],[78.452,13.032],[78.45,13.015],[78.455,12.99],[78.461,12.979],[78.458,12.963],[78.423,12.969],[78.425,12.938],[78.421,12.924],[78.434,12.908],[78.456,12.893],[78.457,12.866],[78.438,12.88],[78.436,12.901],[78.426,12.902],[78.417,12.889],[78.403,12.891],[78.388,12.906],[78.378,12.895],[78.369,12.902],[78.345,12.928],[78.338,12.906],[78.327,12.889],[78.316,12.893],[78.311,12.874],[78.304,12.866],[78.303,12.847],[78.276,12.849],[78.263,12.857],[78.241,12.847],[78.242,12.812],[78.229,12.762],[78.221,12.753],[78.219,12.747],[78.229,12.72],[78.22,12.703],[78.195,12.695],[78.189,12.684],[78.2,12.676],[78.228,12.674],[78.227,12.689],[78.239,12.692],[78.264,12.692],[78.284,12.668],[78.29,12.653],[78.309,12.65],[78.322,12.637],[78.329,12.638],[78.361,12.615],[78.368,12.612],[78.4,12.613],[78.418,12.621],[78.425,12.615],[78.46,12.617],[78.458,12.662],[78.474,12.659],[78.493,12.67],[78.493,12.694],[78.509,12.705],[78.494,12.711],[78.48,12.73],[78.494,12.73],[78.516,12.704],[78.524,12.68],[78.541,12.685],[78.552,12.697],[78.546,12.707],[78.554,12.726],[78.546,12.729],[78.558,12.752],[78.58,12.767],[78.583,12.785],[78.59,12.792],[78.588,12.805],[78.598,12.811],[78.592,12.839],[78.604,12.857],[78.606,12.874],[78.625,12.914],[78.647,12.919],[78.62,12.974],[78.62,12.983],[78.642,13.002],[78.651,13.018],[78.694,13.004],[78.702,13.056],[78.726,13.053],[78.74,13.045],[78.778,13.053],[78.801,13.076],[78.832,13.07],[78.858,13.071],[78.865,13.085],[78.884,13.082],[78.88,13.07],[78.879,13.026],[78.882,13.02],[78.927,13.023],[78.917,13.033],[78.893,13.035],[78.901,13.052],[78.909,13.05],[78.914,13.068],[78.946,13.064],[78.982,13.076],[79,13.058],[79.023,13.056],[79.026,13.05],[79.053,13.038],[79.054,13.028],[79.069,13.014],[79.083,13.012],[79.104,13.024],[79.119,13.023],[79.142,13.01],[79.153,13.007],[79.171,13.016],[79.177,13.038],[79.169,13.053],[79.193,13.09],[79.214,13.097],[79.222,13.116],[79.215,13.128],[79.226,13.135],[79.243,13.133],[79.271,13.138],[79.274,13.121],[79.285,13.123],[79.299,13.115],[79.297,13.097],[79.308,13.097],[79.317,13.119],[79.35,13.125],[79.347,13.135],[79.348,13.163],[79.361,13.156],[79.371,13.169],[79.369,13.176],[79.384,13.185],[79.421,13.184],[79.422,13.209],[79.446,13.217],[79.436,13.23],[79.411,13.212],[79.407,13.238],[79.412,13.258],[79.419,13.266],[79.422,13.287],[79.405,13.285],[79.375,13.303],[79.417,13.322],[79.455,13.324],[79.479,13.321],[79.498,13.315],[79.523,13.316],[79.536,13.311],[79.541,13.279],[79.565,13.249],[79.585,13.247],[79.589,13.26],[79.601,13.268],[79.621,13.259],[79.63,13.261],[79.633,13.274],[79.653,13.275],[79.663,13.268],[79.669,13.282],[79.684,13.257],[79.674,13.247],[79.671,13.236],[79.681,13.228],[79.692,13.239],[79.696,13.224],[79.689,13.211],[79.7,13.203],[79.716,13.214],[79.733,13.215],[79.744,13.195],[79.774,13.218],[79.783,13.228],[79.753,13.244],[79.722,13.266],[79.721,13.272],[79.746,13.28],[79.754,13.303],[79.78,13.282],[79.787,13.285],[79.8,13.304],[79.824,13.302],[79.851,13.303],[79.859,13.314],[79.871,13.312],[79.904,13.333],[79.911,13.344],[79.926,13.336],[79.954,13.374],[79.95,13.382],[79.936,13.385],[79.932,13.404],[79.951,13.408],[79.963,13.418],[79.962,13.451],[79.987,13.462],[79.995,13.459],[80.006,13.488],[80.036,13.484],[80.037,13.499],[80.019,13.502],[80.006,13.515],[79.99,13.51],[79.99,13.527],[80.008,13.532],[80.018,13.525],[80.045,13.522],[80.051,13.531],[80.069,13.538],[80.076,13.527],[80.079,13.529],[80.089,13.526],[80.096,13.51],[80.1,13.505],[80.121,13.502],[80.133,13.496],[80.135,13.492],[80.145,13.485],[80.151,13.48],[80.152,13.479],[80.157,13.479],[80.163,13.478],[80.194,13.476],[80.216,13.482],[80.23,13.477],[80.246,13.465],[80.26,13.447],[80.268,13.414],[80.278,13.408],[80.276,13.389],[80.315,13.371],[80.313,13.428],[80.295,13.427],[80.274,13.445],[80.262,13.473],[80.247,13.473],[80.237,13.484],[80.209,13.487],[80.177,13.495],[80.162,13.49],[80.147,13.498],[80.138,13.512],[80.109,13.519],[80.086,13.552],[80.073,13.558],[80.067,13.573],[80.053,13.583],[80.072,13.608],[80.072,13.635],[80.089,13.654],[80.103,13.654],[80.108,13.675],[80.125,13.67],[80.108,13.654],[80.109,13.642],[80.126,13.612],[80.139,13.613],[80.147,13.662],[80.143,13.671],[80.142,13.694],[80.154,13.703],[80.167,13.687],[80.187,13.67],[80.188,13.648],[80.194,13.638],[80.214,13.627],[80.225,13.609],[80.24,13.598],[80.244,13.585],[80.264,13.561],[80.265,13.549],[80.273,13.517],[80.282,13.5],[80.281,13.489],[80.288,13.474],[80.286,13.464],[80.293,13.447],[80.306,13.434],[80.315,13.445],[80.308,13.467],[80.301,13.473],[80.283,13.527],[80.271,13.557],[80.243,13.614],[80.235,13.65],[80.233,13.67],[80.236,13.713],[80.252,13.783],[80.245,13.82],[80.235,13.832],[80.22,13.877],[80.195,13.925],[80.187,13.95],[80.172,13.984],[80.158,14],[80.155,14.019],[80.148,14.028],[80.133,14.1],[80.127,14.166],[80.129,14.213],[80.138,14.27],[80.147,14.3],[80.17,14.361],[80.173,14.426],[80.18,14.512],[80.182,14.53],[80.198,14.58],[80.197,14.593],[80.173,14.609],[80.166,14.622],[80.144,14.701],[80.13,14.723],[80.112,14.744],[80.102,14.767],[80.093,14.805],[80.087,14.822],[80.086,14.871],[80.083,14.889],[80.069,14.927],[80.055,14.999],[80.051,15.028],[80.048,15.089],[80.052,15.11],[80.066,15.157],[80.083,15.195],[80.088,15.219],[80.083,15.262],[80.097,15.313],[80.105,15.328],[80.11,15.346],[80.127,15.376],[80.15,15.405],[80.174,15.432],[80.201,15.465],[80.211,15.494],[80.202,15.495],[80.216,15.517],[80.228,15.542],[80.226,15.553],[80.237,15.601],[80.245,15.622],[80.27,15.673],[80.312,15.721],[80.34,15.747],[80.384,15.778],[80.45,15.815],[80.509,15.84],[80.567,15.861],[80.61,15.872],[80.644,15.878],[80.686,15.882],[80.712,15.88],[80.747,15.872],[80.786,15.86],[80.806,15.842],[80.812,15.832],[80.811,15.816],[80.796,15.817],[80.794,15.808],[80.812,15.76],[80.815,15.742],[80.803,15.744],[80.822,15.713],[80.838,15.709],[80.856,15.71],[80.917,15.72],[80.93,15.724],[80.938,15.718],[80.966,15.731],[80.998,15.75],[81.006,15.758],[81.006,15.781],[80.995,15.803],[80.998,15.83],[81.011,15.84],[81.02,15.857],[81.049,15.885],[81.068,15.91],[81.088,15.93],[81.128,15.963],[81.133,15.974],[81.146,15.974],[81.14,15.998],[81.141,16.018],[81.152,16.035],[81.189,16.103],[81.202,16.147],[81.205,16.176],[81.218,16.21],[81.243,16.25],[81.269,16.279],[81.283,16.291],[81.319,16.313],[81.339,16.322],[81.393,16.342],[81.438,16.35],[81.47,16.353],[81.509,16.352],[81.543,16.358],[81.561,16.345],[81.58,16.344],[81.648,16.334],[81.687,16.332],[81.711,16.32],[81.719,16.312],[81.733,16.316],[81.774,16.334],[81.842,16.37],[81.892,16.386],[81.925,16.394],[81.945,16.395],[81.978,16.411],[82.03,16.438],[82.073,16.463],[82.222,16.537],[82.26,16.551],[82.273,16.56],[82.279,16.572],[82.29,16.571],[82.3,16.592],[82.278,16.636],[82.262,16.641],[82.254,16.653],[82.261,16.667],[82.258,16.69],[82.247,16.691],[82.215,16.71],[82.194,16.708],[82.179,16.716],[82.197,16.736],[82.21,16.731],[82.22,16.718],[82.264,16.719],[82.281,16.723],[82.289,16.741],[82.298,16.74],[82.303,16.723],[82.3,16.714]]]]},"properties":{"ID_0":105,"ISO":"IND","NAME_0":"India","ID_1":2,"NAME_1":"Andhra Pradesh","NL_NAME_1":null,"VARNAME_1":null,"TYPE_1":"State","ENGTYPE_1":"State"}},
{"type":"Feature","geometry":{"type":"Polygon","coordinates":[[[95.238,26.686],[95.244,26.694],[95.26,26.686],[95.262,26.674],[95.272,26.663],[95.293,26.661],[95.303,26.656],[95.318,26.667],[95.347,26.678],[95.366,26.678],[95.384,26.688],[95.406,26.697],[95.423,26.697],[95.435,26.708],[95.442,26.723],[95.454,26.732],[95.466,26.75],[95.483,26.755],[95.502,26.783],[95.515,26.813],[95.533,26.831],[95.546,26.838],[95.563,26.837],[95.575,26.826],[95.612,26.821],[95.632,26.849],[95.637,26.879],[95.651,26.884],[95.663,26.905],[95.673,26.91],[95.699,26.895],[95.703,26.887],[95.721,26.884],[95.731,26.887],[95.755,26.908],[95.753,26.93],[95.764,26.945],[95.761,26.964],[95.78,26.99],[95.815,27.022],[95.838,27.015],[95.858,27.022],[95.877,27.02],[95.901,27.032],[95.916,27.045],[95.936,27.053],[95.957,27.068],[95.979,27.111],[95.99,27.125],[96.017,27.155],[96.03,27.188],[96.036,27.196],[96.057,27.203],[96.069,27.213],[96.086,27.217],[96.099,27.231],[96.115,27.233],[96.164,27.254],[96.182,27.254],[96.196,27.265],[96.218,27.27],[96.234,27.285],[96.267,27.278],[96.279,27.279],[96.29,27.294],[96.311,27.302],[96.336,27.296],[96.348,27.288],[96.364,27.3],[96.392,27.295],[96.416,27.3],[96.433,27.31],[96.462,27.309],[96.471,27.312],[96.486,27.305],[96.5,27.309],[96.531,27.298],[96.562,27.325],[96.575,27.329],[96.601,27.345],[96.598,27.356],[96.62,27.373],[96.646,27.368],[96.67,27.372],[96.694,27.366],[96.713,27.381],[96.741,27.364],[96.773,27.365],[96.802,27.354],[96.817,27.33],[96.836,27.311],[96.85,27.306],[96.856,27.28],[96.866,27.269],[96.885,27.268],[96.893,27.248],[96.89,27.237],[96.863,27.219],[96.866,27.2],[96.903,27.181],[96.918,27.175],[96.955,27.174],[96.985,27.167],[96.999,27.154],[97.03,27.142],[97.063,27.111],[97.079,27.11],[97.109,27.121],[97.131,27.104],[97.146,27.103],[97.156,27.126],[97.172,27.137],[97.167,27.155],[97.156,27.162],[97.15,27.178],[97.127,27.185],[97.117,27.209],[97.095,27.221],[97.094,27.248],[97.082,27.254],[97.044,27.29],[97.04,27.308],[97.003,27.33],[96.997,27.355],[96.985,27.363],[96.982,27.374],[96.969,27.386],[96.976,27.396],[96.966,27.415],[96.941,27.427],[96.933,27.451],[96.912,27.463],[96.914,27.488],[96.934,27.516],[96.938,27.53],[96.925,27.551],[96.916,27.558],[96.914,27.588],[96.899,27.594],[96.898,27.621],[96.919,27.631],[96.929,27.656],[96.942,27.667],[96.959,27.674],[96.978,27.672],[96.985,27.691],[97.003,27.71],[97.016,27.741],[97.037,27.752],[97.048,27.749],[97.068,27.76],[97.096,27.75],[97.105,27.775],[97.102,27.793],[97.124,27.799],[97.137,27.815],[97.16,27.823],[97.168,27.836],[97.182,27.842],[97.203,27.864],[97.237,27.89],[97.256,27.91],[97.309,27.93],[97.324,27.912],[97.321,27.89],[97.344,27.894],[97.365,27.885],[97.389,27.896],[97.379,27.918],[97.388,27.931],[97.376,27.944],[97.378,27.986],[97.391,28.012],[97.412,28.015],[97.415,28.024],[97.399,28.034],[97.377,28.039],[97.368,28.052],[97.366,28.068],[97.332,28.065],[97.312,28.07],[97.31,28.093],[97.339,28.12],[97.34,28.125],[97.325,28.148],[97.331,28.163],[97.372,28.2],[97.392,28.191],[97.401,28.201],[97.375,28.226],[97.351,28.234],[97.334,28.248],[97.313,28.252],[97.306,28.264],[97.282,28.276],[97.268,28.278],[97.241,28.275],[97.224,28.3],[97.193,28.294],[97.169,28.302],[97.159,28.327],[97.126,28.356],[97.093,28.37],[97.066,28.36],[97.052,28.358],[97.023,28.326],[96.996,28.316],[96.974,28.324],[96.953,28.34],[96.926,28.345],[96.92,28.363],[96.899,28.386],[96.862,28.378],[96.852,28.368],[96.826,28.367],[96.783,28.37],[96.774,28.374],[96.757,28.415],[96.734,28.431],[96.717,28.433],[96.681,28.451],[96.665,28.466],[96.639,28.464],[96.599,28.466],[96.58,28.463],[96.56,28.453],[96.551,28.442],[96.534,28.435],[96.51,28.418],[96.48,28.425],[96.458,28.419],[96.432,28.392],[96.423,28.351],[96.399,28.344],[96.392,28.363],[96.38,28.364],[96.371,28.394],[96.32,28.386],[96.305,28.405],[96.267,28.41],[96.266,28.417],[96.297,28.439],[96.335,28.463],[96.341,28.47],[96.367,28.48],[96.372,28.497],[96.361,28.51],[96.324,28.53],[96.355,28.561],[96.371,28.564],[96.401,28.562],[96.407,28.594],[96.423,28.585],[96.444,28.606],[96.473,28.622],[96.494,28.638],[96.495,28.644],[96.471,28.685],[96.491,28.688],[96.508,28.701],[96.532,28.711],[96.56,28.712],[96.586,28.722],[96.616,28.765],[96.616,28.779],[96.608,28.798],[96.595,28.815],[96.584,28.822],[96.563,28.848],[96.547,28.875],[96.537,28.884],[96.539,28.921],[96.524,28.948],[96.521,28.965],[96.488,28.965],[96.477,28.994],[96.489,29.01],[96.525,29.079],[96.477,29.06],[96.459,29.046],[96.436,29.038],[96.347,29.032],[96.322,29.013],[96.294,28.999],[96.282,28.984],[96.256,28.959],[96.248,28.943],[96.228,28.929],[96.167,28.906],[96.163,28.922],[96.145,28.937],[96.155,28.956],[96.18,28.969],[96.185,28.988],[96.165,29.02],[96.161,29.037],[96.15,29.053],[96.124,29.081],[96.17,29.088],[96.2,29.106],[96.217,29.138],[96.228,29.146],[96.249,29.15],[96.26,29.16],[96.291,29.162],[96.308,29.168],[96.346,29.171],[96.358,29.182],[96.371,29.218],[96.388,29.234],[96.393,29.257],[96.375,29.284],[96.363,29.286],[96.345,29.267],[96.313,29.259],[96.293,29.236],[96.266,29.237],[96.251,29.233],[96.234,29.243],[96.226,29.26],[96.21,29.275],[96.203,29.294],[96.183,29.309],[96.186,29.344],[96.175,29.365],[96.158,29.383],[96.15,29.399],[96.113,29.428],[96.093,29.456],[96.081,29.463],[96.056,29.458],[96.035,29.443],[96.015,29.421],[95.993,29.41],[95.957,29.383],[95.881,29.391],[95.859,29.368],[95.84,29.354],[95.827,29.356],[95.803,29.339],[95.791,29.338],[95.778,29.356],[95.745,29.329],[95.743,29.316],[95.727,29.302],[95.702,29.3],[95.692,29.287],[95.673,29.271],[95.631,29.249],[95.605,29.262],[95.599,29.262],[95.588,29.242],[95.586,29.218],[95.545,29.216],[95.537,29.208],[95.545,29.181],[95.547,29.129],[95.504,29.143],[95.496,29.14],[95.492,29.124],[95.489,29.09],[95.483,29.071],[95.474,29.066],[95.454,29.037],[95.422,29.041],[95.41,29.034],[95.345,29.046],[95.303,29.063],[95.267,29.058],[95.25,29.069],[95.248,29.094],[95.251,29.11],[95.197,29.108],[95.178,29.109],[95.146,29.116],[95.122,29.116],[95.114,29.121],[95.098,29.144],[95.04,29.152],[95.005,29.17],[94.992,29.166],[95.01,29.152],[95.026,29.134],[95.011,29.133],[94.995,29.141],[94.968,29.16],[94.919,29.162],[94.872,29.184],[94.847,29.183],[94.809,29.167],[94.798,29.165],[94.793,29.18],[94.798,29.21],[94.791,29.226],[94.767,29.253],[94.748,29.266],[94.737,29.282],[94.711,29.304],[94.677,29.328],[94.641,29.347],[94.628,29.349],[94.619,29.313],[94.611,29.301],[94.574,29.275],[94.572,29.251],[94.558,29.229],[94.533,29.219],[94.494,29.217],[94.431,29.227],[94.414,29.213],[94.372,29.19],[94.364,29.157],[94.35,29.15],[94.298,29.151],[94.288,29.148],[94.258,29.117],[94.215,29.084],[94.185,29.039],[94.172,29.008],[94.173,28.992],[94.158,28.974],[94.155,28.955],[94.136,28.94],[94.079,28.906],[94.044,28.874],[94.03,28.853],[94.015,28.851],[93.995,28.841],[94,28.82],[93.986,28.807],[93.985,28.798],[94.002,28.784],[94.001,28.776],[93.969,28.751],[93.966,28.723],[93.957,28.705],[93.935,28.677],[93.92,28.67],[93.904,28.677],[93.865,28.704],[93.844,28.707],[93.819,28.695],[93.785,28.671],[93.775,28.669],[93.732,28.689],[93.7,28.68],[93.686,28.679],[93.639,28.662],[93.607,28.656],[93.524,28.661],[93.518,28.674],[93.496,28.684],[93.479,28.675],[93.474,28.654],[93.467,28.652],[93.457,28.668],[93.446,28.676],[93.43,28.662],[93.412,28.653],[93.39,28.649],[93.332,28.634],[93.328,28.608],[93.3,28.6],[93.298,28.592],[93.305,28.566],[93.289,28.543],[93.276,28.505],[93.229,28.478],[93.208,28.452],[93.183,28.44],[93.19,28.426],[93.226,28.408],[93.232,28.401],[93.219,28.361],[93.223,28.341],[93.207,28.323],[93.194,28.318],[93.155,28.318],[93.125,28.327],[93.095,28.307],[93.072,28.309],[93.046,28.302],[93.022,28.3],[93.034,28.263],[93,28.231],[92.99,28.234],[92.986,28.251],[92.965,28.262],[92.913,28.235],[92.905,28.215],[92.895,28.205],[92.84,28.179],[92.821,28.174],[92.819,28.197],[92.8,28.202],[92.783,28.184],[92.737,28.152],[92.705,28.137],[92.68,28.118],[92.663,28.063],[92.681,28.059],[92.695,28.048],[92.721,28.016],[92.728,28.001],[92.739,27.989],[92.73,27.972],[92.701,27.934],[92.669,27.9],[92.62,27.884],[92.605,27.878],[92.586,27.857],[92.561,27.821],[92.544,27.817],[92.515,27.84],[92.493,27.837],[92.455,27.803],[92.444,27.801],[92.414,27.823],[92.383,27.816],[92.38,27.795],[92.35,27.791],[92.316,27.778],[92.307,27.779],[92.285,27.808],[92.267,27.854],[92.255,27.862],[92.234,27.863],[92.2,27.857],[92.156,27.837],[92.12,27.811],[92.085,27.78],[92.055,27.759],[92.038,27.757],[91.984,27.77],[91.966,27.751],[91.956,27.751],[91.945,27.729],[91.919,27.715],[91.908,27.726],[91.879,27.722],[91.87,27.734],[91.861,27.737],[91.845,27.776],[91.833,27.78],[91.828,27.808],[91.815,27.803],[91.804,27.809],[91.771,27.801],[91.746,27.803],[91.71,27.813],[91.694,27.822],[91.669,27.857],[91.642,27.854],[91.622,27.858],[91.607,27.854],[91.594,27.862],[91.584,27.856],[91.57,27.861],[91.546,27.847],[91.565,27.815],[91.599,27.821],[91.628,27.801],[91.631,27.772],[91.64,27.758],[91.63,27.747],[91.624,27.706],[91.61,27.693],[91.592,27.683],[91.59,27.672],[91.567,27.652],[91.558,27.633],[91.563,27.62],[91.576,27.608],[91.577,27.6],[91.562,27.584],[91.581,27.562],[91.594,27.54],[91.609,27.542],[91.621,27.513],[91.644,27.499],[91.653,27.483],[91.69,27.503],[91.711,27.491],[91.714,27.474],[91.733,27.47],[91.757,27.473],[91.774,27.465],[91.809,27.473],[91.828,27.469],[91.849,27.483],[91.863,27.482],[91.872,27.473],[91.891,27.473],[91.899,27.468],[91.923,27.471],[91.939,27.461],[91.965,27.467],[91.979,27.465],[91.989,27.474],[92.011,27.482],[92.019,27.48],[92.017,27.458],[92.024,27.442],[92.039,27.437],[92.042,27.413],[92.054,27.4],[92.046,27.379],[92.048,27.358],[92.06,27.345],[92.059,27.327],[92.078,27.31],[92.117,27.293],[92.119,27.276],[92.102,27.269],[92.07,27.277],[92.049,27.272],[92.04,27.262],[92.066,27.245],[92.07,27.224],[92.057,27.203],[92.056,27.19],[92.025,27.172],[92.024,27.154],[92.036,27.138],[92.022,27.115],[92.028,27.097],[92.028,27.079],[92.045,27.052],[92.064,27.052],[92.077,27.04],[92.08,27.021],[92.103,27.008],[92.102,26.983],[92.113,26.976],[92.117,26.96],[92.112,26.949],[92.117,26.932],[92.109,26.907],[92.108,26.894],[92.12,26.89],[92.162,26.893],[92.195,26.891],[92.255,26.912],[92.276,26.902],[92.304,26.91],[92.303,26.924],[92.353,26.936],[92.4,26.926],[92.412,26.944],[92.426,26.943],[92.446,26.961],[92.505,26.967],[92.554,26.959],[92.585,26.962],[92.645,26.987],[92.645,27.01],[92.659,27.039],[92.714,27.026],[92.769,27.033],[92.785,27.031],[92.837,27.014],[92.872,27.008],[92.9,26.996],[92.917,26.985],[92.918,26.964],[92.997,26.93],[93.019,26.917],[93.038,26.918],[93.069,26.924],[93.092,26.916],[93.109,26.927],[93.184,26.939],[93.222,26.949],[93.267,26.956],[93.348,26.963],[93.437,26.956],[93.448,26.954],[93.468,26.939],[93.489,26.939],[93.526,26.949],[93.571,26.954],[93.584,26.953],[93.624,26.964],[93.655,26.966],[93.676,26.971],[93.701,26.997],[93.706,27.008],[93.719,27.019],[93.768,27.043],[93.768,27.056],[93.787,27.054],[93.81,27.068],[93.819,27.065],[93.837,27.078],[93.827,27.099],[93.825,27.119],[93.815,27.123],[93.806,27.135],[93.807,27.15],[93.827,27.169],[93.84,27.173],[93.867,27.199],[93.901,27.242],[93.939,27.273],[93.957,27.295],[93.981,27.314],[94,27.335],[94.061,27.364],[94.086,27.405],[94.107,27.418],[94.117,27.431],[94.141,27.448],[94.16,27.466],[94.157,27.478],[94.175,27.484],[94.195,27.497],[94.212,27.498],[94.222,27.507],[94.259,27.523],[94.257,27.557],[94.241,27.57],[94.226,27.576],[94.223,27.601],[94.214,27.604],[94.235,27.633],[94.263,27.636],[94.267,27.628],[94.254,27.614],[94.288,27.592],[94.298,27.604],[94.312,27.59],[94.345,27.585],[94.367,27.577],[94.388,27.589],[94.403,27.587],[94.421,27.601],[94.436,27.584],[94.453,27.571],[94.46,27.558],[94.479,27.577],[94.5,27.577],[94.516,27.585],[94.526,27.596],[94.546,27.604],[94.574,27.607],[94.591,27.623],[94.609,27.623],[94.625,27.63],[94.64,27.631],[94.648,27.642],[94.669,27.65],[94.683,27.65],[94.684,27.663],[94.698,27.667],[94.713,27.66],[94.721,27.67],[94.743,27.663],[94.76,27.668],[94.767,27.68],[94.791,27.689],[94.795,27.698],[94.821,27.696],[94.849,27.711],[94.854,27.732],[94.861,27.739],[94.884,27.742],[94.93,27.757],[94.987,27.771],[94.998,27.777],[95.019,27.772],[95.039,27.778],[95.052,27.79],[95.195,27.834],[95.237,27.848],[95.317,27.871],[95.384,27.842],[95.516,27.882],[95.526,27.898],[95.544,27.902],[95.544,27.913],[95.565,27.923],[95.571,27.942],[95.589,27.942],[95.607,27.958],[95.826,27.977],[95.957,27.969],[95.977,27.969],[95.952,27.942],[95.955,27.927],[95.938,27.903],[95.925,27.901],[95.923,27.886],[95.907,27.869],[95.895,27.867],[95.892,27.857],[95.877,27.842],[95.852,27.834],[95.843,27.821],[95.823,27.809],[95.801,27.777],[95.781,27.758],[95.788,27.742],[95.758,27.731],[95.77,27.72],[95.773,27.7],[95.793,27.692],[95.78,27.679],[95.779,27.661],[95.801,27.649],[95.797,27.636],[95.787,27.632],[95.798,27.608],[95.824,27.603],[95.821,27.582],[95.832,27.579],[95.84,27.567],[95.852,27.566],[95.862,27.553],[95.881,27.553],[95.878,27.52],[95.89,27.506],[95.88,27.501],[95.876,27.471],[95.859,27.463],[95.864,27.452],[95.853,27.445],[95.849,27.43],[95.865,27.429],[95.883,27.444],[95.9,27.411],[95.911,27.44],[95.933,27.447],[95.953,27.443],[95.953,27.433],[95.973,27.437],[96.001,27.403],[96,27.398],[96.015,27.375],[96.013,27.364],[95.997,27.363],[95.994,27.351],[95.97,27.337],[95.963,27.317],[95.941,27.31],[95.906,27.292],[95.898,27.264],[95.872,27.267],[95.861,27.28],[95.86,27.294],[95.81,27.281],[95.807,27.288],[95.785,27.279],[95.757,27.274],[95.732,27.267],[95.725,27.259],[95.702,27.256],[95.684,27.257],[95.637,27.237],[95.59,27.23],[95.574,27.251],[95.535,27.271],[95.487,27.246],[95.481,27.232],[95.459,27.21],[95.469,27.191],[95.468,27.172],[95.459,27.163],[95.466,27.155],[95.458,27.136],[95.42,27.131],[95.406,27.118],[95.386,27.112],[95.373,27.102],[95.366,27.113],[95.349,27.105],[95.31,27.081],[95.278,27.057],[95.278,27.05],[95.248,27.03],[95.238,27.043],[95.226,27.042],[95.214,27.033],[95.196,27.043],[95.2,27.006],[95.195,26.99],[95.215,26.97],[95.207,26.963],[95.217,26.934],[95.226,26.934],[95.234,26.921],[95.23,26.886],[95.213,26.886],[95.185,26.865],[95.199,26.84],[95.207,26.812],[95.215,26.798],[95.243,26.785],[95.219,26.756],[95.216,26.735],[95.236,26.712],[95.238,26.686]]]},"properties":{"ID_0":105,"ISO":"IND","NAME_0":"India","ID_1":3,"NAME_1":"Arunachal Pradesh","NL_NAME_1":null,"VARNAME_1":"Agence de la Frontire du Nord-Est(French-obsolete)|North East Frontier Agency","TYPE_1":"State","ENGTYPE_1":"State"}},
{"type":"Feature","geometry":{"type":"MultiPolygon","coordinates":[[[[89.871,25.537],[89.858,25.535],[89.863,25.517],[89.855,25.476],[89.869,25.476],[89.88,25.489],[89.874,25.514],[89.876,25.529],[89.871,25.537]]],[[[95.196,27.043],[95.214,27.033],[95.226,27.042],[95.238,27.043],[95.248,27.03],[95.278,27.05],[95.278,27.057],[95.31,27.081],[95.349,27.105],[95.366,27.113],[95.373,27.102],[95.386,27.112],[95.406,27.118],[95.42,27.131],[95.458,27.136],[95.466,27.155],[95.459,27.163],[95.468,27.172],[95.469,27.191],[95.459,27.21],[95.481,27.232],[95.487,27.246],[95.535,27.271],[95.574,27.251],[95.59,27.23],[95.637,27.237],[95.684,27.257],[95.702,27.256],[95.725,27.259],[95.732,27.267],[95.757,27.274],[95.785,27.279],[95.807,27.288],[95.81,27.281],[95.86,27.294],[95.861,27.28],[95.872,27.267],[95.898,27.264],[95.906,27.292],[95.941,27.31],[95.963,27.317],[95.97,27.337],[95.994,27.351],[95.997,27.363],[96.013,27.364],[96.015,27.375],[96,27.398],[96.001,27.403],[95.973,27.437],[95.953,27.433],[95.953,27.443],[95.933,27.447],[95.911,27.44],[95.9,27.411],[95.883,27.444],[95.865,27.429],[95.849,27.43],[95.853,27.445],[95.864,27.452],[95.859,27.463],[95.876,27.471],[95.88,27.501],[95.89,27.506],[95.878,27.52],[95.881,27.553],[95.862,27.553],[95.852,27.566],[95.84,27.567],[95.832,27.579],[95.821,27.582],[95.824,27.603],[95.798,27.608],[95.787,27.632],[95.797,27.636],[95.801,27.649],[95.779,27.661],[95.78,27.679],[95.793,27.692],[95.773,27.7],[95.77,27.72],[95.758,27.731],[95.788,27.742],[95.781,27.758],[95.801,27.777],[95.823,27.809],[95.843,27.821],[95.852,27.834],[95.877,27.842],[95.892,27.857],[95.895,27.867],[95.907,27.869],[95.923,27.886],[95.925,27.901],[95.938,27.903],[95.955,27.927],[95.952,27.942],[95.977,27.969],[95.957,27.969],[95.826,27.977],[95.607,27.958],[95.589,27.942],[95.571,27.942],[95.565,27.923],[95.544,27.913],[95.544,27.902],[95.526,27.898],[95.516,27.882],[95.384,27.842],[95.317,27.871],[95.237,27.848],[95.195,27.834],[95.052,27.79],[95.039,27.778],[95.019,27.772],[94.998,27.777],[94.987,27.771],[94.93,27.757],[94.884,27.742],[94.861,27.739],[94.854,27.732],[94.849,27.711],[94.821,27.696],[94.795,27.698],[94.791,27.689],[94.767,27.68],[94.76,27.668],[94.743,27.663],[94.721,27.67],[94.713,27.66],[94.698,27.667],[94.684,27.663],[94.683,27.65],[94.669,27.65],[94.648,27.642],[94.64,27.631],[94.625,27.63],[94.609,27.623],[94.591,27.623],[94.574,27.607],[94.546,27.604],[94.526,27.596],[94.516,27.585],[94.5,27.577],[94.479,27.577],[94.46,27.558],[94.453,27.571],[94.436,27.584],[94.421,27.601],[94.403,27.587],[94.388,27.589],[94.367,27.577],[94.345,27.585],[94.312,27.59],[94.298,27.604],[94.288,27.592],[94.254,27.614],[94.267,27.628],[94.263,27.636],[94.235,27.633],[94.214,27.604],[94.223,27.601],[94.226,27.576],[94.241,27.57],[94.257,27.557],[94.259,27.523],[94.222,27.507],[94.212,27.498],[94.195,27.497],[94.175,27.484],[94.157,27.478],[94.16,27.466],[94.141,27.448],[94.117,27.431],[94.107,27.418],[94.086,27.405],[94.061,27.364],[94,27.335],[93.981,27.314],[93.957,27.295],[93.939,27.273],[93.901,27.242],[93.867,27.199],[93.84,27.173],[93.827,27.169],[93.807,27.15],[93.806,27.135],[93.815,27.123],[93.825,27.119],[93.827,27.099],[93.837,27.078],[93.819,27.065],[93.81,27.068],[93.787,27.054],[93.768,27.056],[93.768,27.043],[93.719,27.019],[93.706,27.008],[93.701,26.997],[93.676,26.971],[93.655,26.966],[93.624,26.964],[93.584,26.953],[93.571,26.954],[93.526,26.949],[93.489,26.939],[93.468,26.939],[93.448,26.954],[93.437,26.956],[93.348,26.963],[93.267,26.956],[93.222,26.949],[93.184,26.939],[93.109,26.927],[93.092,26.916],[93.069,26.924],[93.038,26.918],[93.019,26.917],[92.997,26.93],[92.918,26.964],[92.917,26.985],[92.9,26.996],[92.872,27.008],[92.837,27.014],[92.785,27.031],[92.769,27.033],[92.714,27.026],[92.659,27.039],[92.645,27.01],[92.645,26.987],[92.585,26.962],[92.554,26.959],[92.505,26.967],[92.446,26.961],[92.426,26.943],[92.412,26.944],[92.4,26.926],[92.353,26.936],[92.303,26.924],[92.304,26.91],[92.276,26.902],[92.255,26.912],[92.195,26.891],[92.162,26.893],[92.12,26.89],[92.108,26.894],[92.099,26.882],[92.097,26.869],[92.055,26.848],[92.017,26.851],[91.986,26.858],[91.96,26.878],[91.954,26.888],[91.897,26.916],[91.853,26.912],[91.832,26.876],[91.802,26.852],[91.727,26.813],[91.697,26.812],[91.679,26.805],[91.654,26.815],[91.624,26.821],[91.591,26.805],[91.493,26.79],[91.478,26.792],[91.408,26.836],[91.402,26.835],[91.38,26.801],[91.336,26.78],[91.295,26.785],[91.262,26.805],[91.237,26.809],[91.202,26.809],[91.18,26.811],[91.13,26.808],[91.089,26.818],[91.076,26.8],[91.054,26.779],[91.041,26.779],[90.996,26.788],[90.976,26.785],[90.897,26.779],[90.871,26.78],[90.802,26.774],[90.741,26.775],[90.734,26.769],[90.7,26.768],[90.679,26.78],[90.649,26.774],[90.63,26.792],[90.602,26.798],[90.564,26.8],[90.454,26.872],[90.422,26.898],[90.41,26.902],[90.355,26.896],[90.346,26.876],[90.312,26.851],[90.29,26.848],[90.262,26.855],[90.226,26.858],[90.215,26.854],[90.195,26.833],[90.183,26.804],[90.189,26.771],[90.128,26.749],[90.055,26.729],[90.02,26.731],[90.002,26.734],[89.985,26.727],[89.958,26.723],[89.889,26.724],[89.862,26.737],[89.858,26.731],[89.857,26.704],[89.871,26.684],[89.868,26.657],[89.874,26.644],[89.857,26.632],[89.862,26.615],[89.877,26.613],[89.872,26.595],[89.878,26.584],[89.862,26.578],[89.865,26.57],[89.862,26.53],[89.854,26.521],[89.853,26.488],[89.87,26.464],[89.869,26.448],[89.855,26.434],[89.845,26.41],[89.833,26.412],[89.831,26.39],[89.853,26.396],[89.857,26.384],[89.841,26.378],[89.828,26.381],[89.827,26.367],[89.804,26.362],[89.782,26.353],[89.781,26.331],[89.762,26.317],[89.752,26.322],[89.751,26.306],[89.759,26.293],[89.757,26.289],[89.746,26.291],[89.721,26.296],[89.723,26.308],[89.716,26.302],[89.721,26.288],[89.737,26.271],[89.734,26.266],[89.732,26.26],[89.717,26.259],[89.711,26.265],[89.701,26.261],[89.711,26.258],[89.716,26.255],[89.716,26.246],[89.729,26.238],[89.718,26.232],[89.712,26.228],[89.706,26.217],[89.7,26.219],[89.698,26.216],[89.715,26.215],[89.724,26.217],[89.726,26.206],[89.714,26.206],[89.716,26.191],[89.711,26.189],[89.695,26.189],[89.703,26.177],[89.707,26.173],[89.717,26.177],[89.734,26.175],[89.733,26.173],[89.719,26.166],[89.723,26.155],[89.748,26.158],[89.757,26.14],[89.771,26.124],[89.761,26.112],[89.79,26.1],[89.786,26.088],[89.799,26.084],[89.796,26.074],[89.803,26.058],[89.791,26.056],[89.793,26.035],[89.815,26.041],[89.826,26.009],[89.826,25.982],[89.839,25.985],[89.834,25.997],[89.847,26.005],[89.853,25.988],[89.874,25.978],[89.874,25.971],[89.841,25.964],[89.85,25.955],[89.83,25.949],[89.832,25.941],[89.854,25.94],[89.886,25.944],[89.881,25.919],[89.852,25.889],[89.831,25.853],[89.831,25.838],[89.815,25.817],[89.829,25.809],[89.844,25.768],[89.845,25.757],[89.83,25.735],[89.838,25.712],[89.855,25.709],[89.854,25.684],[89.868,25.661],[89.874,25.658],[89.885,25.63],[89.886,25.608],[89.878,25.585],[89.877,25.566],[89.87,25.544],[89.878,25.549],[89.886,25.558],[89.918,25.563],[89.973,25.575],[89.979,25.591],[89.995,25.586],[90.006,25.588],[90.018,25.608],[90.005,25.624],[89.999,25.622],[89.983,25.627],[89.98,25.638],[89.947,25.659],[89.942,25.678],[89.932,25.69],[89.919,25.703],[89.913,25.707],[89.894,25.727],[89.899,25.744],[89.916,25.739],[89.934,25.745],[89.934,25.753],[89.955,25.774],[89.953,25.783],[89.952,25.811],[89.946,25.816],[89.946,25.82],[89.951,25.825],[89.968,25.826],[89.976,25.834],[90.002,25.842],[89.997,25.844],[90.012,25.85],[90.022,25.866],[90.019,25.871],[90.014,25.872],[90.005,25.879],[90.015,25.889],[90.028,25.894],[90.042,25.891],[90.052,25.899],[90.059,25.91],[90.063,25.916],[90.072,25.919],[90.078,25.918],[90.081,25.925],[90.092,25.929],[90.096,25.94],[90.101,25.942],[90.114,25.957],[90.176,25.957],[90.186,25.946],[90.194,25.957],[90.213,25.954],[90.287,25.964],[90.324,25.974],[90.33,25.989],[90.347,26.003],[90.365,26.01],[90.396,26.014],[90.411,26.006],[90.417,25.992],[90.429,25.989],[90.458,26],[90.477,26.015],[90.506,25.996],[90.514,25.982],[90.534,25.958],[90.532,25.933],[90.519,25.909],[90.525,25.901],[90.553,25.929],[90.571,25.939],[90.579,25.958],[90.602,25.952],[90.629,25.937],[90.608,25.92],[90.614,25.9],[90.625,25.899],[90.627,25.917],[90.638,25.923],[90.676,25.936],[90.686,25.951],[90.713,25.952],[90.725,25.949],[90.747,25.957],[90.74,25.941],[90.744,25.933],[90.741,25.915],[90.778,25.908],[90.782,25.921],[90.797,25.941],[90.82,25.948],[90.87,25.942],[90.883,25.952],[90.901,25.93],[90.919,25.913],[90.916,25.943],[90.946,25.939],[90.958,25.934],[90.967,25.905],[90.967,25.887],[90.985,25.89],[91.014,25.884],[91.029,25.888],[91.027,25.867],[91.013,25.857],[91.002,25.826],[91.021,25.823],[91.049,25.849],[91.066,25.846],[91.067,25.826],[91.081,25.829],[91.121,25.831],[91.132,25.842],[91.153,25.85],[91.179,25.843],[91.193,25.855],[91.203,25.841],[91.188,25.816],[91.191,25.811],[91.18,25.776],[91.189,25.763],[91.189,25.739],[91.198,25.731],[91.224,25.723],[91.255,25.748],[91.276,25.747],[91.297,25.778],[91.306,25.796],[91.332,25.832],[91.349,25.84],[91.413,25.854],[91.424,25.854],[91.441,25.842],[91.469,25.859],[91.483,25.891],[91.501,25.898],[91.511,25.915],[91.502,25.921],[91.52,25.941],[91.519,25.958],[91.537,25.962],[91.551,25.975],[91.565,26.002],[91.57,26.027],[91.588,26.03],[91.597,26.021],[91.62,26.027],[91.632,26.022],[91.633,26.005],[91.625,25.986],[91.638,25.965],[91.63,25.945],[91.611,25.94],[91.648,25.914],[91.669,25.905],[91.72,25.954],[91.72,25.978],[91.723,26.03],[91.731,26.059],[91.759,26.071],[91.779,26.091],[91.79,26.087],[91.802,26.105],[91.819,26.119],[91.876,26.098],[91.869,26.057],[91.883,26.03],[91.907,26.027],[91.917,26.021],[91.916,26.01],[91.926,26],[91.934,26.015],[91.946,26.014],[91.978,26.026],[91.991,26.041],[92.003,26.038],[92.036,26.039],[92.053,26.033],[92.093,26.049],[92.109,26.05],[92.133,26.046],[92.151,26.065],[92.178,26.08],[92.189,26.067],[92.212,26.071],[92.241,26.063],[92.274,26.066],[92.302,26.076],[92.256,26.029],[92.201,25.986],[92.192,25.985],[92.166,25.964],[92.156,25.945],[92.161,25.933],[92.16,25.915],[92.181,25.909],[92.197,25.918],[92.201,25.908],[92.223,25.911],[92.225,25.902],[92.203,25.89],[92.181,25.872],[92.181,25.851],[92.166,25.833],[92.153,25.813],[92.151,25.784],[92.165,25.745],[92.164,25.729],[92.15,25.715],[92.156,25.709],[92.17,25.666],[92.192,25.686],[92.211,25.696],[92.225,25.714],[92.237,25.708],[92.271,25.711],[92.306,25.723],[92.339,25.727],[92.363,25.737],[92.371,25.746],[92.416,25.74],[92.432,25.732],[92.442,25.721],[92.427,25.71],[92.434,25.688],[92.465,25.682],[92.481,25.664],[92.498,25.627],[92.517,25.62],[92.558,25.612],[92.556,25.593],[92.561,25.574],[92.573,25.56],[92.587,25.553],[92.603,25.557],[92.609,25.566],[92.631,25.571],[92.641,25.587],[92.653,25.592],[92.66,25.585],[92.661,25.57],[92.65,25.56],[92.645,25.537],[92.622,25.516],[92.581,25.495],[92.568,25.481],[92.571,25.464],[92.598,25.472],[92.606,25.448],[92.607,25.419],[92.651,25.432],[92.66,25.41],[92.674,25.417],[92.694,25.4],[92.7,25.388],[92.713,25.385],[92.718,25.375],[92.736,25.374],[92.761,25.335],[92.772,25.34],[92.784,25.333],[92.788,25.318],[92.784,25.308],[92.792,25.287],[92.789,25.279],[92.77,25.269],[92.777,25.261],[92.765,25.249],[92.772,25.233],[92.786,25.231],[92.803,25.222],[92.798,25.213],[92.78,25.203],[92.747,25.208],[92.705,25.191],[92.694,25.181],[92.677,25.182],[92.663,25.173],[92.656,25.154],[92.644,25.151],[92.622,25.118],[92.582,25.132],[92.553,25.131],[92.525,25.14],[92.525,25.126],[92.533,25.112],[92.527,25.106],[92.484,25.108],[92.48,25.086],[92.466,25.057],[92.463,25.037],[92.451,25.041],[92.426,25.032],[92.433,25.028],[92.424,24.996],[92.424,24.983],[92.435,24.966],[92.446,24.967],[92.461,24.976],[92.471,24.964],[92.459,24.946],[92.479,24.943],[92.493,24.936],[92.491,24.922],[92.502,24.912],[92.494,24.894],[92.5,24.882],[92.492,24.874],[92.47,24.871],[92.449,24.877],[92.447,24.863],[92.416,24.863],[92.395,24.855],[92.385,24.867],[92.371,24.872],[92.365,24.882],[92.348,24.879],[92.336,24.893],[92.32,24.895],[92.314,24.908],[92.301,24.914],[92.291,24.91],[92.271,24.911],[92.258,24.907],[92.245,24.91],[92.242,24.897],[92.25,24.885],[92.242,24.873],[92.244,24.849],[92.255,24.834],[92.278,24.83],[92.282,24.806],[92.293,24.784],[92.287,24.772],[92.294,24.763],[92.285,24.744],[92.298,24.737],[92.263,24.689],[92.251,24.654],[92.25,24.63],[92.239,24.6],[92.234,24.562],[92.231,24.504],[92.239,24.49],[92.23,24.48],[92.231,24.46],[92.239,24.447],[92.257,24.436],[92.256,24.419],[92.264,24.398],[92.273,24.388],[92.264,24.362],[92.213,24.249],[92.297,24.252],[92.314,24.253],[92.377,24.251],[92.422,24.253],[92.419,24.222],[92.419,24.194],[92.433,24.183],[92.434,24.174],[92.435,24.163],[92.437,24.151],[92.442,24.153],[92.463,24.136],[92.467,24.135],[92.473,24.142],[92.484,24.154],[92.483,24.157],[92.485,24.159],[92.488,24.162],[92.502,24.162],[92.505,24.167],[92.51,24.163],[92.513,24.163],[92.509,24.169],[92.514,24.174],[92.53,24.175],[92.547,24.224],[92.551,24.246],[92.565,24.25],[92.588,24.245],[92.612,24.253],[92.619,24.287],[92.619,24.312],[92.626,24.334],[92.645,24.328],[92.658,24.343],[92.692,24.356],[92.697,24.374],[92.714,24.405],[92.731,24.453],[92.744,24.475],[92.765,24.521],[92.782,24.475],[92.804,24.422],[92.832,24.399],[92.827,24.394],[92.833,24.376],[92.847,24.382],[92.863,24.399],[92.884,24.403],[92.905,24.394],[92.912,24.413],[92.936,24.396],[92.951,24.405],[92.96,24.396],[92.98,24.41],[93,24.403],[93.016,24.403],[93.039,24.411],[93.032,24.429],[93.038,24.461],[93.048,24.464],[93.049,24.475],[93.036,24.497],[93.053,24.52],[93.048,24.531],[93.053,24.545],[93.073,24.561],[93.071,24.576],[93.087,24.571],[93.097,24.583],[93.075,24.596],[93.087,24.611],[93.079,24.621],[93.089,24.628],[93.085,24.648],[93.096,24.653],[93.099,24.667],[93.093,24.688],[93.076,24.71],[93.089,24.709],[93.113,24.802],[93.131,24.806],[93.157,24.792],[93.174,24.804],[93.193,24.806],[93.192,24.823],[93.196,24.846],[93.214,24.862],[93.233,24.885],[93.233,24.899],[93.253,24.919],[93.244,24.944],[93.26,24.951],[93.263,24.966],[93.247,25.004],[93.249,25.019],[93.264,25.036],[93.268,25.05],[93.297,25.048],[93.324,25.092],[93.336,25.096],[93.351,25.145],[93.347,25.164],[93.353,25.182],[93.388,25.232],[93.387,25.242],[93.404,25.263],[93.421,25.266],[93.423,25.278],[93.445,25.292],[93.46,25.295],[93.474,25.309],[93.457,25.325],[93.462,25.337],[93.452,25.344],[93.478,25.38],[93.463,25.411],[93.465,25.423],[93.457,25.442],[93.435,25.455],[93.417,25.453],[93.39,25.469],[93.391,25.486],[93.383,25.498],[93.372,25.501],[93.358,25.528],[93.34,25.537],[93.333,25.549],[93.345,25.561],[93.361,25.56],[93.373,25.569],[93.39,25.595],[93.407,25.596],[93.409,25.612],[93.418,25.621],[93.466,25.644],[93.483,25.646],[93.502,25.662],[93.52,25.684],[93.544,25.702],[93.55,25.719],[93.545,25.727],[93.565,25.741],[93.573,25.757],[93.584,25.758],[93.611,25.776],[93.622,25.78],[93.629,25.804],[93.648,25.824],[93.678,25.829],[93.683,25.841],[93.706,25.853],[93.691,25.889],[93.688,25.909],[93.705,25.921],[93.717,25.922],[93.75,25.937],[93.768,25.955],[93.785,25.958],[93.793,25.937],[93.792,25.923],[93.798,25.91],[93.787,25.879],[93.792,25.87],[93.781,25.859],[93.78,25.846],[93.796,25.814],[93.808,25.816],[93.819,25.826],[93.824,25.847],[93.842,25.863],[93.852,25.863],[93.883,25.846],[93.893,25.865],[93.916,25.888],[93.935,25.891],[93.94,25.901],[93.96,25.905],[93.983,25.926],[93.971,25.945],[93.969,25.961],[93.956,25.974],[93.961,25.997],[93.955,26.007],[93.963,26.022],[93.966,26.042],[93.991,26.073],[93.986,26.084],[93.996,26.122],[94.006,26.147],[94,26.158],[94.013,26.186],[94.036,26.203],[94.042,26.234],[94.053,26.256],[94.07,26.26],[94.087,26.29],[94.103,26.309],[94.108,26.326],[94.118,26.323],[94.124,26.336],[94.139,26.342],[94.165,26.339],[94.176,26.344],[94.164,26.36],[94.174,26.368],[94.179,26.389],[94.176,26.432],[94.187,26.461],[94.201,26.47],[94.211,26.49],[94.24,26.511],[94.263,26.544],[94.282,26.564],[94.287,26.509],[94.294,26.481],[94.303,26.467],[94.317,26.463],[94.324,26.479],[94.352,26.496],[94.351,26.509],[94.378,26.513],[94.378,26.525],[94.397,26.53],[94.407,26.548],[94.405,26.555],[94.415,26.583],[94.406,26.602],[94.41,26.616],[94.434,26.625],[94.455,26.639],[94.459,26.655],[94.468,26.67],[94.498,26.674],[94.516,26.687],[94.52,26.701],[94.545,26.711],[94.592,26.703],[94.593,26.726],[94.6,26.738],[94.61,26.74],[94.621,26.721],[94.653,26.724],[94.687,26.733],[94.711,26.753],[94.732,26.764],[94.746,26.782],[94.756,26.772],[94.773,26.795],[94.802,26.806],[94.797,26.819],[94.813,26.825],[94.821,26.854],[94.839,26.874],[94.852,26.881],[94.87,26.915],[94.886,26.932],[94.914,26.943],[94.928,26.952],[94.934,26.939],[94.957,26.944],[94.971,26.928],[94.986,26.918],[94.999,26.924],[95.021,26.925],[95.038,26.938],[95.055,26.941],[95.065,26.948],[95.087,26.953],[95.11,26.967],[95.117,26.984],[95.126,26.987],[95.155,27.006],[95.196,27.043]]]]},"properties":{"ID_0":105,"ISO":"IND","NAME_0":"India","ID_1":4,"NAME_1":"Assam","NL_NAME_1":null,"VARNAME_1":null,"TYPE_1":"State","ENGTYPE_1":"State"}},
{"type":"Feature","geometry":{"type":"Polygon","coordinates":[[[88.106,26.536],[88.106,26.518],[88.098,26.516],[88.106,26.467],[88.097,26.437],[88.081,26.42],[88.04,26.393],[88.03,26.382],[88.033,26.365],[88.01,26.361],[87.995,26.369],[87.994,26.392],[87.968,26.397],[87.935,26.418],[87.929,26.427],[87.927,26.446],[87.912,26.457],[87.903,26.477],[87.888,26.476],[87.861,26.463],[87.864,26.45],[87.851,26.436],[87.831,26.44],[87.832,26.45],[87.82,26.459],[87.795,26.469],[87.779,26.447],[87.776,26.419],[87.756,26.408],[87.75,26.419],[87.736,26.408],[87.712,26.427],[87.695,26.435],[87.68,26.435],[87.681,26.415],[87.653,26.406],[87.654,26.393],[87.631,26.394],[87.615,26.39],[87.608,26.381],[87.59,26.382],[87.59,26.392],[87.555,26.405],[87.55,26.418],[87.519,26.431],[87.469,26.44],[87.446,26.433],[87.43,26.422],[87.391,26.419],[87.371,26.408],[87.359,26.388],[87.356,26.372],[87.361,26.361],[87.343,26.348],[87.316,26.367],[87.304,26.366],[87.292,26.373],[87.268,26.374],[87.269,26.405],[87.248,26.414],[87.189,26.414],[87.191,26.405],[87.165,26.404],[87.142,26.415],[87.094,26.45],[87.082,26.523],[87.075,26.542],[87.074,26.585],[87.047,26.587],[87.045,26.568],[87.018,26.532],[86.978,26.52],[86.964,26.523],[86.935,26.516],[86.932,26.489],[86.896,26.487],[86.898,26.467],[86.875,26.454],[86.863,26.457],[86.836,26.439],[86.803,26.447],[86.772,26.459],[86.756,26.446],[86.749,26.428],[86.728,26.425],[86.723,26.435],[86.702,26.437],[86.698,26.448],[86.634,26.466],[86.628,26.481],[86.567,26.501],[86.544,26.538],[86.524,26.543],[86.501,26.542],[86.458,26.568],[86.433,26.573],[86.397,26.585],[86.396,26.594],[86.343,26.606],[86.347,26.616],[86.31,26.62],[86.295,26.613],[86.278,26.617],[86.255,26.616],[86.233,26.592],[86.22,26.588],[86.199,26.593],[86.195,26.614],[86.174,26.617],[86.157,26.61],[86.143,26.616],[86.141,26.629],[86.12,26.63],[86.076,26.65],[86.072,26.657],[86.031,26.666],[86.002,26.655],[85.978,26.658],[85.959,26.649],[85.958,26.629],[85.929,26.61],[85.916,26.609],[85.893,26.595],[85.861,26.569],[85.851,26.577],[85.86,26.59],[85.853,26.61],[85.834,26.611],[85.82,26.603],[85.806,26.615],[85.802,26.624],[85.772,26.63],[85.749,26.64],[85.735,26.654],[85.739,26.664],[85.726,26.674],[85.726,26.699],[85.732,26.735],[85.731,26.75],[85.737,26.778],[85.737,26.796],[85.723,26.82],[85.705,26.833],[85.683,26.843],[85.645,26.853],[85.637,26.872],[85.626,26.873],[85.609,26.857],[85.588,26.847],[85.574,26.857],[85.568,26.841],[85.556,26.834],[85.545,26.838],[85.522,26.814],[85.5,26.812],[85.498,26.798],[85.455,26.782],[85.435,26.79],[85.427,26.786],[85.41,26.791],[85.405,26.783],[85.386,26.774],[85.377,26.761],[85.357,26.76],[85.336,26.741],[85.32,26.749],[85.263,26.755],[85.234,26.763],[85.216,26.758],[85.2,26.769],[85.197,26.785],[85.184,26.799],[85.179,26.815],[85.188,26.821],[85.196,26.842],[85.191,26.87],[85.168,26.868],[85.143,26.871],[85.136,26.868],[85.113,26.872],[85.092,26.869],[85.092,26.86],[85.046,26.851],[85.031,26.859],[85.032,26.875],[85.042,26.875],[85.062,26.885],[85.046,26.891],[85.006,26.895],[84.995,26.902],[85.002,26.912],[84.973,26.917],[84.972,26.929],[84.981,26.94],[84.964,26.96],[84.956,26.959],[84.932,26.969],[84.913,26.968],[84.861,26.988],[84.857,27.008],[84.832,27.019],[84.82,27.02],[84.796,26.996],[84.791,27.009],[84.775,27.018],[84.759,27.003],[84.732,27.015],[84.725,27.013],[84.704,27.027],[84.684,27.031],[84.645,27.047],[84.648,27.075],[84.668,27.087],[84.678,27.103],[84.678,27.123],[84.686,27.143],[84.678,27.17],[84.683,27.184],[84.683,27.2],[84.693,27.215],[84.692,27.222],[84.645,27.306],[84.624,27.336],[84.611,27.336],[84.567,27.347],[84.536,27.35],[84.488,27.358],[84.472,27.355],[84.443,27.37],[84.426,27.372],[84.394,27.368],[84.375,27.376],[84.361,27.373],[84.32,27.382],[84.303,27.39],[84.293,27.385],[84.278,27.401],[84.28,27.415],[84.275,27.429],[84.261,27.439],[84.256,27.452],[84.234,27.456],[84.211,27.442],[84.208,27.469],[84.174,27.476],[84.166,27.484],[84.151,27.486],[84.148,27.496],[84.153,27.517],[84.132,27.512],[84.111,27.522],[84.102,27.51],[84.098,27.489],[84.071,27.479],[84.064,27.456],[84.054,27.443],[84.028,27.438],[83.994,27.444],[83.948,27.441],[83.933,27.449],[83.915,27.441],[83.883,27.435],[83.87,27.429],[83.878,27.406],[83.875,27.392],[83.907,27.39],[83.906,27.376],[83.89,27.358],[83.865,27.346],[83.859,27.351],[83.849,27.336],[83.829,27.327],[83.855,27.311],[83.872,27.316],[83.888,27.326],[83.908,27.33],[83.924,27.316],[83.926,27.304],[83.919,27.293],[83.896,27.277],[83.902,27.252],[83.908,27.248],[83.948,27.238],[83.962,27.228],[83.963,27.221],[83.965,27.211],[83.977,27.203],[83.985,27.182],[83.984,27.179],[83.968,27.166],[83.951,27.141],[83.954,27.132],[83.951,27.126],[83.941,27.12],[83.94,27.102],[83.941,27.09],[83.948,27.086],[83.978,27.093],[84.005,27.104],[84.014,27.1],[84.019,27.093],[84.017,27.084],[84.006,27.072],[83.991,27.069],[83.995,27.061],[84.024,27.045],[84.036,27.047],[84.041,27.045],[84.036,27.019],[84.03,27.012],[84.043,27.003],[84.05,26.991],[84.036,26.984],[84.043,26.98],[84.041,26.968],[84.047,26.962],[84.039,26.958],[84.035,26.949],[84.032,26.949],[84.025,26.943],[84.03,26.94],[84.045,26.93],[84.049,26.915],[84.042,26.909],[84.045,26.905],[84.051,26.902],[84.049,26.9],[84.059,26.891],[84.076,26.879],[84.088,26.882],[84.093,26.878],[84.1,26.888],[84.122,26.893],[84.13,26.885],[84.141,26.884],[84.139,26.874],[84.132,26.871],[84.132,26.856],[84.151,26.839],[84.169,26.835],[84.175,26.846],[84.176,26.853],[84.197,26.861],[84.209,26.871],[84.222,26.87],[84.235,26.864],[84.246,26.859],[84.25,26.838],[84.243,26.822],[84.249,26.821],[84.252,26.809],[84.248,26.793],[84.241,26.775],[84.225,26.757],[84.242,26.731],[84.254,26.734],[84.267,26.742],[84.279,26.751],[84.298,26.753],[84.306,26.738],[84.319,26.716],[84.323,26.688],[84.337,26.681],[84.35,26.681],[84.367,26.679],[84.402,26.671],[84.405,26.643],[84.414,26.627],[84.379,26.622],[84.371,26.615],[84.351,26.62],[84.325,26.615],[84.297,26.616],[84.295,26.607],[84.279,26.607],[84.272,26.599],[84.259,26.607],[84.229,26.613],[84.202,26.624],[84.167,26.624],[84.149,26.628],[84.152,26.639],[84.106,26.637],[84.08,26.641],[84.08,26.624],[84.085,26.611],[84.079,26.594],[84.07,26.589],[84.049,26.562],[84.048,26.543],[84.001,26.525],[83.974,26.532],[83.965,26.512],[83.946,26.51],[83.946,26.518],[83.93,26.525],[83.902,26.518],[83.907,26.507],[83.902,26.45],[83.946,26.438],[83.983,26.435],[83.99,26.448],[84.016,26.442],[84.016,26.432],[84.036,26.408],[84.055,26.402],[84.062,26.39],[84.117,26.385],[84.171,26.374],[84.167,26.36],[84.167,26.338],[84.182,26.317],[84.172,26.304],[84.168,26.274],[84.157,26.261],[84.141,26.258],[84.113,26.262],[84.11,26.242],[84.092,26.24],[84.074,26.225],[84.034,26.232],[84.031,26.239],[84.006,26.234],[84.008,26.225],[84.024,26.22],[84.002,26.19],[84.003,26.178],[84.014,26.167],[84.028,26.163],[84.018,26.145],[84.042,26.132],[84.042,26.112],[84.049,26.1],[84.081,26.1],[84.091,26.097],[84.116,26.075],[84.137,26.047],[84.167,26.025],[84.172,25.999],[84.192,25.99],[84.202,26.001],[84.24,25.983],[84.292,25.948],[84.314,25.948],[84.351,25.959],[84.386,25.938],[84.408,25.931],[84.424,25.898],[84.431,25.893],[84.461,25.889],[84.467,25.884],[84.485,25.889],[84.507,25.872],[84.529,25.878],[84.527,25.834],[84.544,25.83],[84.547,25.841],[84.587,25.82],[84.621,25.792],[84.621,25.772],[84.61,25.777],[84.601,25.761],[84.626,25.742],[84.631,25.728],[84.613,25.731],[84.596,25.739],[84.556,25.736],[84.559,25.701],[84.552,25.684],[84.531,25.693],[84.516,25.678],[84.506,25.682],[84.488,25.678],[84.489,25.691],[84.467,25.686],[84.463,25.699],[84.449,25.714],[84.424,25.712],[84.424,25.695],[84.402,25.7],[84.4,25.717],[84.394,25.729],[84.354,25.744],[84.331,25.745],[84.326,25.737],[84.324,25.704],[84.319,25.672],[84.299,25.672],[84.29,25.663],[84.217,25.664],[84.2,25.672],[84.194,25.703],[84.168,25.722],[84.148,25.726],[84.108,25.724],[84.083,25.713],[84.07,25.696],[84.08,25.653],[84.077,25.638],[84.028,25.623],[84.014,25.616],[83.944,25.567],[83.921,25.562],[83.893,25.525],[83.873,25.52],[83.871,25.503],[83.855,25.485],[83.851,25.474],[83.834,25.463],[83.81,25.466],[83.81,25.454],[83.833,25.45],[83.838,25.437],[83.821,25.438],[83.803,25.433],[83.805,25.425],[83.797,25.408],[83.782,25.399],[83.763,25.399],[83.748,25.404],[83.709,25.395],[83.704,25.386],[83.676,25.382],[83.686,25.369],[83.656,25.364],[83.644,25.354],[83.62,25.329],[83.611,25.333],[83.584,25.325],[83.572,25.318],[83.544,25.313],[83.508,25.286],[83.48,25.282],[83.46,25.252],[83.443,25.259],[83.433,25.254],[83.409,25.249],[83.388,25.207],[83.36,25.196],[83.35,25.199],[83.344,25.187],[83.348,25.179],[83.343,25.159],[83.353,25.149],[83.354,25.11],[83.34,25.112],[83.338,25.088],[83.332,25.082],[83.323,25.048],[83.316,25.038],[83.32,25.016],[83.344,25.01],[83.346,24.992],[83.34,24.979],[83.344,24.964],[83.357,24.955],[83.358,24.914],[83.351,24.903],[83.364,24.88],[83.354,24.871],[83.368,24.863],[83.39,24.833],[83.396,24.811],[83.387,24.784],[83.411,24.775],[83.434,24.757],[83.453,24.733],[83.48,24.738],[83.483,24.731],[83.481,24.706],[83.49,24.706],[83.513,24.679],[83.499,24.668],[83.498,24.652],[83.516,24.643],[83.521,24.63],[83.539,24.628],[83.535,24.616],[83.517,24.603],[83.525,24.585],[83.525,24.567],[83.517,24.549],[83.493,24.542],[83.498,24.527],[83.542,24.526],[83.571,24.517],[83.6,24.513],[83.645,24.516],[83.682,24.516],[83.717,24.505],[83.749,24.511],[83.799,24.53],[83.858,24.538],[83.868,24.533],[83.928,24.548],[83.958,24.576],[83.972,24.597],[83.992,24.638],[84.024,24.629],[84.047,24.612],[84.053,24.595],[84.061,24.589],[84.06,24.577],[84.072,24.57],[84.078,24.545],[84.09,24.534],[84.089,24.504],[84.11,24.481],[84.123,24.487],[84.125,24.498],[84.14,24.505],[84.136,24.529],[84.146,24.54],[84.164,24.534],[84.154,24.518],[84.179,24.51],[84.182,24.524],[84.173,24.542],[84.187,24.549],[84.201,24.549],[84.209,24.537],[84.221,24.55],[84.258,24.538],[84.269,24.541],[84.269,24.564],[84.293,24.566],[84.302,24.547],[84.319,24.522],[84.326,24.503],[84.322,24.49],[84.294,24.481],[84.285,24.466],[84.293,24.451],[84.315,24.448],[84.33,24.431],[84.326,24.411],[84.336,24.396],[84.361,24.387],[84.382,24.39],[84.395,24.368],[84.423,24.359],[84.417,24.331],[84.445,24.334],[84.455,24.339],[84.465,24.308],[84.494,24.287],[84.517,24.334],[84.525,24.339],[84.519,24.353],[84.527,24.361],[84.522,24.376],[84.546,24.374],[84.566,24.384],[84.559,24.397],[84.572,24.412],[84.601,24.401],[84.619,24.402],[84.658,24.394],[84.668,24.413],[84.666,24.431],[84.679,24.456],[84.694,24.462],[84.707,24.472],[84.725,24.473],[84.74,24.488],[84.742,24.496],[84.78,24.505],[84.784,24.518],[84.795,24.529],[84.802,24.521],[84.819,24.525],[84.833,24.511],[84.827,24.47],[84.834,24.453],[84.847,24.466],[84.863,24.458],[84.867,24.467],[84.88,24.463],[84.878,24.423],[84.898,24.394],[84.903,24.372],[84.925,24.378],[84.948,24.372],[84.969,24.376],[84.99,24.412],[85.011,24.416],[85.032,24.425],[85.053,24.415],[85.069,24.436],[85.075,24.408],[85.065,24.387],[85.092,24.382],[85.099,24.394],[85.115,24.409],[85.148,24.418],[85.169,24.429],[85.153,24.464],[85.191,24.469],[85.203,24.473],[85.224,24.471],[85.239,24.489],[85.254,24.498],[85.282,24.497],[85.279,24.519],[85.297,24.529],[85.319,24.525],[85.383,24.533],[85.403,24.545],[85.433,24.536],[85.457,24.539],[85.472,24.548],[85.494,24.551],[85.503,24.543],[85.504,24.53],[85.518,24.525],[85.534,24.532],[85.54,24.55],[85.536,24.564],[85.557,24.561],[85.568,24.565],[85.561,24.584],[85.565,24.597],[85.577,24.603],[85.598,24.598],[85.609,24.585],[85.644,24.578],[85.665,24.582],[85.671,24.599],[85.672,24.619],[85.661,24.651],[85.66,24.675],[85.65,24.687],[85.68,24.694],[85.697,24.713],[85.705,24.729],[85.708,24.748],[85.704,24.757],[85.71,24.781],[85.721,24.787],[85.737,24.823],[85.765,24.813],[85.777,24.799],[85.811,24.794],[85.827,24.81],[85.854,24.808],[85.878,24.8],[85.902,24.77],[85.911,24.754],[85.928,24.74],[85.95,24.732],[85.97,24.734],[85.977,24.748],[86,24.751],[86.006,24.766],[86.048,24.778],[86.053,24.762],[86.063,24.752],[86.087,24.746],[86.106,24.736],[86.124,24.705],[86.134,24.676],[86.118,24.642],[86.126,24.612],[86.133,24.604],[86.152,24.6],[86.166,24.584],[86.195,24.585],[86.216,24.591],[86.217,24.612],[86.239,24.597],[86.249,24.585],[86.266,24.582],[86.293,24.586],[86.319,24.574],[86.304,24.558],[86.31,24.547],[86.301,24.532],[86.312,24.508],[86.303,24.498],[86.294,24.476],[86.286,24.477],[86.279,24.462],[86.301,24.457],[86.304,24.445],[86.319,24.44],[86.354,24.442],[86.373,24.416],[86.399,24.4],[86.416,24.379],[86.434,24.377],[86.446,24.368],[86.462,24.377],[86.467,24.395],[86.466,24.422],[86.489,24.425],[86.492,24.439],[86.49,24.484],[86.506,24.518],[86.524,24.536],[86.547,24.535],[86.558,24.548],[86.555,24.559],[86.583,24.573],[86.584,24.585],[86.6,24.599],[86.619,24.595],[86.618,24.584],[86.641,24.576],[86.646,24.567],[86.668,24.561],[86.687,24.57],[86.695,24.569],[86.719,24.578],[86.732,24.576],[86.746,24.59],[86.745,24.603],[86.754,24.615],[86.792,24.615],[86.806,24.595],[86.809,24.564],[86.818,24.569],[86.837,24.568],[86.839,24.554],[86.855,24.55],[86.862,24.56],[86.876,24.567],[86.907,24.543],[86.906,24.563],[86.898,24.587],[86.918,24.611],[86.919,24.619],[86.936,24.63],[86.93,24.643],[86.949,24.643],[86.946,24.627],[86.966,24.632],[86.993,24.619],[87.01,24.606],[87.017,24.618],[87.028,24.609],[87.05,24.607],[87.044,24.624],[87.055,24.671],[87.071,24.694],[87.071,24.707],[87.082,24.725],[87.075,24.745],[87.086,24.758],[87.083,24.779],[87.096,24.798],[87.077,24.808],[87.08,24.824],[87.091,24.824],[87.106,24.847],[87.147,24.862],[87.158,24.886],[87.149,24.905],[87.148,24.918],[87.155,24.932],[87.149,24.942],[87.153,24.963],[87.154,24.991],[87.144,25.011],[87.147,25.024],[87.158,25.031],[87.177,25.064],[87.188,25.067],[87.211,25.09],[87.234,25.086],[87.24,25.099],[87.259,25.105],[87.27,25.094],[87.291,25.089],[87.298,25.135],[87.308,25.15],[87.323,25.223],[87.33,25.217],[87.355,25.213],[87.368,25.207],[87.377,25.223],[87.392,25.228],[87.455,25.198],[87.472,25.195],[87.473,25.241],[87.488,25.262],[87.496,25.265],[87.482,25.295],[87.49,25.305],[87.499,25.292],[87.513,25.292],[87.526,25.281],[87.54,25.282],[87.538,25.296],[87.547,25.331],[87.567,25.334],[87.607,25.311],[87.626,25.316],[87.652,25.307],[87.684,25.31],[87.693,25.303],[87.691,25.281],[87.708,25.271],[87.708,25.256],[87.783,25.246],[87.788,25.22],[87.801,25.218],[87.83,25.204],[87.834,25.213],[87.823,25.234],[87.836,25.25],[87.849,25.253],[87.857,25.278],[87.85,25.297],[87.829,25.303],[87.802,25.323],[87.791,25.322],[87.782,25.338],[87.789,25.372],[87.777,25.371],[87.766,25.378],[87.763,25.396],[87.787,25.449],[87.809,25.434],[87.826,25.445],[87.826,25.458],[87.834,25.465],[87.863,25.465],[87.861,25.478],[87.87,25.503],[87.901,25.507],[87.903,25.519],[87.924,25.536],[87.956,25.538],[87.981,25.516],[87.987,25.503],[88.004,25.494],[88.016,25.5],[88.031,25.486],[88.066,25.481],[88.068,25.49],[88.07,25.502],[88.066,25.505],[88.064,25.506],[88.069,25.513],[88.056,25.53],[88.046,25.534],[88.039,25.533],[88.038,25.546],[88.027,25.553],[88.03,25.559],[88.035,25.56],[88.025,25.569],[88.022,25.583],[88.031,25.587],[88.039,25.595],[88.036,25.597],[88.03,25.6],[88.041,25.605],[88.039,25.608],[88.037,25.616],[88.043,25.632],[88.036,25.637],[88.044,25.643],[88.047,25.643],[88.049,25.644],[88.044,25.653],[88.043,25.674],[88.049,25.681],[88.049,25.691],[87.98,25.718],[87.944,25.744],[87.938,25.758],[87.919,25.774],[87.901,25.78],[87.898,25.799],[87.911,25.815],[87.899,25.82],[87.888,25.833],[87.911,25.852],[87.885,25.865],[87.872,25.86],[87.823,25.871],[87.816,25.886],[87.816,25.913],[87.804,25.921],[87.807,25.93],[87.827,25.932],[87.828,25.941],[87.824,25.946],[87.827,25.954],[87.831,25.962],[87.826,25.984],[87.827,25.992],[87.833,26.001],[87.842,26.032],[87.849,26.045],[87.876,26.066],[87.888,26.072],[87.893,26.08],[87.896,26.08],[87.918,26.088],[87.922,26.077],[87.931,26.069],[87.938,26.084],[87.96,26.084],[87.968,26.081],[87.972,26.085],[87.969,26.092],[87.954,26.103],[87.969,26.109],[87.967,26.125],[87.968,26.132],[87.969,26.139],[87.963,26.149],[87.982,26.159],[87.996,26.142],[88.007,26.143],[88.015,26.143],[88.012,26.155],[88.034,26.17],[88.037,26.178],[88.059,26.174],[88.07,26.176],[88.073,26.185],[88.087,26.194],[88.09,26.203],[88.094,26.207],[88.102,26.212],[88.106,26.216],[88.116,26.223],[88.12,26.228],[88.126,26.227],[88.136,26.228],[88.137,26.244],[88.144,26.253],[88.159,26.257],[88.163,26.258],[88.177,26.262],[88.183,26.275],[88.204,26.28],[88.214,26.282],[88.221,26.288],[88.227,26.297],[88.232,26.31],[88.245,26.316],[88.248,26.327],[88.265,26.336],[88.27,26.333],[88.272,26.331],[88.279,26.346],[88.289,26.351],[88.29,26.357],[88.282,26.36],[88.27,26.379],[88.255,26.374],[88.245,26.376],[88.232,26.385],[88.23,26.394],[88.255,26.416],[88.268,26.422],[88.252,26.434],[88.243,26.449],[88.229,26.447],[88.221,26.467],[88.194,26.472],[88.192,26.483],[88.179,26.494],[88.194,26.508],[88.233,26.532],[88.231,26.552],[88.207,26.535],[88.186,26.544],[88.168,26.537],[88.165,26.522],[88.145,26.511],[88.132,26.513],[88.106,26.536]]]},"properties":{"ID_0":105,"ISO":"IND","NAME_0":"India","ID_1":5,"NAME_1":"Bihar","NL_NAME_1":null,"VARNAME_1":null,"TYPE_1":"State","ENGTYPE_1":"State"}},
{"type":"Feature","geometry":{"type":"Polygon","coordinates":[[[76.811,30.685],[76.821,30.697],[76.836,30.714],[76.825,30.731],[76.823,30.74],[76.828,30.764],[76.793,30.767],[76.803,30.778],[76.802,30.782],[76.796,30.786],[76.781,30.774],[76.773,30.783],[76.776,30.784],[76.768,30.795],[76.751,30.797],[76.746,30.795],[76.74,30.791],[76.738,30.79],[76.735,30.783],[76.729,30.776],[76.718,30.769],[76.708,30.77],[76.691,30.76],[76.693,30.757],[76.71,30.735],[76.715,30.715],[76.715,30.713],[76.727,30.708],[76.725,30.704],[76.733,30.697],[76.738,30.689],[76.745,30.69],[76.794,30.669],[76.806,30.68],[76.811,30.685]]]},"properties":{"ID_0":105,"ISO":"IND","NAME_0":"India","ID_1":6,"NAME_1":"Chandigarh","NL_NAME_1":null,"VARNAME_1":null,"TYPE_1":"Union Territor","ENGTYPE_1":"Union Territory"}},
{"type":"Feature","geometry":{"type":"Polygon","coordinates":[[[84.003,22.521],[83.999,22.54],[84.005,22.57],[84.021,22.587],[84.048,22.594],[84.08,22.637],[84.094,22.633],[84.107,22.637],[84.15,22.634],[84.165,22.645],[84.18,22.65],[84.197,22.664],[84.215,22.665],[84.228,22.677],[84.232,22.689],[84.225,22.735],[84.26,22.765],[84.285,22.763],[84.29,22.787],[84.31,22.799],[84.318,22.817],[84.32,22.849],[84.329,22.86],[84.358,22.861],[84.376,22.874],[84.377,22.898],[84.386,22.917],[84.389,22.939],[84.378,22.952],[84.371,22.975],[84.332,22.979],[84.318,22.977],[84.307,22.968],[84.279,22.961],[84.269,22.979],[84.251,22.971],[84.237,22.98],[84.217,22.976],[84.197,23.004],[84.2,23.015],[84.19,23.024],[84.179,23.023],[84.169,22.995],[84.168,22.971],[84.148,22.964],[84.144,22.988],[84.125,23.031],[84.123,23.045],[84.131,23.063],[84.126,23.085],[84.112,23.087],[84.105,23.099],[84.088,23.109],[84.067,23.107],[84.053,23.124],[84.034,23.138],[84.029,23.154],[84.044,23.185],[84.056,23.196],[84.058,23.208],[84.052,23.221],[84.05,23.241],[84.064,23.292],[84.06,23.308],[84.07,23.33],[84.05,23.352],[84.043,23.374],[84.021,23.375],[84.007,23.353],[83.983,23.36],[83.967,23.374],[83.968,23.393],[83.976,23.408],[83.979,23.427],[83.97,23.448],[83.985,23.476],[83.997,23.493],[84.009,23.5],[84.013,23.521],[84.023,23.544],[84.025,23.566],[84.02,23.6],[84.002,23.62],[84.007,23.632],[83.975,23.631],[83.938,23.622],[83.932,23.611],[83.93,23.594],[83.935,23.563],[83.821,23.585],[83.806,23.582],[83.786,23.598],[83.775,23.6],[83.765,23.621],[83.748,23.627],[83.743,23.64],[83.752,23.649],[83.744,23.659],[83.729,23.667],[83.715,23.683],[83.715,23.69],[83.732,23.705],[83.735,23.714],[83.729,23.732],[83.729,23.755],[83.712,23.772],[83.711,23.79],[83.696,23.808],[83.695,23.821],[83.682,23.826],[83.672,23.82],[83.658,23.828],[83.656,23.844],[83.601,23.853],[83.581,23.862],[83.561,23.863],[83.573,23.877],[83.57,23.89],[83.549,23.893],[83.537,23.915],[83.539,23.934],[83.512,23.967],[83.508,23.979],[83.508,24.001],[83.517,24.011],[83.51,24.025],[83.479,24.039],[83.448,24.042],[83.433,24.055],[83.425,24.084],[83.401,24.082],[83.383,24.1],[83.357,24.102],[83.346,24.097],[83.324,24.101],[83.292,24.077],[83.277,24.046],[83.276,24.023],[83.259,24.012],[83.247,24.015],[83.237,24.001],[83.216,23.989],[83.208,23.973],[83.211,23.96],[83.202,23.941],[83.191,23.933],[83.19,23.921],[83.168,23.918],[83.145,23.91],[83.127,23.89],[83.087,23.878],[83.061,23.875],[83.036,23.883],[82.984,23.88],[82.954,23.873],[82.939,23.876],[82.925,23.891],[82.881,23.91],[82.863,23.926],[82.849,23.947],[82.821,23.965],[82.808,23.963],[82.797,23.961],[82.79,23.951],[82.775,23.939],[82.754,23.936],[82.748,23.922],[82.718,23.921],[82.702,23.925],[82.682,23.912],[82.655,23.906],[82.646,23.889],[82.66,23.87],[82.652,23.857],[82.641,23.858],[82.63,23.839],[82.606,23.836],[82.586,23.823],[82.548,23.827],[82.527,23.824],[82.54,23.812],[82.545,23.794],[82.516,23.784],[82.485,23.788],[82.483,23.798],[82.464,23.811],[82.449,23.812],[82.436,23.805],[82.423,23.806],[82.388,23.801],[82.368,23.811],[82.347,23.804],[82.328,23.804],[82.307,23.811],[82.298,23.808],[82.278,23.817],[82.255,23.822],[82.232,23.808],[82.221,23.81],[82.216,23.821],[82.199,23.832],[82.207,23.844],[82.204,23.853],[82.172,23.838],[82.17,23.825],[82.134,23.818],[82.117,23.823],[82.078,23.817],[82.045,23.821],[82.031,23.832],[82.035,23.843],[82.012,23.852],[82.001,23.863],[81.984,23.862],[81.951,23.853],[81.916,23.873],[81.894,23.844],[81.862,23.835],[81.853,23.824],[81.832,23.821],[81.812,23.809],[81.793,23.814],[81.773,23.814],[81.727,23.841],[81.721,23.861],[81.703,23.863],[81.697,23.886],[81.682,23.89],[81.679,23.908],[81.662,23.926],[81.629,23.908],[81.608,23.903],[81.6,23.883],[81.615,23.873],[81.598,23.854],[81.609,23.836],[81.626,23.836],[81.643,23.805],[81.638,23.778],[81.644,23.768],[81.669,23.757],[81.678,23.749],[81.672,23.74],[81.687,23.721],[81.673,23.693],[81.649,23.683],[81.643,23.66],[81.613,23.661],[81.61,23.633],[81.601,23.614],[81.603,23.6],[81.58,23.597],[81.57,23.589],[81.577,23.555],[81.602,23.554],[81.607,23.545],[81.605,23.511],[81.617,23.495],[81.631,23.492],[81.648,23.502],[81.654,23.514],[81.655,23.532],[81.667,23.532],[81.693,23.523],[81.706,23.534],[81.719,23.556],[81.729,23.565],[81.748,23.565],[81.756,23.553],[81.798,23.549],[81.811,23.534],[81.81,23.523],[81.827,23.511],[81.851,23.516],[81.862,23.514],[81.879,23.518],[81.904,23.535],[81.916,23.532],[81.934,23.506],[81.949,23.497],[81.947,23.475],[81.95,23.466],[81.971,23.447],[81.975,23.432],[81.971,23.424],[81.979,23.412],[81.987,23.42],[82,23.413],[82.016,23.424],[82.023,23.41],[82.014,23.394],[82.023,23.384],[82.049,23.379],[82.057,23.394],[82.098,23.398],[82.105,23.383],[82.104,23.363],[82.114,23.354],[82.138,23.362],[82.16,23.332],[82.188,23.322],[82.189,23.285],[82.184,23.275],[82.17,23.27],[82.142,23.228],[82.147,23.209],[82.141,23.198],[82.137,23.165],[82.151,23.161],[82.151,23.142],[82.133,23.132],[82.128,23.112],[82.116,23.104],[82.061,23.116],[82.028,23.082],[82.002,23.078],[81.98,23.086],[81.969,23.079],[81.938,23.078],[81.926,23.062],[81.918,23.041],[81.927,23.022],[81.937,23.009],[81.943,22.965],[81.94,22.957],[81.914,22.948],[81.901,22.933],[81.875,22.913],[81.86,22.915],[81.861,22.894],[81.831,22.883],[81.796,22.88],[81.769,22.874],[81.769,22.851],[81.761,22.834],[81.776,22.8],[81.774,22.786],[81.784,22.767],[81.764,22.747],[81.762,22.735],[81.747,22.726],[81.756,22.698],[81.766,22.676],[81.763,22.664],[81.749,22.646],[81.741,22.648],[81.737,22.669],[81.723,22.676],[81.714,22.656],[81.699,22.646],[81.679,22.649],[81.641,22.608],[81.64,22.587],[81.649,22.576],[81.638,22.562],[81.624,22.564],[81.622,22.544],[81.609,22.536],[81.593,22.538],[81.588,22.544],[81.563,22.551],[81.557,22.532],[81.542,22.53],[81.528,22.54],[81.515,22.537],[81.493,22.52],[81.48,22.493],[81.446,22.496],[81.442,22.466],[81.432,22.48],[81.418,22.474],[81.421,22.459],[81.414,22.449],[81.397,22.441],[81.389,22.445],[81.383,22.463],[81.385,22.478],[81.379,22.505],[81.362,22.515],[81.348,22.514],[81.323,22.524],[81.315,22.516],[81.316,22.49],[81.304,22.482],[81.28,22.499],[81.26,22.494],[81.256,22.472],[81.24,22.459],[81.224,22.452],[81.194,22.462],[81.193,22.482],[81.187,22.489],[81.171,22.488],[81.158,22.474],[81.148,22.456],[81.11,22.441],[81.105,22.433],[81.101,22.383],[81.116,22.344],[81.109,22.33],[81.115,22.313],[81.114,22.294],[81.097,22.277],[81.085,22.247],[81.073,22.242],[81.063,22.247],[81.049,22.244],[81.019,22.229],[81.016,22.214],[81.026,22.198],[81.025,22.189],[81.012,22.184],[81.019,22.165],[81.016,22.133],[80.987,22.131],[80.973,22.124],[80.971,22.115],[80.99,22.109],[81.004,22.094],[80.997,22.081],[81.004,22.07],[80.999,22.062],[80.979,22.048],[80.963,22.058],[80.966,22.082],[80.951,22.113],[80.939,22.119],[80.917,22.121],[80.906,22.114],[80.898,22.101],[80.891,22.066],[80.879,22.061],[80.869,22.034],[80.869,22.011],[80.859,22],[80.852,21.975],[80.833,21.947],[80.836,21.928],[80.825,21.908],[80.825,21.887],[80.84,21.875],[80.841,21.856],[80.832,21.846],[80.838,21.83],[80.832,21.805],[80.812,21.764],[80.811,21.747],[80.783,21.74],[80.762,21.758],[80.74,21.756],[80.726,21.731],[80.723,21.714],[80.724,21.694],[80.707,21.672],[80.712,21.646],[80.719,21.644],[80.722,21.617],[80.709,21.604],[80.71,21.585],[80.72,21.572],[80.714,21.556],[80.731,21.539],[80.722,21.496],[80.73,21.472],[80.718,21.445],[80.698,21.427],[80.699,21.414],[80.684,21.373],[80.672,21.359],[80.657,21.331],[80.673,21.311],[80.673,21.298],[80.655,21.29],[80.645,21.276],[80.639,21.255],[80.616,21.24],[80.603,21.227],[80.572,21.217],[80.561,21.206],[80.535,21.2],[80.521,21.204],[80.509,21.183],[80.495,21.183],[80.475,21.171],[80.457,21.173],[80.444,21.131],[80.439,21.121],[80.435,21.099],[80.442,21.081],[80.441,21.07],[80.449,21.05],[80.445,21.031],[80.424,21.01],[80.438,20.992],[80.439,20.972],[80.459,20.928],[80.511,20.929],[80.535,20.931],[80.55,20.889],[80.55,20.846],[80.556,20.82],[80.551,20.815],[80.543,20.792],[80.546,20.765],[80.555,20.747],[80.556,20.723],[80.56,20.712],[80.575,20.698],[80.578,20.679],[80.553,20.673],[80.537,20.664],[80.519,20.662],[80.49,20.64],[80.482,20.63],[80.482,20.617],[80.493,20.604],[80.5,20.587],[80.52,20.585],[80.551,20.599],[80.559,20.61],[80.579,20.614],[80.622,20.604],[80.613,20.591],[80.62,20.567],[80.61,20.556],[80.61,20.532],[80.603,20.462],[80.595,20.446],[80.603,20.433],[80.59,20.413],[80.586,20.392],[80.602,20.376],[80.606,20.356],[80.617,20.338],[80.617,20.326],[80.605,20.32],[80.584,20.319],[80.542,20.307],[80.536,20.295],[80.511,20.27],[80.494,20.275],[80.456,20.269],[80.42,20.252],[80.383,20.242],[80.398,20.213],[80.412,20.202],[80.413,20.188],[80.395,20.182],[80.385,20.159],[80.394,20.144],[80.427,20.13],[80.444,20.13],[80.451,20.145],[80.483,20.138],[80.498,20.139],[80.504,20.129],[80.524,20.124],[80.54,20.11],[80.535,20.085],[80.546,20.066],[80.542,20.037],[80.533,20.004],[80.544,19.995],[80.544,19.982],[80.532,19.967],[80.534,19.953],[80.526,19.949],[80.52,19.931],[80.502,19.925],[80.48,19.928],[80.47,19.934],[80.465,19.946],[80.453,19.945],[80.444,19.953],[80.425,19.937],[80.406,19.933],[80.403,19.91],[80.415,19.903],[80.444,19.894],[80.461,19.903],[80.49,19.894],[80.498,19.869],[80.475,19.857],[80.469,19.838],[80.46,19.828],[80.432,19.81],[80.417,19.809],[80.398,19.816],[80.4,19.794],[80.418,19.797],[80.443,19.791],[80.452,19.793],[80.483,19.781],[80.475,19.803],[80.46,19.811],[80.476,19.828],[80.518,19.829],[80.544,19.811],[80.54,19.775],[80.55,19.765],[80.571,19.755],[80.582,19.738],[80.613,19.729],[80.634,19.718],[80.666,19.692],[80.656,19.625],[80.662,19.609],[80.683,19.611],[80.721,19.608],[80.758,19.59],[80.764,19.585],[80.766,19.568],[80.785,19.56],[80.82,19.565],[80.834,19.556],[80.841,19.534],[80.852,19.524],[80.879,19.519],[80.89,19.499],[80.892,19.466],[80.867,19.443],[80.835,19.442],[80.808,19.432],[80.788,19.427],[80.809,19.397],[80.813,19.383],[80.843,19.366],[80.839,19.355],[80.788,19.324],[80.766,19.308],[80.749,19.287],[80.7,19.282],[80.684,19.287],[80.685,19.313],[80.679,19.324],[80.664,19.327],[80.618,19.305],[80.604,19.312],[80.586,19.353],[80.584,19.377],[80.573,19.398],[80.559,19.398],[80.532,19.374],[80.514,19.348],[80.5,19.341],[80.481,19.338],[80.47,19.329],[80.445,19.27],[80.419,19.25],[80.388,19.243],[80.379,19.233],[80.377,19.217],[80.386,19.196],[80.381,19.181],[80.345,19.163],[80.336,19.148],[80.325,19.142],[80.321,19.124],[80.332,19.101],[80.32,19.088],[80.322,19.075],[80.316,19.065],[80.289,19.046],[80.295,19.029],[80.288,19.014],[80.272,18.997],[80.268,18.987],[80.269,18.964],[80.264,18.941],[80.27,18.925],[80.291,18.908],[80.309,18.886],[80.322,18.875],[80.336,18.856],[80.349,18.824],[80.346,18.811],[80.319,18.796],[80.299,18.794],[80.29,18.786],[80.272,18.762],[80.255,18.766],[80.242,18.76],[80.241,18.749],[80.255,18.736],[80.268,18.718],[80.278,18.711],[80.296,18.686],[80.319,18.622],[80.331,18.597],[80.342,18.586],[80.367,18.605],[80.382,18.594],[80.402,18.607],[80.418,18.611],[80.45,18.626],[80.463,18.623],[80.488,18.627],[80.498,18.618],[80.511,18.616],[80.532,18.586],[80.562,18.57],[80.601,18.545],[80.614,18.526],[80.633,18.519],[80.637,18.494],[80.651,18.472],[80.681,18.454],[80.695,18.435],[80.691,18.419],[80.713,18.406],[80.729,18.404],[80.716,18.387],[80.724,18.372],[80.723,18.361],[80.744,18.317],[80.745,18.302],[80.757,18.285],[80.766,18.278],[80.777,18.26],[80.788,18.254],[80.784,18.243],[80.733,18.219],[80.735,18.172],[80.745,18.165],[80.762,18.163],[80.798,18.166],[80.819,18.192],[80.817,18.225],[80.824,18.234],[80.859,18.226],[80.867,18.207],[80.861,18.199],[80.849,18.2],[80.856,18.143],[80.862,18.133],[80.901,18.135],[80.912,18.139],[80.944,18.157],[80.954,18.167],[80.974,18.168],[80.973,18.144],[80.949,18.123],[80.948,18.091],[80.944,18.081],[80.952,18.072],[80.966,18.043],[80.962,18.032],[80.973,17.993],[80.978,17.95],[80.985,17.923],[80.994,17.914],[81.004,17.838],[81.013,17.817],[81.032,17.79],[81.056,17.783],[81.074,17.786],[81.098,17.817],[81.121,17.828],[81.16,17.853],[81.192,17.847],[81.213,17.833],[81.254,17.812],[81.298,17.81],[81.315,17.812],[81.357,17.81],[81.385,17.807],[81.384,17.826],[81.398,17.847],[81.39,17.859],[81.396,17.888],[81.404,17.889],[81.43,17.875],[81.437,17.876],[81.448,17.903],[81.444,17.922],[81.455,17.947],[81.467,17.955],[81.477,17.974],[81.473,17.983],[81.479,18.004],[81.474,18.029],[81.481,18.05],[81.495,18.058],[81.495,18.069],[81.509,18.092],[81.512,18.129],[81.523,18.157],[81.505,18.184],[81.526,18.237],[81.528,18.259],[81.548,18.262],[81.568,18.273],[81.593,18.301],[81.616,18.301],[81.66,18.316],[81.649,18.331],[81.658,18.339],[81.699,18.344],[81.745,18.345],[81.76,18.4],[81.762,18.411],[81.798,18.44],[81.85,18.489],[81.849,18.501],[81.863,18.517],[81.883,18.529],[81.897,18.528],[81.901,18.557],[81.909,18.564],[81.92,18.557],[81.947,18.559],[81.946,18.575],[81.955,18.587],[81.93,18.596],[81.926,18.603],[81.9,18.62],[81.888,18.621],[81.893,18.654],[81.916,18.636],[81.947,18.629],[81.947,18.656],[81.961,18.668],[81.955,18.68],[81.976,18.695],[81.992,18.698],[82.016,18.714],[82.034,18.719],[82.067,18.717],[82.079,18.712],[82.091,18.756],[82.114,18.761],[82.129,18.758],[82.131,18.77],[82.145,18.773],[82.161,18.791],[82.156,18.8],[82.165,18.83],[82.158,18.852],[82.17,18.878],[82.171,18.892],[82.214,18.912],[82.234,18.905],[82.24,18.91],[82.222,19.021],[82.194,19.06],[82.209,19.079],[82.212,19.091],[82.2,19.092],[82.191,19.116],[82.176,19.125],[82.17,19.113],[82.16,19.126],[82.168,19.134],[82.179,19.159],[82.173,19.165],[82.173,19.184],[82.156,19.197],[82.161,19.208],[82.152,19.224],[82.152,19.265],[82.158,19.281],[82.169,19.291],[82.174,19.316],[82.183,19.32],[82.18,19.332],[82.142,19.348],[82.141,19.366],[82.151,19.37],[82.166,19.366],[82.174,19.377],[82.178,19.406],[82.183,19.412],[82.17,19.429],[82.119,19.424],[82.107,19.443],[82.107,19.453],[82.097,19.461],[82.102,19.474],[82.099,19.49],[82.091,19.494],[82.092,19.51],[82.071,19.516],[82.06,19.504],[82.022,19.502],[82.032,19.521],[82.046,19.539],[82.04,19.552],[82.044,19.565],[82.035,19.583],[82.037,19.598],[82.051,19.624],[82.046,19.644],[82.047,19.669],[82.038,19.704],[82.044,19.714],[82.044,19.738],[82.057,19.753],[82.06,19.783],[82.052,19.791],[82.029,19.792],[81.999,19.798],[81.98,19.796],[81.961,19.824],[81.957,19.836],[81.96,19.855],[81.939,19.865],[81.898,19.879],[81.858,19.9],[81.846,19.915],[81.849,19.939],[81.837,19.95],[81.847,19.97],[81.852,19.996],[81.86,20.023],[81.874,20.046],[81.889,20.043],[81.915,20.074],[81.934,20.099],[81.944,20.102],[81.974,20.076],[81.983,20.057],[81.993,20.048],[82.013,20.041],[82.015,20.02],[82.024,20.01],[82.031,20.023],[82.049,20.035],[82.058,20.05],[82.076,20.044],[82.083,20.033],[82.116,20.01],[82.132,20.013],[82.166,19.996],[82.184,19.981],[82.204,19.98],[82.211,19.991],[82.231,19.998],[82.253,19.976],[82.262,19.972],[82.269,19.945],[82.295,19.899],[82.298,19.883],[82.318,19.859],[82.327,19.838],[82.339,19.83],[82.368,19.854],[82.389,19.882],[82.414,19.897],[82.442,19.903],[82.458,19.895],[82.476,19.901],[82.498,19.895],[82.498,19.885],[82.512,19.884],[82.523,19.873],[82.53,19.882],[82.544,19.869],[82.567,19.872],[82.578,19.863],[82.597,19.86],[82.572,19.828],[82.572,19.802],[82.579,19.797],[82.578,19.776],[82.585,19.771],[82.599,19.781],[82.619,19.786],[82.629,19.804],[82.642,19.814],[82.646,19.825],[82.683,19.824],[82.698,19.827],[82.711,19.849],[82.709,19.87],[82.701,19.893],[82.7,19.907],[82.709,19.947],[82.711,19.983],[82.701,19.993],[82.65,19.999],[82.624,19.998],[82.614,19.987],[82.598,19.986],[82.582,19.99],[82.576,19.999],[82.544,20.012],[82.524,20.01],[82.502,20.014],[82.476,20.03],[82.441,20.035],[82.425,20.044],[82.396,20.049],[82.391,20.06],[82.395,20.089],[82.391,20.119],[82.379,20.145],[82.383,20.16],[82.406,20.179],[82.414,20.202],[82.404,20.24],[82.414,20.242],[82.405,20.264],[82.428,20.279],[82.422,20.31],[82.4,20.325],[82.394,20.336],[82.398,20.356],[82.41,20.377],[82.41,20.403],[82.424,20.41],[82.429,20.426],[82.418,20.438],[82.419,20.457],[82.41,20.473],[82.397,20.452],[82.388,20.453],[82.38,20.51],[82.359,20.516],[82.349,20.523],[82.342,20.538],[82.324,20.554],[82.343,20.575],[82.339,20.594],[82.356,20.603],[82.368,20.63],[82.362,20.65],[82.366,20.661],[82.351,20.678],[82.343,20.699],[82.346,20.729],[82.335,20.759],[82.339,20.79],[82.333,20.82],[82.334,20.841],[82.347,20.884],[82.359,20.883],[82.356,20.87],[82.368,20.864],[82.383,20.87],[82.401,20.862],[82.407,20.848],[82.406,20.837],[82.416,20.826],[82.437,20.83],[82.454,20.821],[82.46,20.836],[82.478,20.847],[82.485,20.873],[82.483,20.9],[82.494,20.909],[82.513,20.917],[82.519,20.925],[82.536,20.93],[82.553,20.941],[82.567,20.967],[82.582,20.987],[82.604,21.006],[82.609,21.018],[82.622,21.037],[82.609,21.064],[82.609,21.071],[82.626,21.077],[82.645,21.102],[82.64,21.117],[82.648,21.125],[82.634,21.136],[82.636,21.149],[82.662,21.151],[82.685,21.158],[82.701,21.153],[82.721,21.159],[82.758,21.159],[82.782,21.141],[82.812,21.159],[82.84,21.163],[82.847,21.158],[82.879,21.149],[82.902,21.163],[82.922,21.158],[82.942,21.163],[82.956,21.175],[82.965,21.156],[82.98,21.157],[83.01,21.145],[83.041,21.119],[83.06,21.116],[83.071,21.108],[83.095,21.104],[83.108,21.108],[83.12,21.101],[83.134,21.105],[83.161,21.131],[83.177,21.131],[83.193,21.139],[83.194,21.158],[83.2,21.174],[83.211,21.191],[83.208,21.201],[83.219,21.224],[83.214,21.251],[83.225,21.267],[83.242,21.276],[83.257,21.276],[83.268,21.269],[83.275,21.286],[83.273,21.296],[83.259,21.302],[83.255,21.332],[83.266,21.345],[83.271,21.359],[83.27,21.375],[83.31,21.365],[83.375,21.34],[83.388,21.339],[83.403,21.348],[83.394,21.361],[83.394,21.399],[83.381,21.41],[83.37,21.436],[83.35,21.444],[83.343,21.465],[83.342,21.485],[83.335,21.496],[83.346,21.508],[83.354,21.535],[83.366,21.55],[83.362,21.573],[83.368,21.597],[83.381,21.613],[83.414,21.636],[83.441,21.649],[83.441,21.618],[83.449,21.608],[83.463,21.606],[83.47,21.627],[83.485,21.626],[83.483,21.64],[83.441,21.655],[83.42,21.675],[83.421,21.687],[83.432,21.694],[83.456,21.694],[83.478,21.728],[83.484,21.742],[83.474,21.75],[83.479,21.759],[83.476,21.774],[83.467,21.783],[83.484,21.794],[83.491,21.809],[83.522,21.794],[83.537,21.794],[83.536,21.818],[83.531,21.832],[83.557,21.834],[83.574,21.83],[83.584,21.844],[83.584,21.853],[83.572,21.872],[83.583,21.891],[83.6,21.911],[83.588,21.926],[83.553,21.932],[83.558,21.944],[83.535,21.964],[83.534,21.976],[83.549,22.007],[83.534,22.022],[83.532,22.034],[83.538,22.055],[83.584,22.055],[83.6,22.066],[83.574,22.089],[83.557,22.1],[83.593,22.14],[83.606,22.158],[83.619,22.196],[83.646,22.225],[83.657,22.225],[83.679,22.241],[83.693,22.246],[83.746,22.241],[83.771,22.257],[83.779,22.275],[83.798,22.29],[83.821,22.296],[83.822,22.316],[83.829,22.324],[83.843,22.326],[83.861,22.344],[83.872,22.339],[83.897,22.34],[83.916,22.36],[83.93,22.356],[83.952,22.361],[83.967,22.358],[83.978,22.365],[84.001,22.37],[84.002,22.38],[84.014,22.404],[84.04,22.433],[84.042,22.464],[84.022,22.472],[84.013,22.485],[83.976,22.502],[83.977,22.518],[83.994,22.529],[84.003,22.521]]]},"properties":{"ID_0":105,"ISO":"IND","NAME_0":"India","ID_1":7,"NAME_1":"Chhattisgarh","NL_NAME_1":null,"VARNAME_1":null,"TYPE_1":"State","ENGTYPE_1":"State"}},
{"type":"Feature","geometry":{"type":"Polygon","coordinates":[[[72.99,20.292],[72.988,20.275],[72.98,20.271],[72.97,20.275],[72.951,20.292],[72.938,20.288],[72.925,20.279],[72.922,20.274],[72.924,20.268],[72.944,20.245],[72.965,20.237],[72.974,20.226],[72.974,20.215],[72.97,20.212],[72.976,20.18],[72.986,20.177],[72.986,20.158],[72.973,20.131],[72.985,20.113],[73.004,20.118],[73.008,20.129],[73.008,20.132],[73.017,20.135],[73.017,20.13],[73.01,20.11],[73.02,20.105],[73.032,20.084],[73.045,20.072],[73.059,20.068],[73.058,20.097],[73.088,20.094],[73.105,20.087],[73.11,20.085],[73.112,20.083],[73.123,20.078],[73.128,20.078],[73.137,20.085],[73.144,20.078],[73.163,20.073],[73.17,20.066],[73.175,20.058],[73.184,20.052],[73.186,20.053],[73.199,20.062],[73.198,20.078],[73.214,20.091],[73.218,20.106],[73.211,20.124],[73.196,20.14],[73.195,20.151],[73.199,20.162],[73.218,20.168],[73.227,20.176],[73.229,20.184],[73.21,20.197],[73.204,20.198],[73.189,20.201],[73.18,20.209],[73.169,20.2],[73.154,20.202],[73.153,20.203],[73.15,20.206],[73.142,20.204],[73.146,20.187],[73.148,20.185],[73.125,20.157],[73.117,20.159],[73.109,20.159],[73.099,20.173],[73.098,20.173],[73.09,20.17],[73.086,20.157],[73.076,20.16],[73.072,20.163],[73.074,20.193],[73.07,20.197],[73.067,20.198],[73.064,20.203],[73.077,20.23],[73.088,20.234],[73.102,20.229],[73.109,20.239],[73.113,20.244],[73.125,20.257],[73.137,20.26],[73.143,20.269],[73.146,20.281],[73.147,20.281],[73.154,20.277],[73.155,20.285],[73.158,20.29],[73.161,20.292],[73.167,20.283],[73.18,20.29],[73.177,20.308],[73.178,20.311],[73.177,20.312],[73.147,20.317],[73.139,20.31],[73.116,20.304],[73.122,20.333],[73.118,20.343],[73.114,20.353],[73.111,20.356],[73.105,20.361],[73.102,20.358],[73.097,20.335],[73.086,20.326],[73.075,20.33],[73.067,20.326],[73.055,20.325],[73.048,20.317],[73.044,20.291],[73.037,20.291],[73.027,20.294],[73.02,20.317],[73.022,20.293],[72.99,20.292]]]},"properties":{"ID_0":105,"ISO":"IND","NAME_0":"India","ID_1":8,"NAME_1":"Dadra and Nagar Haveli","NL_NAME_1":null,"VARNAME_1":"DAdra et Nagar Haveli|Dadra e Nagar Haveli","TYPE_1":"Union Territor","ENGTYPE_1":"Union Territory"}},
{"type":"Feature","geometry":{"type":"MultiPolygon","coordinates":[[[[72.866,20.468],[72.843,20.458],[72.828,20.434],[72.827,20.386],[72.822,20.371],[72.831,20.369],[72.843,20.399],[72.851,20.408],[72.87,20.391],[72.876,20.381],[72.874,20.393],[72.869,20.404],[72.869,20.406],[72.851,20.412],[72.844,20.416],[72.841,20.418],[72.839,20.438],[72.851,20.455],[72.866,20.468]]],[[[70.949,20.734],[70.93,20.732],[70.905,20.727],[70.892,20.708],[70.899,20.699],[70.916,20.701],[70.918,20.71],[70.935,20.711],[70.955,20.704],[70.977,20.703],[70.998,20.714],[70.963,20.729],[70.949,20.734]]],[[[70.768,20.962],[70.756,20.974],[70.742,20.99],[70.734,20.988],[70.74,20.977],[70.731,20.96],[70.719,20.937],[70.718,20.912],[70.694,20.883],[70.684,20.851],[70.679,20.844],[70.676,20.819],[70.682,20.801],[70.683,20.784],[70.675,20.77],[70.677,20.769],[70.674,20.758],[70.689,20.748],[70.744,20.72],[70.758,20.723],[70.794,20.711],[70.815,20.715],[70.829,20.709],[70.869,20.706],[70.87,20.719],[70.84,20.73],[70.855,20.752],[70.854,20.753],[70.864,20.764],[70.863,20.782],[70.894,20.795],[70.897,20.816],[70.891,20.833],[70.873,20.835],[70.85,20.832],[70.838,20.837],[70.836,20.848],[70.82,20.849],[70.82,20.858],[70.841,20.858],[70.884,20.873],[70.9,20.886],[70.902,20.903],[70.89,20.936],[70.88,20.955],[70.862,20.961],[70.851,20.963],[70.846,20.971],[70.833,20.969],[70.825,20.96],[70.808,20.964],[70.794,20.959],[70.779,20.967],[70.773,20.961],[70.768,20.962]]]]},"properties":{"ID_0":105,"ISO":"IND","NAME_0":"India","ID_1":9,"NAME_1":"Daman and Diu","NL_NAME_1":null,"VARNAME_1":null,"TYPE_1":"Union Territor","ENGTYPE_1":"Union Territory"}},
{"type":"Feature","geometry":{"type":"Polygon","coordinates":[[[77.194,28.802],[77.195,28.815],[77.214,28.813],[77.217,28.835],[77.205,28.863],[77.193,28.865],[77.184,28.862],[77.165,28.861],[77.151,28.848],[77.136,28.853],[77.129,28.865],[77.11,28.866],[77.099,28.872],[77.083,28.875],[77.05,28.873],[77.038,28.853],[77.032,28.837],[77.007,28.835],[76.983,28.839],[76.98,28.837],[76.974,28.826],[76.958,28.83],[76.948,28.818],[76.937,28.804],[76.947,28.774],[76.938,28.76],[76.95,28.747],[76.951,28.736],[76.941,28.717],[76.955,28.705],[76.95,28.694],[76.947,28.677],[76.943,28.675],[76.923,28.669],[76.918,28.653],[76.934,28.638],[76.924,28.629],[76.91,28.638],[76.894,28.633],[76.878,28.638],[76.855,28.592],[76.835,28.591],[76.833,28.583],[76.838,28.557],[76.859,28.542],[76.879,28.524],[76.879,28.509],[76.894,28.516],[76.908,28.515],[76.933,28.516],[76.945,28.514],[76.968,28.528],[76.977,28.524],[77.006,28.514],[77.011,28.524],[76.998,28.532],[77,28.542],[77.016,28.533],[77.02,28.533],[77.042,28.519],[77.057,28.514],[77.072,28.52],[77.09,28.505],[77.108,28.494],[77.103,28.483],[77.102,28.476],[77.113,28.45],[77.131,28.439],[77.152,28.428],[77.166,28.408],[77.195,28.413],[77.215,28.416],[77.241,28.429],[77.243,28.447],[77.226,28.464],[77.232,28.476],[77.254,28.486],[77.278,28.498],[77.301,28.49],[77.315,28.495],[77.329,28.508],[77.337,28.516],[77.331,28.524],[77.315,28.541],[77.303,28.55],[77.295,28.561],[77.294,28.58],[77.295,28.582],[77.31,28.599],[77.328,28.605],[77.337,28.622],[77.33,28.631],[77.311,28.645],[77.318,28.672],[77.328,28.692],[77.322,28.712],[77.317,28.717],[77.296,28.713],[77.293,28.71],[77.284,28.719],[77.271,28.738],[77.266,28.739],[77.256,28.74],[77.253,28.753],[77.246,28.757],[77.229,28.772],[77.221,28.778],[77.225,28.788],[77.213,28.786],[77.208,28.787],[77.197,28.795],[77.194,28.802]]]},"properties":{"ID_0":105,"ISO":"IND","NAME_0":"India","ID_1":10,"NAME_1":"Delhi","NL_NAME_1":null,"VARNAME_1":null,"TYPE_1":"Union Territor","ENGTYPE_1":"Union Territory"}},
{"type":"Feature","geometry":{"type":"Polygon","coordinates":[[[74.126,15.65],[74.081,15.626],[74.039,15.621],[74.028,15.605],[74.002,15.609],[73.976,15.629],[73.969,15.644],[73.976,15.66],[73.971,15.687],[73.957,15.697],[73.959,15.711],[73.951,15.723],[73.945,15.742],[73.909,15.742],[73.886,15.747],[73.88,15.753],[73.887,15.77],[73.875,15.783],[73.876,15.793],[73.865,15.798],[73.839,15.761],[73.833,15.738],[73.82,15.74],[73.786,15.723],[73.776,15.731],[73.749,15.731],[73.741,15.719],[73.719,15.722],[73.707,15.722],[73.692,15.727],[73.68,15.724],[73.688,15.72],[73.711,15.668],[73.723,15.63],[73.733,15.618],[73.745,15.627],[73.755,15.617],[73.743,15.605],[73.731,15.608],[73.732,15.589],[73.755,15.546],[73.767,15.5],[73.768,15.491],[73.805,15.495],[73.807,15.473],[73.801,15.461],[73.834,15.451],[73.849,15.452],[73.859,15.442],[73.862,15.428],[73.887,15.431],[73.897,15.415],[73.883,15.398],[73.863,15.402],[73.845,15.4],[73.844,15.409],[73.817,15.404],[73.8,15.412],[73.783,15.412],[73.791,15.394],[73.804,15.395],[73.809,15.377],[73.834,15.37],[73.842,15.36],[73.873,15.37],[73.887,15.35],[73.909,15.29],[73.929,15.224],[73.931,15.212],[73.948,15.147],[73.937,15.134],[73.941,15.12],[73.923,15.11],[73.926,15.097],[73.917,15.089],[73.931,15.078],[73.948,15.075],[73.967,15.066],[73.976,15.05],[73.983,15.05],[73.993,15.018],[74.021,15.012],[74.033,14.999],[74.049,14.957],[74.043,14.949],[74.047,14.934],[74.043,14.918],[74.065,14.908],[74.097,14.896],[74.104,14.904],[74.113,14.911],[74.133,14.916],[74.146,14.917],[74.175,14.909],[74.175,14.916],[74.166,14.937],[74.17,14.942],[74.17,14.947],[74.187,14.953],[74.197,14.943],[74.204,14.938],[74.203,14.927],[74.219,14.931],[74.225,14.941],[74.242,14.946],[74.244,14.957],[74.251,14.961],[74.262,14.958],[74.267,14.967],[74.274,14.975],[74.262,14.991],[74.272,14.998],[74.271,14.999],[74.282,15.016],[74.29,15.022],[74.289,15.03],[74.302,15.04],[74.287,15.069],[74.281,15.102],[74.293,15.12],[74.29,15.143],[74.298,15.146],[74.311,15.162],[74.322,15.184],[74.302,15.228],[74.264,15.242],[74.258,15.258],[74.268,15.258],[74.277,15.274],[74.302,15.286],[74.334,15.283],[74.342,15.293],[74.328,15.313],[74.323,15.33],[74.328,15.343],[74.323,15.357],[74.328,15.367],[74.306,15.381],[74.29,15.381],[74.283,15.389],[74.285,15.402],[74.276,15.424],[74.283,15.443],[74.273,15.465],[74.256,15.49],[74.257,15.497],[74.282,15.513],[74.287,15.526],[74.283,15.542],[74.273,15.554],[74.254,15.566],[74.256,15.583],[74.265,15.59],[74.267,15.617],[74.259,15.624],[74.255,15.654],[74.245,15.666],[74.232,15.667],[74.224,15.65],[74.212,15.661],[74.196,15.665],[74.19,15.681],[74.175,15.67],[74.173,15.652],[74.143,15.647],[74.126,15.65]]]},"properties":{"ID_0":105,"ISO":"IND","NAME_0":"India","ID_1":11,"NAME_1":"Goa","NL_NAME_1":null,"VARNAME_1":"Ga","TYPE_1":"State","ENGTYPE_1":"State"}},
{"type":"Feature","geometry":{"type":"MultiPolygon","coordinates":[[[[70.87,20.719],[70.855,20.752],[70.84,20.73],[70.87,20.719]]],[[[72.677,21.156],[72.665,21.148],[72.676,21.105],[72.686,21.091],[72.698,21.108],[72.697,21.119],[72.705,21.134],[72.703,21.146],[72.677,21.156]]],[[[72.353,21.613],[72.346,21.602],[72.352,21.586],[72.365,21.588],[72.363,21.601],[72.353,21.613]]],[[[72.723,21.666],[72.71,21.66],[72.722,21.643],[72.746,21.647],[72.746,21.659],[72.723,21.666]]],[[[69.628,22.46],[69.594,22.446],[69.588,22.437],[69.596,22.425],[69.637,22.407],[69.654,22.431],[69.643,22.451],[69.628,22.46]]],[[[69.302,22.474],[69.293,22.46],[69.301,22.453],[69.32,22.451],[69.328,22.463],[69.319,22.472],[69.302,22.474]]],[[[69.137,22.478],[69.098,22.462],[69.095,22.442],[69.104,22.433],[69.111,22.464],[69.123,22.468],[69.146,22.462],[69.148,22.474],[69.137,22.478]]],[[[69.324,22.528],[69.316,22.52],[69.347,22.504],[69.363,22.512],[69.351,22.527],[69.324,22.528]]],[[[69.919,22.553],[69.9,22.545],[69.894,22.523],[69.895,22.512],[69.916,22.512],[69.942,22.518],[69.942,22.529],[69.932,22.545],[69.919,22.553]]],[[[70.009,22.593],[69.993,22.585],[69.967,22.578],[69.957,22.561],[69.964,22.545],[69.986,22.547],[70.008,22.554],[70.027,22.568],[70.025,22.586],[70.009,22.593]]],[[[70.448,23.052],[70.413,23.017],[70.41,22.998],[70.425,23],[70.438,23.021],[70.448,23.052]]],[[[68.558,23.314],[68.553,23.298],[68.564,23.278],[68.558,23.274],[68.541,23.285],[68.54,23.267],[68.569,23.25],[68.572,23.261],[68.606,23.268],[68.615,23.274],[68.607,23.298],[68.565,23.302],[68.558,23.314]]],[[[68.506,23.342],[68.505,23.327],[68.512,23.318],[68.536,23.317],[68.528,23.337],[68.506,23.342]]],[[[68.589,23.374],[68.571,23.374],[68.594,23.339],[68.616,23.333],[68.617,23.347],[68.6,23.358],[68.589,23.374]]],[[[68.507,23.457],[68.504,23.431],[68.521,23.437],[68.519,23.449],[68.507,23.457]]],[[[68.473,23.48],[68.444,23.467],[68.435,23.441],[68.462,23.453],[68.46,23.433],[68.467,23.406],[68.485,23.405],[68.49,23.445],[68.495,23.457],[68.487,23.473],[68.473,23.48]]],[[[68.481,23.501],[68.473,23.496],[68.474,23.481],[68.487,23.486],[68.481,23.501]]],[[[68.479,23.555],[68.457,23.542],[68.475,23.538],[68.479,23.555]]],[[[68.482,23.597],[68.481,23.591],[68.478,23.59],[68.473,23.593],[68.468,23.592],[68.451,23.565],[68.434,23.555],[68.43,23.533],[68.442,23.535],[68.466,23.552],[68.485,23.575],[68.482,23.597]]],[[[68.456,23.625],[68.435,23.616],[68.441,23.603],[68.467,23.602],[68.465,23.623],[68.456,23.625]]],[[[68.485,23.628],[68.47,23.617],[68.467,23.593],[68.473,23.594],[68.48,23.591],[68.48,23.598],[68.478,23.6],[68.478,23.606],[68.491,23.608],[68.485,23.628]]],[[[68.358,23.805],[68.35,23.797],[68.349,23.782],[68.335,23.759],[68.339,23.733],[68.335,23.725],[68.315,23.714],[68.312,23.702],[68.292,23.678],[68.281,23.67],[68.269,23.65],[68.207,23.642],[68.188,23.628],[68.187,23.611],[68.195,23.604],[68.215,23.601],[68.22,23.591],[68.243,23.594],[68.245,23.604],[68.264,23.602],[68.27,23.613],[68.286,23.605],[68.274,23.594],[68.281,23.582],[68.295,23.579],[68.307,23.587],[68.33,23.589],[68.347,23.598],[68.359,23.628],[68.37,23.634],[68.391,23.655],[68.413,23.71],[68.418,23.729],[68.416,23.753],[68.425,23.777],[68.426,23.796],[68.412,23.793],[68.398,23.785],[68.377,23.792],[68.358,23.805]]],[[[68.308,23.824],[68.295,23.819],[68.298,23.804],[68.278,23.797],[68.264,23.76],[68.269,23.752],[68.265,23.727],[68.257,23.716],[68.268,23.705],[68.286,23.714],[68.3,23.728],[68.324,23.734],[68.315,23.765],[68.315,23.789],[68.322,23.803],[68.313,23.822],[68.308,23.824]]],[[[68.497,23.831],[68.471,23.82],[68.458,23.817],[68.448,23.806],[68.456,23.774],[68.437,23.743],[68.465,23.743],[68.488,23.737],[68.517,23.755],[68.522,23.775],[68.516,23.779],[68.512,23.789],[68.523,23.804],[68.508,23.826],[68.497,23.831]]],[[[68.396,23.878],[68.377,23.873],[68.374,23.86],[68.343,23.837],[68.347,23.818],[68.354,23.811],[68.37,23.81],[68.379,23.795],[68.4,23.79],[68.425,23.81],[68.439,23.834],[68.417,23.871],[68.396,23.878]]],[[[68.248,23.88],[68.217,23.868],[68.216,23.848],[68.233,23.842],[68.251,23.862],[68.248,23.88]]],[[[68.449,23.938],[68.427,23.933],[68.42,23.921],[68.386,23.906],[68.356,23.903],[68.35,23.891],[68.356,23.876],[68.356,23.86],[68.372,23.86],[68.373,23.869],[68.378,23.876],[68.396,23.88],[68.417,23.872],[68.427,23.865],[68.442,23.871],[68.452,23.882],[68.448,23.893],[68.456,23.934],[68.449,23.938]]],[[[68.535,23.946],[68.53,23.917],[68.513,23.903],[68.487,23.891],[68.49,23.867],[68.504,23.866],[68.521,23.857],[68.533,23.876],[68.539,23.868],[68.565,23.894],[68.566,23.901],[68.588,23.922],[68.562,23.923],[68.558,23.923],[68.559,23.928],[68.557,23.932],[68.542,23.934],[68.535,23.946]]],[[[68.482,23.993],[68.463,23.992],[68.448,23.981],[68.441,23.962],[68.428,23.938],[68.448,23.94],[68.461,23.933],[68.456,23.929],[68.454,23.882],[68.431,23.853],[68.444,23.848],[68.473,23.863],[68.485,23.899],[68.505,23.91],[68.518,23.924],[68.517,23.942],[68.503,23.946],[68.496,23.96],[68.502,23.973],[68.482,23.993]]],[[[68.43,23.995],[68.42,23.991],[68.4,23.968],[68.387,23.965],[68.374,23.984],[68.36,23.977],[68.348,23.963],[68.347,23.937],[68.342,23.925],[68.326,23.914],[68.297,23.921],[68.283,23.92],[68.275,23.898],[68.258,23.88],[68.254,23.859],[68.241,23.85],[68.235,23.836],[68.216,23.836],[68.209,23.811],[68.226,23.763],[68.219,23.755],[68.206,23.755],[68.193,23.731],[68.208,23.707],[68.22,23.7],[68.238,23.681],[68.256,23.68],[68.267,23.696],[68.255,23.712],[68.266,23.746],[68.262,23.76],[68.274,23.797],[68.296,23.804],[68.294,23.821],[68.306,23.825],[68.315,23.824],[68.32,23.808],[68.338,23.819],[68.336,23.839],[68.347,23.86],[68.348,23.876],[68.342,23.89],[68.35,23.908],[68.363,23.914],[68.384,23.915],[68.403,23.921],[68.419,23.934],[68.432,23.96],[68.437,23.988],[68.43,23.995]]],[[[74.323,23.063],[74.31,23.08],[74.283,23.095],[74.288,23.119],[74.28,23.13],[74.272,23.156],[74.262,23.172],[74.25,23.178],[74.208,23.192],[74.19,23.172],[74.183,23.152],[74.155,23.158],[74.146,23.175],[74.127,23.179],[74.123,23.192],[74.125,23.207],[74.139,23.227],[74.136,23.265],[74.13,23.273],[74.114,23.277],[74.107,23.294],[74.09,23.298],[74.049,23.295],[74.03,23.32],[74.033,23.332],[73.991,23.338],[73.983,23.36],[73.971,23.377],[73.962,23.381],[73.947,23.374],[73.939,23.341],[73.914,23.336],[73.894,23.337],[73.895,23.353],[73.879,23.368],[73.867,23.396],[73.836,23.431],[73.827,23.447],[73.794,23.436],[73.783,23.435],[73.765,23.459],[73.734,23.425],[73.726,23.413],[73.717,23.419],[73.704,23.456],[73.694,23.459],[73.669,23.452],[73.653,23.44],[73.633,23.452],[73.641,23.473],[73.644,23.497],[73.658,23.504],[73.658,23.514],[73.637,23.531],[73.638,23.563],[73.65,23.575],[73.65,23.608],[73.661,23.623],[73.642,23.631],[73.619,23.651],[73.609,23.654],[73.571,23.654],[73.553,23.631],[73.527,23.611],[73.513,23.617],[73.501,23.635],[73.512,23.645],[73.507,23.658],[73.511,23.673],[73.51,23.697],[73.502,23.707],[73.479,23.709],[73.473,23.726],[73.455,23.74],[73.451,23.753],[73.432,23.762],[73.42,23.779],[73.4,23.784],[73.39,23.769],[73.376,23.767],[73.361,23.792],[73.373,23.822],[73.37,23.839],[73.36,23.855],[73.386,23.906],[73.396,23.917],[73.408,23.916],[73.42,23.923],[73.419,23.954],[73.421,23.975],[73.411,23.998],[73.409,24.016],[73.414,24.051],[73.397,24.073],[73.37,24.088],[73.37,24.112],[73.335,24.115],[73.332,24.104],[73.335,24.083],[73.327,24.063],[73.307,24.051],[73.291,24.027],[73.275,24.028],[73.253,24.011],[73.229,24.024],[73.223,24.032],[73.201,24.045],[73.201,24.057],[73.209,24.067],[73.224,24.098],[73.2,24.108],[73.172,24.111],[73.147,24.123],[73.123,24.14],[73.117,24.153],[73.083,24.185],[73.092,24.221],[73.111,24.231],[73.101,24.238],[73.116,24.263],[73.139,24.28],[73.145,24.308],[73.151,24.311],[73.173,24.301],[73.185,24.309],[73.187,24.335],[73.211,24.334],[73.216,24.35],[73.231,24.365],[73.211,24.375],[73.19,24.356],[73.18,24.351],[73.162,24.353],[73.145,24.363],[73.127,24.369],[73.111,24.387],[73.098,24.386],[73.085,24.394],[73.097,24.417],[73.106,24.42],[73.107,24.457],[73.099,24.473],[73.094,24.495],[73.057,24.473],[73.051,24.465],[73.022,24.465],[73.013,24.482],[72.981,24.451],[72.991,24.421],[72.964,24.392],[72.987,24.375],[72.991,24.364],[72.977,24.359],[72.946,24.339],[72.934,24.336],[72.924,24.326],[72.901,24.351],[72.868,24.366],[72.829,24.365],[72.815,24.358],[72.773,24.361],[72.749,24.358],[72.733,24.361],[72.707,24.391],[72.693,24.419],[72.693,24.46],[72.659,24.456],[72.589,24.473],[72.574,24.488],[72.542,24.505],[72.514,24.465],[72.512,24.447],[72.501,24.45],[72.51,24.418],[72.508,24.41],[72.487,24.405],[72.465,24.407],[72.464,24.421],[72.456,24.438],[72.437,24.461],[72.439,24.479],[72.448,24.493],[72.442,24.504],[72.421,24.508],[72.398,24.5],[72.386,24.501],[72.358,24.553],[72.334,24.556],[72.332,24.542],[72.295,24.538],[72.29,24.558],[72.272,24.55],[72.251,24.58],[72.277,24.599],[72.3,24.6],[72.314,24.585],[72.342,24.594],[72.354,24.618],[72.34,24.623],[72.331,24.612],[72.315,24.609],[72.294,24.613],[72.275,24.622],[72.249,24.621],[72.23,24.633],[72.216,24.62],[72.186,24.609],[72.162,24.616],[72.151,24.634],[72.117,24.633],[72.085,24.653],[72.082,24.668],[72.092,24.675],[72.085,24.697],[72.052,24.706],[72.041,24.695],[72.007,24.686],[71.994,24.678],[71.993,24.657],[71.967,24.638],[71.935,24.627],[71.919,24.646],[71.926,24.662],[71.912,24.67],[71.894,24.666],[71.881,24.676],[71.871,24.672],[71.863,24.649],[71.869,24.623],[71.858,24.604],[71.847,24.615],[71.821,24.617],[71.812,24.622],[71.817,24.646],[71.813,24.661],[71.799,24.671],[71.785,24.669],[71.746,24.654],[71.716,24.654],[71.686,24.64],[71.662,24.633],[71.65,24.64],[71.645,24.653],[71.617,24.671],[71.598,24.664],[71.583,24.677],[71.551,24.671],[71.537,24.679],[71.523,24.675],[71.488,24.674],[71.474,24.663],[71.451,24.659],[71.422,24.638],[71.407,24.635],[71.4,24.627],[71.381,24.621],[71.368,24.627],[71.357,24.654],[71.326,24.643],[71.298,24.608],[71.261,24.621],[71.242,24.627],[71.207,24.64],[71.172,24.649],[71.119,24.669],[71.107,24.681],[71.085,24.661],[71.046,24.639],[71.02,24.631],[71.001,24.599],[70.999,24.585],[71.003,24.566],[70.998,24.541],[71.015,24.523],[71.014,24.502],[71.008,24.467],[71.008,24.442],[71.029,24.433],[71.076,24.434],[71.093,24.436],[71.119,24.431],[71.134,24.414],[71.132,24.402],[71.122,24.391],[71.088,24.381],[71.068,24.357],[71.047,24.347],[71.013,24.347],[70.998,24.361],[70.974,24.348],[70.96,24.346],[70.929,24.323],[70.925,24.317],[70.885,24.291],[70.884,24.281],[70.894,24.257],[70.854,24.247],[70.837,24.235],[70.806,24.223],[70.726,24.221],[70.655,24.225],[70.614,24.239],[70.594,24.24],[70.574,24.252],[70.572,24.265],[70.588,24.285],[70.574,24.29],[70.573,24.298],[70.587,24.31],[70.581,24.316],[70.572,24.345],[70.592,24.359],[70.611,24.402],[70.575,24.42],[70.532,24.41],[70.483,24.391],[70.46,24.387],[70.37,24.353],[70.326,24.347],[70.297,24.34],[70.237,24.317],[70.15,24.301],[70.119,24.291],[70.11,24.285],[70.088,24.235],[70.077,24.216],[70.049,24.184],[70.024,24.169],[69.979,24.165],[69.912,24.164],[69.825,24.167],[69.725,24.175],[69.709,24.189],[69.681,24.205],[69.67,24.217],[69.617,24.26],[69.601,24.278],[69.58,24.27],[69.528,24.259],[69.501,24.255],[69.432,24.274],[69.412,24.274],[69.382,24.266],[69.362,24.266],[69.31,24.277],[69.275,24.269],[69.268,24.264],[69.229,24.251],[69.2,24.235],[69.19,24.236],[69.137,24.253],[69.118,24.262],[69.085,24.268],[69.014,24.229],[68.986,24.226],[68.971,24.238],[68.947,24.277],[68.922,24.259],[68.914,24.245],[68.904,24.209],[68.898,24.199],[68.878,24.197],[68.864,24.205],[68.848,24.208],[68.84,24.228],[68.831,24.288],[68.826,24.308],[68.773,24.294],[68.764,24.284],[68.764,24.236],[68.762,24.191],[68.761,24.1],[68.76,24.036],[68.751,24],[68.749,23.962],[68.547,23.963],[68.538,23.945],[68.545,23.935],[68.558,23.933],[68.56,23.93],[68.56,23.924],[68.58,23.924],[68.588,23.922],[68.587,23.941],[68.608,23.935],[68.62,23.916],[68.613,23.903],[68.586,23.886],[68.572,23.88],[68.566,23.863],[68.556,23.854],[68.551,23.84],[68.523,23.817],[68.525,23.8],[68.517,23.794],[68.516,23.783],[68.527,23.771],[68.525,23.759],[68.535,23.757],[68.565,23.798],[68.575,23.821],[68.588,23.836],[68.597,23.84],[68.627,23.835],[68.645,23.838],[68.666,23.853],[68.672,23.862],[68.729,23.855],[68.735,23.838],[68.727,23.829],[68.685,23.82],[68.653,23.797],[68.631,23.759],[68.604,23.748],[68.595,23.732],[68.58,23.728],[68.557,23.717],[68.546,23.697],[68.528,23.688],[68.517,23.662],[68.501,23.657],[68.498,23.645],[68.489,23.635],[68.493,23.607],[68.487,23.596],[68.488,23.579],[68.495,23.556],[68.49,23.54],[68.498,23.514],[68.492,23.503],[68.505,23.49],[68.501,23.475],[68.507,23.463],[68.531,23.448],[68.534,23.423],[68.559,23.42],[68.565,23.402],[68.557,23.39],[68.567,23.378],[68.581,23.39],[68.592,23.374],[68.606,23.38],[68.613,23.362],[68.637,23.344],[68.636,23.317],[68.661,23.296],[68.632,23.296],[68.63,23.291],[68.641,23.267],[68.656,23.272],[68.658,23.261],[68.625,23.243],[68.605,23.243],[68.613,23.228],[68.6,23.223],[68.599,23.24],[68.585,23.233],[68.585,23.222],[68.627,23.187],[68.636,23.184],[68.652,23.155],[68.713,23.118],[68.762,23.079],[68.785,23.073],[68.812,23.061],[68.885,23.015],[68.906,23.007],[68.945,22.98],[68.988,22.956],[69.045,22.93],[69.109,22.89],[69.127,22.875],[69.149,22.866],[69.197,22.838],[69.223,22.836],[69.267,22.824],[69.301,22.832],[69.319,22.832],[69.347,22.82],[69.358,22.823],[69.389,22.814],[69.422,22.798],[69.447,22.78],[69.474,22.773],[69.509,22.788],[69.523,22.79],[69.553,22.786],[69.568,22.77],[69.597,22.76],[69.622,22.767],[69.641,22.767],[69.655,22.758],[69.673,22.757],[69.69,22.745],[69.711,22.738],[69.715,22.752],[69.747,22.794],[69.745,22.803],[69.753,22.82],[69.798,22.85],[69.817,22.852],[69.866,22.873],[69.895,22.865],[69.906,22.866],[69.935,22.886],[69.951,22.893],[69.99,22.9],[70.024,22.902],[70.031,22.896],[70.055,22.904],[70.082,22.909],[70.106,22.909],[70.132,22.925],[70.139,22.941],[70.112,22.958],[70.12,22.965],[70.162,22.943],[70.176,22.951],[70.209,22.952],[70.225,22.96],[70.229,22.977],[70.252,22.973],[70.268,22.956],[70.287,22.945],[70.305,22.951],[70.322,22.937],[70.345,22.93],[70.384,22.945],[70.393,22.963],[70.397,23.026],[70.429,23.057],[70.446,23.065],[70.493,23.075],[70.491,23.063],[70.472,23.012],[70.456,22.987],[70.443,22.975],[70.43,22.956],[70.422,22.932],[70.41,22.92],[70.385,22.91],[70.356,22.871],[70.342,22.848],[70.339,22.83],[70.302,22.772],[70.301,22.758],[70.272,22.733],[70.255,22.726],[70.255,22.707],[70.242,22.708],[70.239,22.696],[70.252,22.695],[70.242,22.68],[70.245,22.67],[70.22,22.63],[70.199,22.617],[70.193,22.587],[70.184,22.58],[70.175,22.563],[70.163,22.552],[70.147,22.553],[70.138,22.548],[70.066,22.548],[70.047,22.555],[70.04,22.563],[70.028,22.55],[69.983,22.544],[69.946,22.528],[69.943,22.512],[69.935,22.513],[69.913,22.488],[69.911,22.468],[69.894,22.465],[69.875,22.448],[69.86,22.447],[69.841,22.456],[69.828,22.452],[69.823,22.427],[69.807,22.405],[69.793,22.403],[69.779,22.413],[69.762,22.433],[69.746,22.429],[69.74,22.44],[69.741,22.457],[69.73,22.474],[69.72,22.462],[69.691,22.451],[69.702,22.434],[69.692,22.421],[69.699,22.396],[69.664,22.394],[69.655,22.359],[69.643,22.356],[69.617,22.367],[69.618,22.349],[69.6,22.349],[69.591,22.361],[69.576,22.368],[69.56,22.367],[69.551,22.404],[69.539,22.41],[69.523,22.427],[69.509,22.426],[69.518,22.411],[69.516,22.395],[69.521,22.379],[69.501,22.367],[69.49,22.356],[69.489,22.338],[69.467,22.33],[69.455,22.335],[69.423,22.317],[69.367,22.322],[69.34,22.33],[69.334,22.304],[69.314,22.288],[69.298,22.288],[69.291,22.276],[69.257,22.269],[69.239,22.259],[69.223,22.258],[69.207,22.264],[69.171,22.293],[69.16,22.307],[69.159,22.317],[69.168,22.327],[69.168,22.345],[69.179,22.376],[69.2,22.391],[69.191,22.422],[69.171,22.422],[69.148,22.403],[69.124,22.4],[69.11,22.41],[69.083,22.392],[69.069,22.396],[69.055,22.41],[69.044,22.431],[69.067,22.452],[69.075,22.454],[69.08,22.479],[69.008,22.44],[68.985,22.414],[68.969,22.392],[68.957,22.367],[68.959,22.352],[68.955,22.335],[68.943,22.333],[68.936,22.312],[68.945,22.282],[68.957,22.261],[68.953,22.248],[68.981,22.212],[69.016,22.175],[69.058,22.126],[69.09,22.098],[69.126,22.055],[69.212,21.964],[69.259,21.918],[69.352,21.839],[69.376,21.826],[69.401,21.797],[69.434,21.766],[69.471,21.741],[69.532,21.682],[69.584,21.638],[69.602,21.637],[69.673,21.565],[69.706,21.539],[69.716,21.54],[69.718,21.561],[69.725,21.57],[69.705,21.59],[69.699,21.59],[69.678,21.603],[69.663,21.623],[69.669,21.626],[69.692,21.614],[69.695,21.593],[69.712,21.61],[69.7,21.617],[69.692,21.63],[69.698,21.644],[69.725,21.632],[69.737,21.643],[69.744,21.636],[69.751,21.61],[69.763,21.596],[69.764,21.579],[69.747,21.573],[69.747,21.562],[69.726,21.555],[69.729,21.543],[69.713,21.528],[69.77,21.467],[69.881,21.341],[69.923,21.292],[70.007,21.199],[70.029,21.178],[70.06,21.142],[70.1,21.105],[70.107,21.103],[70.134,21.08],[70.142,21.069],[70.227,20.999],[70.24,20.993],[70.258,20.973],[70.282,20.955],[70.344,20.916],[70.365,20.901],[70.373,20.903],[70.393,20.894],[70.425,20.863],[70.463,20.841],[70.475,20.841],[70.501,20.823],[70.532,20.809],[70.55,20.805],[70.585,20.782],[70.608,20.777],[70.616,20.772],[70.637,20.769],[70.645,20.763],[70.672,20.761],[70.677,20.769],[70.675,20.77],[70.683,20.784],[70.682,20.801],[70.676,20.819],[70.679,20.844],[70.684,20.851],[70.694,20.883],[70.718,20.912],[70.719,20.937],[70.731,20.96],[70.74,20.977],[70.734,20.988],[70.742,20.99],[70.756,20.974],[70.768,20.962],[70.773,20.961],[70.779,20.967],[70.794,20.959],[70.808,20.964],[70.825,20.96],[70.833,20.969],[70.846,20.971],[70.851,20.963],[70.862,20.961],[70.88,20.955],[70.89,20.936],[70.902,20.903],[70.9,20.886],[70.884,20.873],[70.841,20.858],[70.82,20.858],[70.82,20.849],[70.836,20.848],[70.838,20.837],[70.85,20.832],[70.873,20.835],[70.891,20.833],[70.897,20.816],[70.894,20.795],[70.863,20.782],[70.864,20.764],[70.854,20.753],[70.874,20.727],[70.874,20.71],[70.889,20.709],[70.892,20.708],[70.905,20.727],[70.93,20.732],[70.949,20.734],[70.963,20.729],[70.972,20.738],[70.991,20.746],[70.998,20.74],[71.035,20.739],[71.051,20.732],[71.08,20.738],[71.075,20.745],[71.086,20.756],[71.112,20.761],[71.149,20.757],[71.153,20.776],[71.161,20.781],[71.202,20.788],[71.211,20.803],[71.233,20.805],[71.239,20.812],[71.26,20.817],[71.323,20.846],[71.372,20.853],[71.382,20.86],[71.376,20.871],[71.386,20.876],[71.396,20.865],[71.437,20.868],[71.448,20.882],[71.463,20.881],[71.477,20.89],[71.482,20.905],[71.493,20.918],[71.508,20.916],[71.51,20.944],[71.523,20.949],[71.53,20.943],[71.546,20.951],[71.568,20.954],[71.599,20.965],[71.621,20.968],[71.637,20.973],[71.638,20.99],[71.664,20.999],[71.68,20.997],[71.721,21.022],[71.764,21.021],[71.788,21.04],[71.807,21.038],[71.797,21.058],[71.82,21.072],[71.824,21.068],[71.853,21.08],[71.87,21.09],[71.88,21.09],[71.889,21.102],[71.916,21.112],[71.952,21.118],[71.977,21.131],[71.992,21.143],[71.986,21.157],[72.004,21.169],[72.004,21.181],[72.022,21.182],[72.01,21.146],[72.048,21.161],[72.056,21.172],[72.074,21.179],[72.087,21.19],[72.115,21.202],[72.111,21.219],[72.089,21.229],[72.082,21.246],[72.097,21.262],[72.098,21.271],[72.111,21.287],[72.109,21.301],[72.117,21.317],[72.135,21.342],[72.167,21.377],[72.171,21.39],[72.202,21.417],[72.224,21.44],[72.251,21.494],[72.265,21.542],[72.268,21.572],[72.306,21.628],[72.303,21.644],[72.285,21.667],[72.28,21.69],[72.26,21.723],[72.248,21.751],[72.241,21.787],[72.248,21.789],[72.253,21.761],[72.263,21.74],[72.27,21.757],[72.26,21.784],[72.259,21.829],[72.255,21.864],[72.256,21.89],[72.248,21.908],[72.229,21.932],[72.22,21.948],[72.232,22.003],[72.214,21.999],[72.2,22.004],[72.223,22.021],[72.233,22.018],[72.231,22.049],[72.239,22.06],[72.278,22.08],[72.274,22.093],[72.302,22.107],[72.304,22.077],[72.298,22.063],[72.287,22.074],[72.242,22.05],[72.245,22.033],[72.261,22.019],[72.252,21.987],[72.262,21.981],[72.26,21.96],[72.267,21.937],[72.275,21.93],[72.28,21.967],[72.315,22.102],[72.311,22.112],[72.323,22.123],[72.313,22.137],[72.324,22.147],[72.342,22.135],[72.357,22.152],[72.353,22.165],[72.359,22.176],[72.372,22.172],[72.387,22.16],[72.39,22.183],[72.38,22.195],[72.367,22.2],[72.36,22.225],[72.371,22.245],[72.358,22.268],[72.378,22.261],[72.381,22.244],[72.376,22.232],[72.382,22.218],[72.401,22.202],[72.417,22.227],[72.413,22.25],[72.416,22.285],[72.411,22.299],[72.388,22.299],[72.376,22.305],[72.373,22.323],[72.379,22.336],[72.404,22.352],[72.382,22.376],[72.394,22.382],[72.399,22.369],[72.412,22.358],[72.402,22.328],[72.388,22.313],[72.435,22.301],[72.471,22.243],[72.494,22.242],[72.474,22.201],[72.488,22.197],[72.504,22.22],[72.508,22.232],[72.524,22.245],[72.523,22.262],[72.537,22.274],[72.533,22.247],[72.541,22.243],[72.557,22.259],[72.573,22.255],[72.596,22.273],[72.608,22.279],[72.637,22.284],[72.656,22.279],[72.658,22.27],[72.692,22.237],[72.718,22.236],[72.759,22.232],[72.782,22.245],[72.81,22.265],[72.844,22.282],[72.853,22.282],[72.859,22.255],[72.867,22.243],[72.912,22.245],[72.899,22.232],[72.87,22.223],[72.848,22.237],[72.826,22.241],[72.818,22.248],[72.799,22.237],[72.782,22.213],[72.774,22.194],[72.758,22.174],[72.748,22.173],[72.727,22.182],[72.7,22.185],[72.648,22.217],[72.614,22.217],[72.601,22.213],[72.569,22.188],[72.547,22.15],[72.527,22.078],[72.518,22.03],[72.507,21.994],[72.503,21.959],[72.502,21.935],[72.508,21.898],[72.517,21.889],[72.519,21.863],[72.523,21.85],[72.534,21.848],[72.568,21.824],[72.552,21.792],[72.549,21.773],[72.543,21.762],[72.543,21.743],[72.52,21.713],[72.524,21.68],[72.547,21.658],[72.559,21.659],[72.597,21.681],[72.612,21.682],[72.659,21.678],[72.67,21.683],[72.681,21.68],[72.711,21.678],[72.736,21.69],[72.747,21.685],[72.762,21.669],[72.798,21.662],[72.832,21.673],[72.833,21.667],[72.81,21.652],[72.787,21.645],[72.752,21.65],[72.747,21.642],[72.723,21.639],[72.705,21.652],[72.673,21.628],[72.66,21.628],[72.648,21.617],[72.628,21.617],[72.626,21.609],[72.606,21.58],[72.598,21.544],[72.61,21.542],[72.608,21.53],[72.627,21.502],[72.643,21.508],[72.671,21.537],[72.682,21.541],[72.686,21.528],[72.675,21.521],[72.665,21.48],[72.652,21.462],[72.652,21.436],[72.669,21.447],[72.687,21.446],[72.681,21.435],[72.665,21.427],[72.646,21.402],[72.627,21.383],[72.623,21.375],[72.622,21.346],[72.593,21.312],[72.589,21.298],[72.59,21.278],[72.599,21.269],[72.597,21.25],[72.619,21.223],[72.621,21.207],[72.621,21.143],[72.625,21.138],[72.623,21.115],[72.626,21.09],[72.633,21.08],[72.652,21.077],[72.659,21.088],[72.66,21.139],[72.665,21.153],[72.681,21.158],[72.692,21.155],[72.716,21.141],[72.707,21.127],[72.705,21.107],[72.7,21.101],[72.706,21.073],[72.732,21.07],[72.752,21.062],[72.761,21.052],[72.734,21.048],[72.724,21.036],[72.735,20.994],[72.754,20.943],[72.771,20.934],[72.787,20.942],[72.786,20.922],[72.792,20.897],[72.82,20.835],[72.826,20.814],[72.839,20.799],[72.835,20.782],[72.845,20.77],[72.857,20.766],[72.87,20.746],[72.87,20.733],[72.852,20.734],[72.875,20.653],[72.887,20.642],[72.888,20.625],[72.898,20.587],[72.898,20.574],[72.886,20.55],[72.888,20.515],[72.884,20.498],[72.872,20.494],[72.862,20.478],[72.866,20.468],[72.851,20.455],[72.839,20.438],[72.841,20.418],[72.844,20.416],[72.851,20.412],[72.869,20.406],[72.869,20.404],[72.874,20.393],[72.876,20.381],[72.87,20.391],[72.851,20.408],[72.843,20.399],[72.831,20.369],[72.822,20.371],[72.807,20.352],[72.789,20.35],[72.776,20.333],[72.775,20.304],[72.756,20.292],[72.75,20.255],[72.741,20.245],[72.745,20.231],[72.747,20.2],[72.738,20.137],[72.762,20.131],[72.788,20.13],[72.802,20.125],[72.802,20.148],[72.829,20.157],[72.834,20.184],[72.844,20.19],[72.85,20.208],[72.872,20.208],[72.872,20.223],[72.884,20.227],[72.928,20.223],[72.942,20.218],[72.97,20.212],[72.974,20.215],[72.974,20.226],[72.965,20.237],[72.944,20.245],[72.924,20.268],[72.922,20.274],[72.925,20.279],[72.938,20.288],[72.951,20.292],[72.97,20.275],[72.98,20.271],[72.988,20.275],[72.99,20.292],[73.022,20.293],[73.02,20.317],[73.027,20.294],[73.037,20.291],[73.044,20.291],[73.048,20.317],[73.055,20.325],[73.067,20.326],[73.075,20.33],[73.086,20.326],[73.097,20.335],[73.102,20.358],[73.105,20.361],[73.111,20.356],[73.114,20.353],[73.118,20.343],[73.122,20.333],[73.116,20.304],[73.139,20.31],[73.147,20.317],[73.177,20.312],[73.178,20.311],[73.177,20.308],[73.18,20.29],[73.167,20.283],[73.161,20.292],[73.158,20.29],[73.155,20.285],[73.154,20.277],[73.147,20.281],[73.146,20.281],[73.143,20.269],[73.137,20.26],[73.125,20.257],[73.113,20.244],[73.109,20.239],[73.102,20.229],[73.088,20.234],[73.077,20.23],[73.064,20.203],[73.067,20.198],[73.07,20.197],[73.074,20.193],[73.072,20.163],[73.076,20.16],[73.086,20.157],[73.09,20.17],[73.098,20.173],[73.099,20.173],[73.109,20.159],[73.117,20.159],[73.125,20.157],[73.148,20.185],[73.146,20.187],[73.142,20.204],[73.15,20.206],[73.153,20.203],[73.154,20.202],[73.169,20.2],[73.18,20.209],[73.189,20.201],[73.204,20.198],[73.21,20.197],[73.229,20.184],[73.227,20.176],[73.218,20.168],[73.199,20.162],[73.195,20.151],[73.196,20.14],[73.211,20.124],[73.216,20.122],[73.237,20.13],[73.263,20.128],[73.268,20.139],[73.294,20.154],[73.291,20.174],[73.294,20.194],[73.311,20.207],[73.336,20.204],[73.376,20.195],[73.395,20.209],[73.398,20.196],[73.427,20.202],[73.43,20.212],[73.422,20.232],[73.42,20.257],[73.425,20.277],[73.437,20.282],[73.425,20.321],[73.425,20.338],[73.415,20.382],[73.408,20.384],[73.392,20.373],[73.391,20.39],[73.398,20.399],[73.423,20.414],[73.449,20.467],[73.476,20.495],[73.472,20.514],[73.501,20.54],[73.482,20.543],[73.486,20.564],[73.481,20.584],[73.455,20.595],[73.44,20.595],[73.428,20.624],[73.403,20.643],[73.404,20.652],[73.419,20.66],[73.44,20.665],[73.444,20.678],[73.457,20.693],[73.447,20.701],[73.459,20.714],[73.475,20.722],[73.483,20.717],[73.497,20.686],[73.487,20.676],[73.498,20.653],[73.53,20.673],[73.545,20.669],[73.563,20.647],[73.574,20.651],[73.591,20.645],[73.622,20.625],[73.629,20.612],[73.637,20.579],[73.651,20.576],[73.666,20.563],[73.676,20.564],[73.701,20.578],[73.738,20.574],[73.748,20.567],[73.764,20.583],[73.78,20.592],[73.787,20.602],[73.806,20.602],[73.846,20.624],[73.843,20.644],[73.847,20.656],[73.842,20.675],[73.825,20.674],[73.823,20.694],[73.843,20.702],[73.864,20.694],[73.874,20.708],[73.877,20.721],[73.889,20.731],[73.904,20.731],[73.921,20.724],[73.95,20.742],[73.947,20.761],[73.941,20.769],[73.938,20.79],[73.94,20.809],[73.946,20.819],[73.945,20.84],[73.931,20.848],[73.931,20.886],[73.917,20.915],[73.896,20.933],[73.895,20.947],[73.902,20.962],[73.914,20.97],[73.906,20.983],[73.879,20.986],[73.85,21.001],[73.847,20.994],[73.816,20.996],[73.808,21.023],[73.785,21.02],[73.766,21.04],[73.748,21.04],[73.742,21.056],[73.744,21.082],[73.736,21.103],[73.709,21.112],[73.693,21.101],[73.679,21.109],[73.66,21.108],[73.658,21.121],[73.629,21.12],[73.624,21.138],[73.611,21.154],[73.589,21.154],[73.588,21.168],[73.607,21.178],[73.613,21.176],[73.62,21.158],[73.637,21.153],[73.636,21.133],[73.672,21.145],[73.681,21.152],[73.713,21.15],[73.722,21.139],[73.737,21.138],[73.748,21.152],[73.742,21.167],[73.78,21.165],[73.79,21.169],[73.796,21.182],[73.812,21.172],[73.823,21.172],[73.836,21.195],[73.821,21.195],[73.82,21.222],[73.836,21.242],[73.832,21.267],[73.858,21.27],[73.892,21.262],[73.934,21.285],[73.948,21.298],[73.952,21.331],[73.957,21.344],[73.955,21.374],[73.962,21.393],[73.982,21.397],[74.009,21.413],[74.052,21.426],[74.057,21.456],[74.069,21.481],[74.08,21.457],[74.121,21.45],[74.123,21.46],[74.141,21.462],[74.147,21.454],[74.16,21.453],[74.169,21.463],[74.186,21.467],[74.201,21.46],[74.223,21.459],[74.223,21.476],[74.239,21.478],[74.244,21.465],[74.263,21.466],[74.272,21.476],[74.308,21.48],[74.313,21.49],[74.328,21.496],[74.336,21.54],[74.315,21.545],[74.312,21.565],[74.292,21.559],[74.275,21.546],[74.272,21.536],[74.256,21.536],[74.238,21.55],[74.226,21.538],[74.207,21.53],[74.19,21.549],[74.186,21.56],[74.162,21.559],[74.154,21.551],[74.136,21.557],[74.089,21.557],[74.068,21.559],[74.047,21.55],[74.026,21.553],[74.005,21.541],[73.984,21.542],[73.988,21.522],[73.974,21.524],[73.939,21.51],[73.938,21.521],[73.91,21.52],[73.91,21.513],[73.861,21.496],[73.85,21.511],[73.834,21.553],[73.825,21.598],[73.807,21.602],[73.788,21.625],[73.8,21.635],[73.829,21.64],[73.845,21.633],[73.86,21.642],[73.87,21.639],[73.886,21.645],[73.898,21.667],[73.896,21.7],[73.89,21.711],[73.871,21.722],[73.846,21.742],[73.831,21.763],[73.843,21.772],[73.836,21.793],[73.839,21.8],[73.828,21.812],[73.814,21.81],[73.811,21.823],[73.828,21.835],[73.842,21.839],[73.88,21.839],[73.9,21.854],[73.922,21.857],[73.98,21.888],[74.023,21.906],[74.047,21.923],[74.099,21.938],[74.138,21.953],[74.146,21.954],[74.143,21.97],[74.153,21.976],[74.154,21.986],[74.117,21.999],[74.1,22.002],[74.101,22.018],[74.117,22.025],[74.125,22.036],[74.141,22.041],[74.138,22.054],[74.163,22.061],[74.168,22.082],[74.181,22.087],[74.17,22.101],[74.155,22.106],[74.133,22.096],[74.131,22.124],[74.127,22.132],[74.134,22.146],[74.135,22.162],[74.126,22.167],[74.122,22.188],[74.123,22.213],[74.114,22.219],[74.076,22.222],[74.081,22.25],[74.078,22.268],[74.065,22.276],[74.059,22.286],[74.059,22.305],[74.066,22.305],[74.068,22.331],[74.076,22.341],[74.072,22.36],[74.095,22.362],[74.1,22.373],[74.112,22.372],[74.117,22.358],[74.129,22.353],[74.134,22.332],[74.191,22.322],[74.198,22.343],[74.217,22.358],[74.227,22.359],[74.231,22.38],[74.24,22.377],[74.256,22.386],[74.258,22.4],[74.274,22.393],[74.264,22.425],[74.237,22.439],[74.205,22.437],[74.204,22.467],[74.191,22.478],[74.183,22.465],[74.187,22.444],[74.156,22.44],[74.156,22.457],[74.141,22.454],[74.123,22.421],[74.105,22.433],[74.101,22.445],[74.106,22.462],[74.1,22.469],[74.078,22.466],[74.08,22.486],[74.09,22.489],[74.085,22.509],[74.059,22.511],[74.055,22.501],[74.037,22.492],[74.035,22.508],[74.044,22.517],[74.045,22.542],[74.067,22.551],[74.084,22.55],[74.106,22.538],[74.122,22.536],[74.128,22.524],[74.153,22.517],[74.158,22.532],[74.173,22.545],[74.192,22.553],[74.199,22.57],[74.214,22.567],[74.226,22.585],[74.237,22.614],[74.258,22.624],[74.256,22.636],[74.265,22.645],[74.278,22.648],[74.295,22.641],[74.325,22.639],[74.328,22.644],[74.364,22.637],[74.384,22.644],[74.385,22.67],[74.397,22.692],[74.403,22.731],[74.425,22.76],[74.439,22.786],[74.439,22.809],[74.465,22.815],[74.479,22.859],[74.466,22.894],[74.463,22.913],[74.451,22.924],[74.439,22.918],[74.419,22.918],[74.4,22.899],[74.382,22.91],[74.362,22.933],[74.36,22.942],[74.342,22.965],[74.357,22.977],[74.371,22.98],[74.355,23.003],[74.349,23.03],[74.328,23.043],[74.323,23.063]]]]},"properties":{"ID_0":105,"ISO":"IND","NAME_0":"India","ID_1":12,"NAME_1":"Gujarat","NL_NAME_1":null,"VARNAME_1":"Goudjerate|Gujerat|Gujerate","TYPE_1":"State","ENGTYPE_1":"State"}},
{"type":"Feature","geometry":{"type":"Polygon","coordinates":[[[77.575,30.385],[77.565,30.385],[77.543,30.397],[77.526,30.417],[77.51,30.449],[77.493,30.433],[77.491,30.417],[77.468,30.412],[77.461,30.405],[77.435,30.404],[77.416,30.408],[77.426,30.42],[77.44,30.424],[77.453,30.44],[77.456,30.458],[77.446,30.466],[77.426,30.441],[77.395,30.421],[77.394,30.434],[77.38,30.446],[77.357,30.442],[77.346,30.462],[77.322,30.462],[77.311,30.454],[77.264,30.467],[77.252,30.484],[77.227,30.489],[77.203,30.48],[77.2,30.507],[77.185,30.526],[77.17,30.533],[77.138,30.539],[77.122,30.548],[77.111,30.567],[77.14,30.583],[77.157,30.6],[77.162,30.639],[77.153,30.654],[77.154,30.689],[77.125,30.707],[77.102,30.731],[77.077,30.745],[77.047,30.749],[77.034,30.755],[77.028,30.743],[77.013,30.742],[77.005,30.752],[77.004,30.766],[76.989,30.777],[77,30.789],[76.998,30.814],[76.987,30.813],[76.979,30.799],[76.969,30.808],[76.954,30.811],[76.943,30.829],[76.928,30.837],[76.927,30.854],[76.916,30.869],[76.902,30.897],[76.852,30.871],[76.823,30.888],[76.81,30.907],[76.814,30.921],[76.81,30.93],[76.77,30.906],[76.763,30.893],[76.769,30.877],[76.801,30.843],[76.828,30.833],[76.834,30.805],[76.847,30.793],[76.828,30.764],[76.823,30.74],[76.825,30.731],[76.836,30.714],[76.821,30.697],[76.82,30.686],[76.819,30.661],[76.855,30.673],[76.863,30.672],[76.859,30.641],[76.873,30.64],[76.884,30.627],[76.9,30.62],[76.902,30.608],[76.913,30.6],[76.899,30.567],[76.902,30.551],[76.885,30.54],[76.92,30.525],[76.912,30.494],[76.894,30.49],[76.895,30.456],[76.89,30.437],[76.902,30.428],[76.909,30.403],[76.926,30.402],[76.927,30.389],[76.917,30.383],[76.898,30.363],[76.876,30.363],[76.88,30.383],[76.866,30.395],[76.865,30.409],[76.847,30.415],[76.832,30.434],[76.808,30.412],[76.781,30.415],[76.764,30.425],[76.749,30.427],[76.725,30.42],[76.727,30.405],[76.7,30.394],[76.705,30.381],[76.718,30.377],[76.739,30.36],[76.724,30.344],[76.698,30.325],[76.671,30.319],[76.662,30.3],[76.651,30.299],[76.614,30.275],[76.581,30.27],[76.546,30.259],[76.548,30.234],[76.576,30.256],[76.59,30.254],[76.612,30.226],[76.604,30.215],[76.639,30.206],[76.639,30.185],[76.623,30.17],[76.628,30.155],[76.623,30.145],[76.629,30.135],[76.628,30.11],[76.619,30.095],[76.601,30.08],[76.59,30.079],[76.566,30.096],[76.555,30.099],[76.534,30.083],[76.501,30.077],[76.491,30.097],[76.452,30.101],[76.444,30.123],[76.426,30.148],[76.422,30.164],[76.429,30.18],[76.42,30.198],[76.399,30.199],[76.381,30.183],[76.402,30.158],[76.385,30.146],[76.39,30.128],[76.375,30.124],[76.364,30.128],[76.348,30.151],[76.326,30.149],[76.349,30.128],[76.328,30.11],[76.313,30.109],[76.293,30.119],[76.28,30.114],[76.251,30.119],[76.211,30.156],[76.203,30.153],[76.213,30.137],[76.205,30.128],[76.231,30.109],[76.254,30.106],[76.23,30.081],[76.199,30.035],[76.209,30.023],[76.193,30.019],[76.189,30.004],[76.199,29.973],[76.195,29.966],[76.204,29.944],[76.179,29.946],[76.166,29.929],[76.182,29.923],[76.183,29.894],[76.197,29.884],[76.225,29.885],[76.242,29.869],[76.229,29.855],[76.212,29.853],[76.211,29.843],[76.194,29.845],[76.186,29.831],[76.167,29.818],[76.139,29.817],[76.116,29.796],[76.094,29.812],[76.078,29.806],[76.074,29.781],[76.058,29.773],[76.041,29.749],[76.024,29.756],[76.004,29.751],[75.973,29.732],[75.934,29.733],[75.914,29.739],[75.897,29.756],[75.879,29.747],[75.864,29.752],[75.855,29.77],[75.844,29.776],[75.82,29.815],[75.796,29.807],[75.772,29.825],[75.748,29.812],[75.71,29.812],[75.706,29.809],[75.697,29.755],[75.678,29.757],[75.666,29.773],[75.656,29.776],[75.641,29.771],[75.625,29.773],[75.623,29.754],[75.613,29.746],[75.593,29.749],[75.563,29.744],[75.556,29.766],[75.53,29.773],[75.512,29.76],[75.506,29.774],[75.444,29.808],[75.435,29.799],[75.444,29.786],[75.42,29.774],[75.41,29.775],[75.397,29.761],[75.397,29.749],[75.384,29.734],[75.379,29.711],[75.362,29.713],[75.334,29.688],[75.346,29.671],[75.318,29.671],[75.308,29.633],[75.288,29.62],[75.28,29.603],[75.305,29.588],[75.303,29.579],[75.291,29.562],[75.275,29.561],[75.238,29.552],[75.228,29.559],[75.211,29.582],[75.223,29.599],[75.221,29.607],[75.199,29.623],[75.185,29.623],[75.173,29.63],[75.173,29.649],[75.158,29.663],[75.159,29.669],[75.189,29.681],[75.198,29.696],[75.187,29.712],[75.198,29.731],[75.221,29.733],[75.231,29.752],[75.217,29.771],[75.212,29.787],[75.198,29.796],[75.201,29.83],[75.182,29.839],[75.175,29.83],[75.155,29.82],[75.15,29.792],[75.142,29.777],[75.131,29.785],[75.125,29.806],[75.102,29.803],[75.09,29.807],[75.093,29.819],[75.107,29.827],[75.104,29.838],[75.086,29.845],[75.085,29.859],[75.101,29.868],[75.103,29.897],[75.085,29.915],[75.078,29.912],[75.065,29.879],[75.052,29.875],[75.037,29.882],[75.014,29.865],[75.006,29.868],[74.99,29.856],[74.969,29.881],[74.97,29.89],[74.943,29.903],[74.924,29.942],[74.916,29.949],[74.894,29.939],[74.894,29.953],[74.881,29.968],[74.872,29.959],[74.85,29.959],[74.821,29.973],[74.817,29.985],[74.801,29.993],[74.776,29.974],[74.737,29.969],[74.724,29.962],[74.696,29.972],[74.683,29.961],[74.681,29.949],[74.649,29.931],[74.64,29.922],[74.64,29.904],[74.586,29.915],[74.573,29.926],[74.549,29.933],[74.53,29.945],[74.519,29.943],[74.505,29.908],[74.534,29.903],[74.554,29.866],[74.533,29.839],[74.492,29.827],[74.471,29.802],[74.465,29.788],[74.472,29.744],[74.526,29.741],[74.538,29.754],[74.571,29.753],[74.578,29.767],[74.593,29.767],[74.605,29.753],[74.602,29.741],[74.603,29.721],[74.594,29.691],[74.579,29.655],[74.586,29.635],[74.575,29.627],[74.57,29.586],[74.572,29.556],[74.611,29.531],[74.612,29.52],[74.593,29.492],[74.592,29.48],[74.579,29.459],[74.572,29.462],[74.535,29.465],[74.529,29.45],[74.531,29.425],[74.552,29.422],[74.57,29.406],[74.573,29.386],[74.591,29.371],[74.6,29.354],[74.596,29.328],[74.642,29.331],[74.644,29.354],[74.65,29.372],[74.689,29.365],[74.711,29.369],[74.732,29.354],[74.776,29.36],[74.81,29.398],[74.85,29.403],[74.864,29.396],[74.871,29.385],[74.888,29.387],[74.91,29.371],[74.927,29.365],[74.936,29.338],[74.946,29.333],[74.951,29.319],[74.94,29.305],[74.953,29.282],[74.977,29.281],[74.991,29.272],[75.006,29.284],[75.024,29.292],[75.04,29.287],[75.051,29.264],[75.065,29.247],[75.063,29.239],[75.078,29.232],[75.108,29.227],[75.114,29.243],[75.147,29.246],[75.161,29.254],[75.164,29.264],[75.18,29.269],[75.195,29.244],[75.212,29.235],[75.223,29.235],[75.235,29.252],[75.249,29.256],[75.272,29.254],[75.277,29.273],[75.3,29.282],[75.319,29.293],[75.325,29.278],[75.323,29.252],[75.315,29.236],[75.345,29.226],[75.35,29.247],[75.38,29.264],[75.396,29.262],[75.399,29.24],[75.387,29.229],[75.396,29.213],[75.401,29.189],[75.389,29.171],[75.369,29.17],[75.368,29.15],[75.361,29.143],[75.396,29.128],[75.381,29.111],[75.383,29.095],[75.381,29.07],[75.43,29.065],[75.43,29.056],[75.441,29.042],[75.435,29.017],[75.473,29.02],[75.505,29.015],[75.511,29.011],[75.517,28.975],[75.503,28.961],[75.498,28.941],[75.469,28.938],[75.467,28.926],[75.488,28.898],[75.488,28.86],[75.498,28.856],[75.513,28.837],[75.504,28.797],[75.499,28.788],[75.516,28.772],[75.531,28.733],[75.54,28.649],[75.549,28.643],[75.556,28.615],[75.577,28.617],[75.585,28.606],[75.609,28.606],[75.62,28.599],[75.619,28.589],[75.629,28.546],[75.637,28.548],[75.665,28.533],[75.664,28.521],[75.69,28.499],[75.737,28.487],[75.735,28.473],[75.778,28.458],[75.785,28.439],[75.765,28.421],[75.77,28.408],[75.788,28.404],[75.803,28.414],[75.828,28.409],[75.835,28.398],[75.872,28.391],[75.922,28.369],[75.927,28.345],[75.956,28.338],[75.955,28.319],[75.968,28.324],[75.987,28.296],[76.019,28.281],[76.007,28.253],[76.011,28.242],[76.036,28.227],[76.053,28.224],[76.045,28.203],[76.066,28.199],[76.075,28.172],[76.093,28.155],[76.083,28.142],[76.065,28.144],[76.066,28.168],[76.028,28.173],[76.011,28.158],[75.995,28.151],[75.991,28.128],[75.977,28.127],[75.942,28.106],[75.936,28.094],[75.959,28.084],[75.977,28.084],[75.988,28.071],[75.975,28.057],[75.985,28.051],[76.002,28.061],[76.015,28.081],[76.031,28.084],[76.033,28.069],[76.017,28.056],[76.01,28.037],[75.991,28.04],[75.974,28.037],[75.973,28.018],[75.986,28.015],[75.989,28.004],[75.956,28.001],[75.955,27.989],[75.987,27.985],[75.968,27.962],[75.973,27.958],[75.963,27.937],[75.945,27.94],[75.939,27.951],[75.924,27.933],[75.929,27.917],[75.956,27.92],[75.977,27.909],[75.975,27.865],[76.005,27.857],[76.009,27.863],[76.05,27.848],[76.06,27.857],[76.08,27.851],[76.088,27.868],[76.122,27.854],[76.128,27.833],[76.143,27.828],[76.173,27.807],[76.194,27.831],[76.208,27.828],[76.223,27.841],[76.206,27.848],[76.193,27.864],[76.19,27.882],[76.2,27.888],[76.199,27.899],[76.17,27.91],[76.168,27.928],[76.175,27.941],[76.179,27.973],[76.161,27.98],[76.154,27.993],[76.159,28.005],[76.174,28.022],[76.196,28.022],[76.203,28.03],[76.177,28.049],[76.177,28.059],[76.2,28.061],[76.208,28.056],[76.233,28.056],[76.251,28.071],[76.272,28.066],[76.29,28.049],[76.29,28.03],[76.317,28.021],[76.337,28.03],[76.353,28.066],[76.337,28.073],[76.321,28.094],[76.297,28.101],[76.308,28.111],[76.332,28.107],[76.344,28.113],[76.356,28.128],[76.331,28.139],[76.323,28.149],[76.299,28.163],[76.278,28.169],[76.279,28.179],[76.309,28.183],[76.336,28.177],[76.353,28.166],[76.36,28.143],[76.377,28.138],[76.397,28.148],[76.427,28.146],[76.437,28.152],[76.472,28.15],[76.47,28.139],[76.49,28.134],[76.498,28.123],[76.498,28.107],[76.477,28.106],[76.457,28.11],[76.449,28.093],[76.47,28.086],[76.498,28.065],[76.484,28.058],[76.458,28.062],[76.456,28.046],[76.476,28.044],[76.492,28.047],[76.499,28.036],[76.511,28.035],[76.526,28.045],[76.539,28.039],[76.539,28.017],[76.531,27.979],[76.547,27.971],[76.567,27.984],[76.584,28],[76.599,28.01],[76.637,28.011],[76.66,28.019],[76.66,28.034],[76.651,28.044],[76.648,28.092],[76.651,28.097],[76.682,28.098],[76.69,28.115],[76.699,28.116],[76.71,28.132],[76.739,28.129],[76.755,28.147],[76.791,28.157],[76.796,28.17],[76.79,28.194],[76.806,28.2],[76.806,28.216],[76.824,28.215],[76.833,28.225],[76.864,28.225],[76.866,28.212],[76.887,28.21],[76.9,28.205],[76.884,28.192],[76.942,28.149],[76.962,28.144],[76.947,28.071],[76.932,28.042],[76.927,28.013],[76.919,27.998],[76.925,27.978],[76.92,27.953],[76.919,27.925],[76.939,27.919],[76.938,27.896],[76.926,27.894],[76.925,27.877],[76.93,27.855],[76.927,27.834],[76.908,27.836],[76.9,27.821],[76.907,27.808],[76.896,27.786],[76.891,27.742],[76.884,27.731],[76.889,27.72],[76.903,27.716],[76.915,27.701],[76.895,27.69],[76.892,27.68],[76.909,27.657],[76.924,27.661],[76.934,27.675],[76.97,27.657],[76.979,27.706],[76.994,27.742],[77.032,27.748],[77.053,27.728],[77.078,27.737],[77.071,27.759],[77.062,27.766],[77.05,27.761],[77.039,27.775],[77.023,27.787],[77.024,27.798],[77.038,27.82],[77.056,27.811],[77.072,27.81],[77.101,27.785],[77.122,27.788],[77.147,27.787],[77.154,27.802],[77.15,27.812],[77.172,27.816],[77.181,27.809],[77.162,27.791],[77.176,27.787],[77.189,27.798],[77.187,27.815],[77.194,27.822],[77.207,27.801],[77.222,27.798],[77.235,27.786],[77.253,27.798],[77.262,27.816],[77.276,27.807],[77.291,27.82],[77.289,27.829],[77.313,27.83],[77.329,27.852],[77.339,27.86],[77.353,27.856],[77.374,27.864],[77.393,27.859],[77.412,27.859],[77.402,27.882],[77.411,27.895],[77.422,27.894],[77.442,27.878],[77.47,27.895],[77.475,27.912],[77.469,27.933],[77.485,27.944],[77.492,27.932],[77.511,27.937],[77.519,27.932],[77.536,27.949],[77.536,27.966],[77.515,27.965],[77.51,27.973],[77.535,27.993],[77.512,28.01],[77.507,28.022],[77.478,28.049],[77.483,28.061],[77.469,28.086],[77.473,28.104],[77.491,28.113],[77.499,28.123],[77.495,28.146],[77.499,28.163],[77.532,28.17],[77.542,28.182],[77.538,28.191],[77.506,28.195],[77.492,28.185],[77.489,28.212],[77.498,28.213],[77.519,28.202],[77.523,28.207],[77.516,28.23],[77.536,28.241],[77.539,28.254],[77.512,28.254],[77.467,28.27],[77.472,28.281],[77.493,28.281],[77.496,28.307],[77.482,28.324],[77.466,28.334],[77.466,28.341],[77.494,28.358],[77.486,28.38],[77.47,28.394],[77.475,28.414],[77.436,28.432],[77.426,28.455],[77.398,28.459],[77.398,28.471],[77.376,28.476],[77.364,28.486],[77.36,28.498],[77.338,28.509],[77.329,28.508],[77.315,28.495],[77.301,28.49],[77.278,28.498],[77.254,28.486],[77.232,28.476],[77.226,28.464],[77.243,28.447],[77.241,28.429],[77.215,28.416],[77.195,28.413],[77.166,28.408],[77.152,28.428],[77.131,28.439],[77.113,28.45],[77.102,28.476],[77.103,28.483],[77.108,28.494],[77.09,28.505],[77.072,28.52],[77.057,28.514],[77.042,28.519],[77.02,28.533],[77.016,28.533],[77,28.542],[76.998,28.532],[77.011,28.524],[77.006,28.514],[76.977,28.524],[76.968,28.528],[76.945,28.514],[76.933,28.516],[76.908,28.515],[76.894,28.516],[76.879,28.509],[76.879,28.524],[76.859,28.542],[76.838,28.557],[76.833,28.583],[76.835,28.591],[76.855,28.592],[76.878,28.638],[76.894,28.633],[76.91,28.638],[76.924,28.629],[76.934,28.638],[76.918,28.653],[76.923,28.669],[76.943,28.675],[76.947,28.677],[76.95,28.694],[76.955,28.705],[76.941,28.717],[76.951,28.736],[76.95,28.747],[76.938,28.76],[76.947,28.774],[76.937,28.804],[76.948,28.818],[76.958,28.83],[76.974,28.826],[76.98,28.837],[76.983,28.839],[77.007,28.835],[77.032,28.837],[77.038,28.853],[77.05,28.873],[77.083,28.875],[77.099,28.872],[77.11,28.866],[77.129,28.865],[77.136,28.853],[77.151,28.848],[77.165,28.861],[77.184,28.862],[77.187,28.867],[77.178,28.88],[77.182,28.89],[77.217,28.9],[77.221,28.908],[77.197,28.921],[77.205,28.936],[77.191,28.947],[77.191,28.962],[77.214,29.006],[77.192,29.021],[77.163,29.049],[77.157,29.078],[77.124,29.101],[77.124,29.113],[77.139,29.135],[77.127,29.154],[77.127,29.163],[77.14,29.182],[77.136,29.207],[77.127,29.228],[77.143,29.238],[77.142,29.252],[77.129,29.273],[77.154,29.317],[77.146,29.345],[77.128,29.344],[77.12,29.35],[77.117,29.377],[77.139,29.384],[77.125,29.422],[77.139,29.442],[77.118,29.456],[77.115,29.475],[77.123,29.486],[77.115,29.503],[77.098,29.512],[77.085,29.534],[77.089,29.545],[77.11,29.553],[77.102,29.577],[77.086,29.601],[77.11,29.647],[77.129,29.659],[77.131,29.666],[77.12,29.68],[77.126,29.697],[77.143,29.702],[77.14,29.717],[77.113,29.749],[77.118,29.776],[77.132,29.779],[77.152,29.793],[77.156,29.817],[77.169,29.83],[77.168,29.846],[77.182,29.873],[77.185,29.895],[77.18,29.902],[77.189,29.922],[77.203,29.931],[77.232,29.966],[77.235,29.981],[77.25,29.988],[77.262,30.006],[77.273,30.034],[77.27,30.048],[77.298,30.06],[77.332,30.064],[77.357,30.084],[77.373,30.093],[77.392,30.094],[77.414,30.111],[77.398,30.119],[77.413,30.128],[77.411,30.146],[77.424,30.168],[77.447,30.169],[77.456,30.181],[77.473,30.189],[77.496,30.234],[77.52,30.26],[77.532,30.287],[77.57,30.311],[77.575,30.326],[77.57,30.337],[77.592,30.371],[77.575,30.385]]]},"properties":{"ID_0":105,"ISO":"IND","NAME_0":"India","ID_1":13,"NAME_1":"Haryana","NL_NAME_1":null,"VARNAME_1":null,"TYPE_1":"State","ENGTYPE_1":"State"}},
{"type":"Feature","geometry":{"type":"Polygon","coordinates":[[[78.411,32.512],[78.399,32.526],[78.382,32.53],[78.356,32.513],[78.31,32.476],[78.279,32.508],[78.299,32.529],[78.297,32.578],[78.332,32.585],[78.341,32.593],[78.389,32.623],[78.371,32.638],[78.363,32.672],[78.368,32.7],[78.378,32.719],[78.371,32.734],[78.373,32.76],[78.345,32.763],[78.288,32.738],[78.299,32.72],[78.296,32.713],[78.273,32.703],[78.259,32.703],[78.237,32.695],[78.225,32.676],[78.202,32.665],[78.184,32.664],[78.17,32.677],[78.153,32.679],[78.136,32.67],[78.127,32.649],[78.116,32.642],[78.093,32.662],[78.073,32.644],[78.067,32.626],[78.044,32.629],[78.034,32.616],[78.041,32.605],[78.036,32.592],[78.017,32.587],[77.987,32.588],[77.977,32.592],[77.954,32.626],[77.953,32.64],[77.939,32.648],[77.927,32.663],[77.92,32.68],[77.903,32.693],[77.918,32.757],[77.915,32.766],[77.899,32.775],[77.881,32.775],[77.867,32.79],[77.869,32.8],[77.861,32.816],[77.848,32.828],[77.825,32.84],[77.808,32.836],[77.799,32.846],[77.768,32.858],[77.761,32.865],[77.773,32.891],[77.787,32.892],[77.79,32.905],[77.76,32.927],[77.712,32.972],[77.679,32.978],[77.665,32.986],[77.653,32.959],[77.638,32.956],[77.613,32.941],[77.582,32.939],[77.57,32.922],[77.545,32.912],[77.52,32.887],[77.494,32.882],[77.485,32.887],[77.455,32.862],[77.436,32.866],[77.426,32.884],[77.41,32.878],[77.395,32.887],[77.379,32.881],[77.359,32.856],[77.363,32.847],[77.356,32.825],[77.336,32.819],[77.322,32.822],[77.305,32.854],[77.289,32.853],[77.274,32.86],[77.258,32.876],[77.248,32.865],[77.224,32.883],[77.228,32.896],[77.182,32.915],[77.174,32.931],[77.157,32.913],[77.147,32.934],[77.146,32.956],[77.136,32.958],[77.136,32.98],[77.103,32.987],[77.097,32.978],[77.075,32.973],[77.035,33],[76.998,32.99],[76.962,33.014],[76.918,33.034],[76.91,33.05],[76.891,33.081],[76.877,33.114],[76.869,33.12],[76.853,33.112],[76.834,33.121],[76.829,33.138],[76.817,33.142],[76.803,33.156],[76.798,33.173],[76.807,33.185],[76.803,33.194],[76.819,33.206],[76.811,33.215],[76.822,33.248],[76.797,33.241],[76.785,33.254],[76.764,33.254],[76.76,33.225],[76.73,33.179],[76.714,33.177],[76.697,33.181],[76.685,33.174],[76.651,33.172],[76.627,33.162],[76.6,33.174],[76.597,33.188],[76.584,33.193],[76.586,33.204],[76.547,33.21],[76.534,33.199],[76.496,33.196],[76.469,33.18],[76.456,33.183],[76.422,33.182],[76.408,33.188],[76.385,33.183],[76.359,33.158],[76.336,33.146],[76.316,33.13],[76.292,33.12],[76.275,33.104],[76.255,33.052],[76.237,33.033],[76.152,33.023],[76.128,33.01],[76.094,33.005],[76.082,32.969],[76.043,32.94],[76.028,32.937],[76.017,32.918],[75.983,32.9],[75.946,32.885],[75.934,32.884],[75.923,32.898],[75.9,32.916],[75.867,32.93],[75.834,32.935],[75.808,32.93],[75.798,32.919],[75.8,32.904],[75.787,32.893],[75.795,32.87],[75.821,32.843],[75.837,32.837],[75.874,32.814],[75.9,32.77],[75.912,32.757],[75.914,32.742],[75.91,32.721],[75.899,32.7],[75.899,32.681],[75.924,32.658],[75.924,32.644],[75.908,32.619],[75.873,32.576],[75.87,32.559],[75.856,32.538],[75.851,32.521],[75.855,32.5],[75.887,32.472],[75.895,32.462],[75.915,32.449],[75.935,32.425],[75.926,32.412],[75.872,32.398],[75.844,32.379],[75.763,32.302],[75.755,32.286],[75.736,32.274],[75.676,32.264],[75.652,32.255],[75.623,32.235],[75.618,32.197],[75.62,32.185],[75.656,32.177],[75.662,32.165],[75.655,32.146],[75.611,32.1],[75.579,32.082],[75.599,32.066],[75.649,32.077],[75.692,32.059],[75.7,32.044],[75.71,32.036],[75.734,32.037],[75.748,32.027],[75.774,32.001],[75.795,31.989],[75.836,31.982],[75.842,31.974],[75.866,31.969],[75.895,31.95],[75.896,31.94],[75.913,31.917],[75.95,31.848],[75.953,31.824],[75.922,31.817],[75.936,31.784],[75.945,31.781],[75.977,31.705],[75.976,31.695],[75.995,31.682],[76.005,31.663],[76.003,31.647],[76.023,31.615],[76.044,31.603],[76.043,31.592],[76.084,31.537],[76.091,31.519],[76.108,31.495],[76.115,31.474],[76.128,31.444],[76.143,31.432],[76.157,31.405],[76.134,31.383],[76.14,31.353],[76.166,31.341],[76.166,31.326],[76.173,31.307],[76.206,31.305],[76.223,31.313],[76.256,31.315],[76.261,31.306],[76.29,31.316],[76.302,31.326],[76.296,31.342],[76.316,31.347],[76.33,31.345],[76.33,31.38],[76.318,31.381],[76.316,31.402],[76.347,31.406],[76.359,31.416],[76.357,31.43],[76.363,31.441],[76.39,31.397],[76.379,31.391],[76.391,31.379],[76.428,31.325],[76.448,31.306],[76.467,31.31],[76.489,31.273],[76.511,31.283],[76.528,31.27],[76.535,31.255],[76.546,31.256],[76.571,31.28],[76.602,31.251],[76.585,31.24],[76.576,31.226],[76.587,31.216],[76.616,31.229],[76.635,31.213],[76.612,31.203],[76.59,31.183],[76.59,31.157],[76.599,31.151],[76.589,31.128],[76.607,31.12],[76.624,31.118],[76.626,31.11],[76.612,31.096],[76.605,31.078],[76.61,31.061],[76.599,31.054],[76.605,31.034],[76.614,31.022],[76.61,31.004],[76.626,30.992],[76.653,30.982],[76.668,30.97],[76.694,30.972],[76.713,30.963],[76.724,30.951],[76.726,30.939],[76.749,30.929],[76.754,30.918],[76.77,30.906],[76.81,30.93],[76.814,30.921],[76.81,30.907],[76.823,30.888],[76.852,30.871],[76.902,30.897],[76.916,30.869],[76.927,30.854],[76.928,30.837],[76.943,30.829],[76.954,30.811],[76.969,30.808],[76.979,30.799],[76.987,30.813],[76.998,30.814],[77,30.789],[76.989,30.777],[77.004,30.766],[77.005,30.752],[77.013,30.742],[77.028,30.743],[77.034,30.755],[77.047,30.749],[77.077,30.745],[77.102,30.731],[77.125,30.707],[77.154,30.689],[77.153,30.654],[77.162,30.639],[77.157,30.6],[77.14,30.583],[77.111,30.567],[77.122,30.548],[77.138,30.539],[77.17,30.533],[77.185,30.526],[77.2,30.507],[77.203,30.48],[77.227,30.489],[77.252,30.484],[77.264,30.467],[77.311,30.454],[77.322,30.462],[77.346,30.462],[77.357,30.442],[77.38,30.446],[77.394,30.434],[77.395,30.421],[77.426,30.441],[77.446,30.466],[77.456,30.458],[77.453,30.44],[77.44,30.424],[77.426,30.42],[77.416,30.408],[77.435,30.404],[77.461,30.405],[77.468,30.412],[77.491,30.417],[77.493,30.433],[77.51,30.449],[77.526,30.417],[77.543,30.397],[77.565,30.385],[77.575,30.385],[77.563,30.404],[77.563,30.417],[77.581,30.43],[77.604,30.437],[77.631,30.436],[77.64,30.452],[77.662,30.449],[77.682,30.458],[77.711,30.477],[77.721,30.478],[77.768,30.504],[77.799,30.511],[77.812,30.538],[77.806,30.561],[77.778,30.557],[77.754,30.57],[77.744,30.59],[77.73,30.598],[77.732,30.607],[77.757,30.605],[77.757,30.62],[77.771,30.628],[77.775,30.641],[77.766,30.665],[77.754,30.676],[77.733,30.686],[77.741,30.711],[77.731,30.724],[77.707,30.746],[77.694,30.746],[77.688,30.769],[77.705,30.779],[77.715,30.794],[77.719,30.808],[77.744,30.836],[77.731,30.851],[77.742,30.864],[77.745,30.881],[77.758,30.88],[77.765,30.865],[77.789,30.859],[77.784,30.872],[77.786,30.896],[77.801,30.913],[77.793,30.926],[77.767,30.92],[77.746,30.922],[77.746,30.934],[77.733,30.95],[77.736,30.964],[77.754,30.977],[77.796,30.97],[77.808,30.994],[77.825,31.005],[77.815,31.034],[77.805,31.054],[77.825,31.074],[77.843,31.081],[77.85,31.095],[77.852,31.111],[77.879,31.125],[77.88,31.137],[77.902,31.159],[77.915,31.157],[77.955,31.179],[77.969,31.165],[77.993,31.167],[78.008,31.157],[78.03,31.185],[78.054,31.193],[78.092,31.193],[78.114,31.206],[78.119,31.214],[78.135,31.216],[78.148,31.232],[78.171,31.232],[78.185,31.223],[78.2,31.226],[78.207,31.237],[78.233,31.235],[78.248,31.247],[78.269,31.271],[78.293,31.266],[78.298,31.288],[78.317,31.285],[78.356,31.291],[78.369,31.288],[78.393,31.262],[78.398,31.248],[78.414,31.251],[78.419,31.26],[78.444,31.244],[78.467,31.221],[78.47,31.204],[78.514,31.204],[78.537,31.207],[78.567,31.234],[78.601,31.236],[78.617,31.225],[78.636,31.22],[78.638,31.208],[78.651,31.198],[78.676,31.203],[78.696,31.196],[78.749,31.194],[78.771,31.197],[78.795,31.205],[78.803,31.199],[78.801,31.178],[78.819,31.147],[78.838,31.131],[78.852,31.126],[78.862,31.112],[78.88,31.104],[78.897,31.106],[78.904,31.115],[78.92,31.108],[78.942,31.105],[78.966,31.115],[78.997,31.118],[78.989,31.137],[78.978,31.146],[78.977,31.17],[78.972,31.182],[78.946,31.194],[78.936,31.206],[78.935,31.222],[78.92,31.223],[78.91,31.234],[78.907,31.259],[78.88,31.271],[78.867,31.301],[78.848,31.322],[78.829,31.33],[78.84,31.354],[78.827,31.381],[78.808,31.392],[78.776,31.402],[78.792,31.418],[78.795,31.453],[78.78,31.462],[78.744,31.49],[78.716,31.487],[78.715,31.508],[78.707,31.521],[78.721,31.541],[78.75,31.549],[78.768,31.566],[78.797,31.576],[78.823,31.601],[78.831,31.615],[78.827,31.628],[78.795,31.649],[78.784,31.661],[78.78,31.69],[78.748,31.685],[78.734,31.692],[78.721,31.73],[78.712,31.745],[78.725,31.764],[78.703,31.77],[78.691,31.793],[78.693,31.814],[78.701,31.826],[78.721,31.835],[78.723,31.847],[78.725,31.885],[78.733,31.913],[78.745,31.925],[78.761,31.964],[78.771,32],[78.737,32.004],[78.725,32.018],[78.69,32.046],[78.686,32.058],[78.652,32.088],[78.648,32.107],[78.629,32.115],[78.606,32.117],[78.596,32.123],[78.588,32.147],[78.574,32.159],[78.589,32.172],[78.594,32.188],[78.593,32.219],[78.543,32.249],[78.524,32.25],[78.483,32.243],[78.439,32.246],[78.464,32.278],[78.467,32.292],[78.461,32.337],[78.468,32.358],[78.494,32.377],[78.496,32.391],[78.519,32.418],[78.503,32.426],[78.478,32.426],[78.462,32.448],[78.438,32.456],[78.437,32.471],[78.449,32.49],[78.432,32.51],[78.411,32.512]]]},"properties":{"ID_0":105,"ISO":"IND","NAME_0":"India","ID_1":14,"NAME_1":"Himachal Pradesh","NL_NAME_1":null,"VARNAME_1":null,"TYPE_1":"Union Territor","ENGTYPE_1":"Union Territory"}},
{"type":"Feature","geometry":{"type":"Polygon","coordinates":[[[78.411,32.512],[78.404,32.539],[78.412,32.556],[78.438,32.568],[78.453,32.58],[78.486,32.573],[78.509,32.595],[78.526,32.606],[78.559,32.612],[78.603,32.604],[78.632,32.611],[78.654,32.649],[78.664,32.656],[78.717,32.681],[78.736,32.696],[78.746,32.696],[78.76,32.684],[78.768,32.663],[78.771,32.636],[78.78,32.598],[78.765,32.575],[78.766,32.558],[78.773,32.544],[78.776,32.52],[78.775,32.491],[78.781,32.475],[78.798,32.463],[78.818,32.439],[78.836,32.425],[78.875,32.415],[78.888,32.392],[78.915,32.367],[78.971,32.344],[78.983,32.346],[78.994,32.364],[79.025,32.367],[79.049,32.383],[79.068,32.385],[79.092,32.369],[79.104,32.372],[79.112,32.399],[79.121,32.416],[79.118,32.45],[79.127,32.464],[79.149,32.484],[79.203,32.511],[79.248,32.522],[79.27,32.518],[79.297,32.489],[79.32,32.491],[79.347,32.527],[79.362,32.538],[79.404,32.558],[79.43,32.577],[79.464,32.593],[79.509,32.591],[79.545,32.607],[79.558,32.631],[79.564,32.671],[79.555,32.71],[79.541,32.749],[79.527,32.768],[79.484,32.79],[79.471,32.803],[79.465,32.817],[79.457,32.871],[79.449,32.889],[79.432,32.905],[79.419,32.911],[79.387,32.933],[79.365,32.957],[79.352,32.979],[79.35,32.996],[79.355,33.031],[79.366,33.06],[79.411,33.136],[79.418,33.155],[79.41,33.179],[79.399,33.187],[79.377,33.19],[79.315,33.189],[79.212,33.195],[79.185,33.191],[79.18,33.195],[79.141,33.2],[79.075,33.229],[79.066,33.264],[79.073,33.284],[79.067,33.296],[79.034,33.314],[79.02,33.331],[78.989,33.347],[78.973,33.367],[78.955,33.374],[78.941,33.39],[78.921,33.399],[78.87,33.44],[78.823,33.483],[78.784,33.533],[78.763,33.563],[78.73,33.618],[78.711,33.655],[78.709,33.68],[78.732,33.704],[78.762,33.731],[78.775,33.746],[78.784,33.77],[78.775,33.801],[78.742,33.84],[78.717,33.89],[78.712,33.923],[78.717,33.939],[78.716,33.965],[78.728,33.977],[78.764,34.002],[78.77,34.02],[78.761,34.036],[78.732,34.043],[78.712,34.05],[78.706,34.072],[78.729,34.096],[78.759,34.111],[78.774,34.115],[78.871,34.157],[78.91,34.181],[78.956,34.218],[78.975,34.243],[78.993,34.289],[78.994,34.303],[78.981,34.333],[78.961,34.346],[78.923,34.375],[78.892,34.39],[78.838,34.407],[78.825,34.414],[78.763,34.46],[78.73,34.497],[78.696,34.508],[78.66,34.53],[78.611,34.583],[78.569,34.612],[78.537,34.614],[78.482,34.603],[78.443,34.602],[78.418,34.605],[78.409,34.613],[78.407,34.637],[78.398,34.649],[78.387,34.652],[78.325,34.656],[78.284,34.667],[78.248,34.695],[78.221,34.734],[78.207,34.766],[78.185,34.882],[78.133,34.971],[78.115,35.015],[78.083,35.082],[78.088,35.096],[78.117,35.112],[78.124,35.135],[78.116,35.145],[78.058,35.185],[78.043,35.202],[78.018,35.25],[78.006,35.29],[78.002,35.295],[77.99,35.379],[77.997,35.394],[78.021,35.417],[78.069,35.443],[78.097,35.456],[78.111,35.473],[78.104,35.484],[78.079,35.492],[78.02,35.49],[77.991,35.487],[77.962,35.48],[77.951,35.474],[77.928,35.441],[77.903,35.428],[77.889,35.429],[77.863,35.459],[77.847,35.501],[77.824,35.501],[77.815,35.485],[77.736,35.434],[77.651,35.367],[77.585,35.324],[77.485,35.267],[77.443,35.234],[77.384,35.199],[77.379,35.198],[77.301,35.148],[77.281,35.138],[77.195,35.079],[77.157,35.055],[77.11,35.039],[77.081,35.026],[77.068,35.024],[77.037,35.032],[77.027,35.041],[77.014,35.035],[77.01,35.016],[77.01,34.956],[76.997,34.939],[76.97,34.936],[76.95,34.941],[76.908,34.962],[76.884,34.97],[76.863,34.971],[76.826,34.942],[76.811,34.935],[76.762,34.933],[76.749,34.927],[76.739,34.902],[76.745,34.845],[76.738,34.831],[76.706,34.801],[76.687,34.763],[76.672,34.757],[76.58,34.756],[76.562,34.758],[76.514,34.784],[76.49,34.792],[76.469,34.792],[76.437,34.764],[76.428,34.762],[76.386,34.736],[76.316,34.732],[76.302,34.724],[76.275,34.694],[76.26,34.684],[76.227,34.672],[76.193,34.655],[76.158,34.643],[76.122,34.647],[76.086,34.671],[76.055,34.676],[76.036,34.67],[76.014,34.654],[76,34.636],[75.983,34.629],[75.967,34.634],[75.946,34.631],[75.932,34.624],[75.919,34.605],[75.843,34.575],[75.821,34.559],[75.793,34.534],[75.749,34.516],[75.729,34.516],[75.692,34.522],[75.644,34.534],[75.592,34.54],[75.506,34.537],[75.465,34.543],[75.395,34.549],[75.351,34.562],[75.335,34.572],[75.262,34.611],[75.258,34.618],[75.266,34.64],[75.25,34.647],[75.207,34.646],[75.178,34.657],[75.142,34.662],[75.085,34.655],[75.042,34.641],[75.019,34.641],[74.998,34.651],[74.947,34.666],[74.928,34.678],[74.894,34.684],[74.836,34.678],[74.772,34.683],[74.728,34.689],[74.671,34.701],[74.658,34.711],[74.639,34.734],[74.618,34.742],[74.58,34.77],[74.544,34.777],[74.507,34.776],[74.474,34.791],[74.376,34.803],[74.346,34.79],[74.315,34.8],[74.303,34.798],[74.287,34.774],[74.27,34.763],[74.226,34.747],[74.203,34.737],[74.175,34.717],[74.149,34.695],[74.133,34.69],[74.087,34.694],[74.06,34.685],[74.042,34.687],[74.013,34.71],[73.96,34.697],[73.942,34.677],[73.927,34.646],[73.948,34.573],[73.895,34.547],[73.887,34.515],[73.899,34.496],[73.855,34.473],[73.807,34.442],[73.777,34.416],[73.764,34.371],[73.763,34.36],[73.773,34.35],[73.807,34.357],[73.842,34.338],[73.879,34.354],[73.899,34.36],[73.92,34.342],[73.941,34.302],[73.976,34.265],[73.982,34.239],[73.977,34.212],[73.945,34.17],[73.917,34.142],[73.904,34.122],[73.904,34.097],[73.886,34.075],[73.883,34.05],[73.898,34.033],[74,34.03],[74.006,34.022],[74.087,34.038],[74.115,34.054],[74.132,34.053],[74.161,34.039],[74.215,34.039],[74.237,34.026],[74.249,34.014],[74.263,33.974],[74.264,33.943],[74.261,33.925],[74.246,33.895],[74.22,33.867],[74.17,33.84],[74.13,33.828],[74.09,33.826],[74.066,33.82],[74.049,33.809],[74.028,33.776],[74,33.753],[73.966,33.74],[73.956,33.72],[73.976,33.694],[74,33.624],[74.028,33.575],[74.054,33.565],[74.088,33.573],[74.096,33.57],[74.123,33.543],[74.143,33.518],[74.178,33.482],[74.187,33.456],[74.179,33.426],[74.18,33.402],[74.185,33.384],[74.171,33.347],[74.167,33.344],[74.118,33.286],[74.103,33.271],[74.079,33.26],[74.048,33.264],[74.024,33.262],[74.013,33.25],[74.011,33.219],[74.014,33.198],[74.026,33.189],[74.056,33.187],[74.083,33.181],[74.112,33.164],[74.176,33.107],[74.191,33.077],[74.199,33.047],[74.205,33.043],[74.255,33.049],[74.283,33.043],[74.308,33.031],[74.338,33.026],[74.352,33.013],[74.353,32.983],[74.346,32.966],[74.321,32.941],[74.318,32.92],[74.348,32.908],[74.386,32.909],[74.414,32.904],[74.425,32.893],[74.429,32.88],[74.426,32.858],[74.43,32.845],[74.451,32.817],[74.466,32.781],[74.532,32.741],[74.567,32.755],[74.579,32.753],[74.614,32.758],[74.642,32.792],[74.637,32.811],[74.642,32.823],[74.661,32.828],[74.681,32.838],[74.697,32.84],[74.7,32.827],[74.688,32.796],[74.668,32.767],[74.65,32.718],[74.654,32.692],[74.676,32.666],[74.669,32.646],[74.649,32.626],[74.642,32.611],[74.648,32.572],[74.652,32.56],[74.681,32.538],[74.679,32.515],[74.687,32.493],[74.698,32.485],[74.744,32.481],[74.799,32.484],[74.819,32.496],[74.856,32.493],[74.883,32.482],[74.9,32.466],[74.934,32.468],[74.949,32.454],[74.973,32.448],[74.988,32.45],[75,32.459],[75.012,32.476],[75.03,32.492],[75.061,32.482],[75.083,32.48],[75.121,32.441],[75.128,32.421],[75.148,32.413],[75.18,32.425],[75.192,32.42],[75.2,32.402],[75.232,32.399],[75.253,32.38],[75.28,32.367],[75.289,32.358],[75.322,32.337],[75.332,32.345],[75.379,32.329],[75.415,32.324],[75.433,32.327],[75.474,32.339],[75.468,32.318],[75.49,32.31],[75.49,32.288],[75.505,32.28],[75.516,32.298],[75.524,32.34],[75.545,32.361],[75.593,32.382],[75.648,32.389],[75.685,32.401],[75.712,32.418],[75.73,32.445],[75.746,32.476],[75.779,32.475],[75.804,32.487],[75.825,32.509],[75.838,32.538],[75.873,32.576],[75.908,32.619],[75.924,32.644],[75.924,32.658],[75.899,32.681],[75.899,32.7],[75.91,32.721],[75.914,32.742],[75.912,32.757],[75.9,32.77],[75.874,32.814],[75.837,32.837],[75.821,32.843],[75.795,32.87],[75.787,32.893],[75.8,32.904],[75.798,32.919],[75.808,32.93],[75.834,32.935],[75.867,32.93],[75.9,32.916],[75.923,32.898],[75.934,32.884],[75.946,32.885],[75.983,32.9],[76.017,32.918],[76.028,32.937],[76.043,32.94],[76.082,32.969],[76.094,33.005],[76.128,33.01],[76.152,33.023],[76.237,33.033],[76.255,33.052],[76.275,33.104],[76.292,33.12],[76.316,33.13],[76.336,33.146],[76.359,33.158],[76.385,33.183],[76.408,33.188],[76.422,33.182],[76.456,33.183],[76.469,33.18],[76.496,33.196],[76.534,33.199],[76.547,33.21],[76.586,33.204],[76.584,33.193],[76.597,33.188],[76.6,33.174],[76.627,33.162],[76.651,33.172],[76.685,33.174],[76.697,33.181],[76.714,33.177],[76.73,33.179],[76.76,33.225],[76.764,33.254],[76.785,33.254],[76.797,33.241],[76.822,33.248],[76.811,33.215],[76.819,33.206],[76.803,33.194],[76.807,33.185],[76.798,33.173],[76.803,33.156],[76.817,33.142],[76.829,33.138],[76.834,33.121],[76.853,33.112],[76.869,33.12],[76.877,33.114],[76.891,33.081],[76.91,33.05],[76.918,33.034],[76.962,33.014],[76.998,32.99],[77.035,33],[77.075,32.973],[77.097,32.978],[77.103,32.987],[77.136,32.98],[77.136,32.958],[77.146,32.956],[77.147,32.934],[77.157,32.913],[77.174,32.931],[77.182,32.915],[77.228,32.896],[77.224,32.883],[77.248,32.865],[77.258,32.876],[77.274,32.86],[77.289,32.853],[77.305,32.854],[77.322,32.822],[77.336,32.819],[77.356,32.825],[77.363,32.847],[77.359,32.856],[77.379,32.881],[77.395,32.887],[77.41,32.878],[77.426,32.884],[77.436,32.866],[77.455,32.862],[77.485,32.887],[77.494,32.882],[77.52,32.887],[77.545,32.912],[77.57,32.922],[77.582,32.939],[77.613,32.941],[77.638,32.956],[77.653,32.959],[77.665,32.986],[77.679,32.978],[77.712,32.972],[77.76,32.927],[77.79,32.905],[77.787,32.892],[77.773,32.891],[77.761,32.865],[77.768,32.858],[77.799,32.846],[77.808,32.836],[77.825,32.84],[77.848,32.828],[77.861,32.816],[77.869,32.8],[77.867,32.79],[77.881,32.775],[77.899,32.775],[77.915,32.766],[77.918,32.757],[77.903,32.693],[77.92,32.68],[77.927,32.663],[77.939,32.648],[77.953,32.64],[77.954,32.626],[77.977,32.592],[77.987,32.588],[78.017,32.587],[78.036,32.592],[78.041,32.605],[78.034,32.616],[78.044,32.629],[78.067,32.626],[78.073,32.644],[78.093,32.662],[78.116,32.642],[78.127,32.649],[78.136,32.67],[78.153,32.679],[78.17,32.677],[78.184,32.664],[78.202,32.665],[78.225,32.676],[78.237,32.695],[78.259,32.703],[78.273,32.703],[78.296,32.713],[78.299,32.72],[78.288,32.738],[78.345,32.763],[78.373,32.76],[78.371,32.734],[78.378,32.719],[78.368,32.7],[78.363,32.672],[78.371,32.638],[78.389,32.623],[78.341,32.593],[78.332,32.585],[78.297,32.578],[78.299,32.529],[78.279,32.508],[78.31,32.476],[78.356,32.513],[78.382,32.53],[78.399,32.526],[78.411,32.512]]]},"properties":{"ID_0":105,"ISO":"IND","NAME_0":"India","ID_1":15,"NAME_1":"Jammu and Kashmir","NL_NAME_1":null,"VARNAME_1":null,"TYPE_1":"State","ENGTYPE_1":"State"}},
{"type":"Feature","geometry":{"type":"Polygon","coordinates":[[[87.788,25.22],[87.783,25.246],[87.708,25.256],[87.708,25.271],[87.691,25.281],[87.693,25.303],[87.684,25.31],[87.652,25.307],[87.626,25.316],[87.607,25.311],[87.567,25.334],[87.547,25.331],[87.538,25.296],[87.54,25.282],[87.526,25.281],[87.513,25.292],[87.499,25.292],[87.49,25.305],[87.482,25.295],[87.496,25.265],[87.488,25.262],[87.473,25.241],[87.472,25.195],[87.455,25.198],[87.392,25.228],[87.377,25.223],[87.368,25.207],[87.355,25.213],[87.33,25.217],[87.323,25.223],[87.308,25.15],[87.298,25.135],[87.291,25.089],[87.27,25.094],[87.259,25.105],[87.24,25.099],[87.234,25.086],[87.211,25.09],[87.188,25.067],[87.177,25.064],[87.158,25.031],[87.147,25.024],[87.144,25.011],[87.154,24.991],[87.153,24.963],[87.149,24.942],[87.155,24.932],[87.148,24.918],[87.149,24.905],[87.158,24.886],[87.147,24.862],[87.106,24.847],[87.091,24.824],[87.08,24.824],[87.077,24.808],[87.096,24.798],[87.083,24.779],[87.086,24.758],[87.075,24.745],[87.082,24.725],[87.071,24.707],[87.071,24.694],[87.055,24.671],[87.044,24.624],[87.05,24.607],[87.028,24.609],[87.017,24.618],[87.01,24.606],[86.993,24.619],[86.966,24.632],[86.946,24.627],[86.949,24.643],[86.93,24.643],[86.936,24.63],[86.919,24.619],[86.918,24.611],[86.898,24.587],[86.906,24.563],[86.907,24.543],[86.876,24.567],[86.862,24.56],[86.855,24.55],[86.839,24.554],[86.837,24.568],[86.818,24.569],[86.809,24.564],[86.806,24.595],[86.792,24.615],[86.754,24.615],[86.745,24.603],[86.746,24.59],[86.732,24.576],[86.719,24.578],[86.695,24.569],[86.687,24.57],[86.668,24.561],[86.646,24.567],[86.641,24.576],[86.618,24.584],[86.619,24.595],[86.6,24.599],[86.584,24.585],[86.583,24.573],[86.555,24.559],[86.558,24.548],[86.547,24.535],[86.524,24.536],[86.506,24.518],[86.49,24.484],[86.492,24.439],[86.489,24.425],[86.466,24.422],[86.467,24.395],[86.462,24.377],[86.446,24.368],[86.434,24.377],[86.416,24.379],[86.399,24.4],[86.373,24.416],[86.354,24.442],[86.319,24.44],[86.304,24.445],[86.301,24.457],[86.279,24.462],[86.286,24.477],[86.294,24.476],[86.303,24.498],[86.312,24.508],[86.301,24.532],[86.31,24.547],[86.304,24.558],[86.319,24.574],[86.293,24.586],[86.266,24.582],[86.249,24.585],[86.239,24.597],[86.217,24.612],[86.216,24.591],[86.195,24.585],[86.166,24.584],[86.152,24.6],[86.133,24.604],[86.126,24.612],[86.118,24.642],[86.134,24.676],[86.124,24.705],[86.106,24.736],[86.087,24.746],[86.063,24.752],[86.053,24.762],[86.048,24.778],[86.006,24.766],[86,24.751],[85.977,24.748],[85.97,24.734],[85.95,24.732],[85.928,24.74],[85.911,24.754],[85.902,24.77],[85.878,24.8],[85.854,24.808],[85.827,24.81],[85.811,24.794],[85.777,24.799],[85.765,24.813],[85.737,24.823],[85.721,24.787],[85.71,24.781],[85.704,24.757],[85.708,24.748],[85.705,24.729],[85.697,24.713],[85.68,24.694],[85.65,24.687],[85.66,24.675],[85.661,24.651],[85.672,24.619],[85.671,24.599],[85.665,24.582],[85.644,24.578],[85.609,24.585],[85.598,24.598],[85.577,24.603],[85.565,24.597],[85.561,24.584],[85.568,24.565],[85.557,24.561],[85.536,24.564],[85.54,24.55],[85.534,24.532],[85.518,24.525],[85.504,24.53],[85.503,24.543],[85.494,24.551],[85.472,24.548],[85.457,24.539],[85.433,24.536],[85.403,24.545],[85.383,24.533],[85.319,24.525],[85.297,24.529],[85.279,24.519],[85.282,24.497],[85.254,24.498],[85.239,24.489],[85.224,24.471],[85.203,24.473],[85.191,24.469],[85.153,24.464],[85.169,24.429],[85.148,24.418],[85.115,24.409],[85.099,24.394],[85.092,24.382],[85.065,24.387],[85.075,24.408],[85.069,24.436],[85.053,24.415],[85.032,24.425],[85.011,24.416],[84.99,24.412],[84.969,24.376],[84.948,24.372],[84.925,24.378],[84.903,24.372],[84.898,24.394],[84.878,24.423],[84.88,24.463],[84.867,24.467],[84.863,24.458],[84.847,24.466],[84.834,24.453],[84.827,24.47],[84.833,24.511],[84.819,24.525],[84.802,24.521],[84.795,24.529],[84.784,24.518],[84.78,24.505],[84.742,24.496],[84.74,24.488],[84.725,24.473],[84.707,24.472],[84.694,24.462],[84.679,24.456],[84.666,24.431],[84.668,24.413],[84.658,24.394],[84.619,24.402],[84.601,24.401],[84.572,24.412],[84.559,24.397],[84.566,24.384],[84.546,24.374],[84.522,24.376],[84.527,24.361],[84.519,24.353],[84.525,24.339],[84.517,24.334],[84.494,24.287],[84.465,24.308],[84.455,24.339],[84.445,24.334],[84.417,24.331],[84.423,24.359],[84.395,24.368],[84.382,24.39],[84.361,24.387],[84.336,24.396],[84.326,24.411],[84.33,24.431],[84.315,24.448],[84.293,24.451],[84.285,24.466],[84.294,24.481],[84.322,24.49],[84.326,24.503],[84.319,24.522],[84.302,24.547],[84.293,24.566],[84.269,24.564],[84.269,24.541],[84.258,24.538],[84.221,24.55],[84.209,24.537],[84.201,24.549],[84.187,24.549],[84.173,24.542],[84.182,24.524],[84.179,24.51],[84.154,24.518],[84.164,24.534],[84.146,24.54],[84.136,24.529],[84.14,24.505],[84.125,24.498],[84.123,24.487],[84.11,24.481],[84.089,24.504],[84.09,24.534],[84.078,24.545],[84.072,24.57],[84.06,24.577],[84.061,24.589],[84.053,24.595],[84.047,24.612],[84.024,24.629],[83.992,24.638],[83.972,24.597],[83.958,24.576],[83.928,24.548],[83.868,24.533],[83.858,24.538],[83.799,24.53],[83.749,24.511],[83.717,24.505],[83.682,24.516],[83.645,24.516],[83.6,24.513],[83.571,24.517],[83.542,24.526],[83.498,24.527],[83.462,24.518],[83.426,24.513],[83.393,24.501],[83.393,24.48],[83.381,24.456],[83.39,24.438],[83.401,24.437],[83.399,24.412],[83.43,24.404],[83.44,24.387],[83.443,24.373],[83.434,24.347],[83.424,24.339],[83.403,24.337],[83.376,24.313],[83.381,24.3],[83.396,24.293],[83.402,24.266],[83.391,24.245],[83.377,24.231],[83.378,24.201],[83.357,24.157],[83.349,24.126],[83.339,24.11],[83.324,24.101],[83.346,24.097],[83.357,24.102],[83.383,24.1],[83.401,24.082],[83.425,24.084],[83.433,24.055],[83.448,24.042],[83.479,24.039],[83.51,24.025],[83.517,24.011],[83.508,24.001],[83.508,23.979],[83.512,23.967],[83.539,23.934],[83.537,23.915],[83.549,23.893],[83.57,23.89],[83.573,23.877],[83.561,23.863],[83.581,23.862],[83.601,23.853],[83.656,23.844],[83.658,23.828],[83.672,23.82],[83.682,23.826],[83.695,23.821],[83.696,23.808],[83.711,23.79],[83.712,23.772],[83.729,23.755],[83.729,23.732],[83.735,23.714],[83.732,23.705],[83.715,23.69],[83.715,23.683],[83.729,23.667],[83.744,23.659],[83.752,23.649],[83.743,23.64],[83.748,23.627],[83.765,23.621],[83.775,23.6],[83.786,23.598],[83.806,23.582],[83.821,23.585],[83.935,23.563],[83.93,23.594],[83.932,23.611],[83.938,23.622],[83.975,23.631],[84.007,23.632],[84.002,23.62],[84.02,23.6],[84.025,23.566],[84.023,23.544],[84.013,23.521],[84.009,23.5],[83.997,23.493],[83.985,23.476],[83.97,23.448],[83.979,23.427],[83.976,23.408],[83.968,23.393],[83.967,23.374],[83.983,23.36],[84.007,23.353],[84.021,23.375],[84.043,23.374],[84.05,23.352],[84.07,23.33],[84.06,23.308],[84.064,23.292],[84.05,23.241],[84.052,23.221],[84.058,23.208],[84.056,23.196],[84.044,23.185],[84.029,23.154],[84.034,23.138],[84.053,23.124],[84.067,23.107],[84.088,23.109],[84.105,23.099],[84.112,23.087],[84.126,23.085],[84.131,23.063],[84.123,23.045],[84.125,23.031],[84.144,22.988],[84.148,22.964],[84.168,22.971],[84.169,22.995],[84.179,23.023],[84.19,23.024],[84.2,23.015],[84.197,23.004],[84.217,22.976],[84.237,22.98],[84.251,22.971],[84.269,22.979],[84.279,22.961],[84.307,22.968],[84.318,22.977],[84.332,22.979],[84.371,22.975],[84.378,22.952],[84.389,22.939],[84.386,22.917],[84.377,22.898],[84.376,22.874],[84.358,22.861],[84.329,22.86],[84.32,22.849],[84.318,22.817],[84.31,22.799],[84.29,22.787],[84.285,22.763],[84.26,22.765],[84.225,22.735],[84.232,22.689],[84.228,22.677],[84.215,22.665],[84.197,22.664],[84.18,22.65],[84.165,22.645],[84.15,22.634],[84.107,22.637],[84.094,22.633],[84.08,22.637],[84.048,22.594],[84.021,22.587],[84.005,22.57],[83.999,22.54],[84.003,22.521],[84.019,22.521],[84.033,22.512],[84.058,22.51],[84.079,22.489],[84.106,22.474],[84.129,22.473],[84.137,22.467],[84.133,22.445],[84.136,22.421],[84.152,22.401],[84.183,22.384],[84.194,22.372],[84.247,22.374],[84.266,22.348],[84.289,22.337],[84.324,22.339],[84.334,22.343],[84.372,22.349],[84.394,22.344],[84.426,22.352],[84.427,22.365],[84.448,22.379],[84.456,22.375],[84.473,22.383],[84.474,22.402],[84.502,22.415],[84.521,22.415],[84.527,22.42],[84.543,22.417],[84.572,22.423],[84.632,22.429],[84.662,22.414],[84.691,22.413],[84.726,22.417],[84.744,22.415],[84.753,22.442],[84.801,22.444],[84.813,22.432],[84.836,22.428],[84.855,22.432],[84.878,22.443],[84.88,22.418],[84.908,22.42],[84.917,22.434],[84.952,22.453],[84.96,22.444],[84.994,22.458],[85.032,22.47],[85.051,22.479],[85.073,22.473],[85.071,22.456],[85.057,22.445],[85.064,22.423],[85.075,22.413],[85.083,22.378],[85.074,22.349],[85.093,22.341],[85.086,22.317],[85.095,22.312],[85.114,22.314],[85.114,22.29],[85.105,22.291],[85.071,22.272],[85.074,22.251],[85.069,22.231],[85.047,22.186],[85.05,22.179],[85.025,22.154],[85.031,22.137],[85.024,22.112],[84.98,22.091],[84.987,22.077],[85.002,22.08],[85.02,22.103],[85.027,22.101],[85.044,22.111],[85.069,22.107],[85.099,22.096],[85.1,22.085],[85.119,22.066],[85.141,22.074],[85.164,22.065],[85.179,22.065],[85.183,22.055],[85.211,22.043],[85.215,22.037],[85.215,22.011],[85.231,22],[85.241,22.013],[85.274,22.08],[85.3,22.107],[85.323,22.125],[85.362,22.125],[85.358,22.138],[85.363,22.155],[85.385,22.152],[85.394,22.159],[85.41,22.156],[85.457,22.136],[85.486,22.116],[85.506,22.111],[85.536,22.094],[85.582,22.081],[85.591,22.074],[85.631,22.082],[85.645,22.09],[85.682,22.049],[85.688,22.056],[85.722,22.058],[85.746,22.07],[85.758,22.085],[85.791,22.1],[85.802,22.111],[85.815,22.102],[85.815,22.093],[85.831,22.077],[85.814,22.07],[85.788,22.077],[85.77,22.051],[85.779,22.036],[85.776,22.028],[85.756,22.008],[85.761,21.99],[85.784,21.979],[85.815,21.98],[85.822,21.97],[85.84,21.976],[85.871,21.975],[85.894,21.978],[85.903,21.967],[85.913,21.997],[85.912,22.005],[85.929,22.019],[85.943,22.019],[85.975,22.072],[85.979,22.083],[86.003,22.113],[85.995,22.132],[85.999,22.145],[86.011,22.158],[86.015,22.173],[86.027,22.185],[86.017,22.199],[85.993,22.215],[85.97,22.243],[85.985,22.257],[85.985,22.267],[86.018,22.305],[86.006,22.316],[86.02,22.329],[85.993,22.338],[86.017,22.362],[86.021,22.382],[86.009,22.424],[85.993,22.422],[85.963,22.445],[85.954,22.456],[85.967,22.482],[85.969,22.5],[85.981,22.51],[85.996,22.509],[86.028,22.534],[86.018,22.544],[86.038,22.564],[86.058,22.553],[86.069,22.543],[86.092,22.509],[86.101,22.49],[86.146,22.479],[86.174,22.476],[86.197,22.468],[86.202,22.47],[86.22,22.449],[86.228,22.45],[86.265,22.44],[86.28,22.446],[86.288,22.425],[86.301,22.415],[86.302,22.405],[86.318,22.391],[86.325,22.373],[86.339,22.366],[86.353,22.345],[86.376,22.337],[86.391,22.325],[86.424,22.306],[86.439,22.306],[86.438,22.323],[86.458,22.322],[86.479,22.334],[86.484,22.344],[86.5,22.341],[86.508,22.324],[86.524,22.319],[86.525,22.303],[86.54,22.304],[86.552,22.295],[86.578,22.298],[86.59,22.282],[86.616,22.276],[86.627,22.267],[86.646,22.261],[86.648,22.236],[86.67,22.237],[86.682,22.22],[86.723,22.215],[86.748,22.208],[86.791,22.218],[86.8,22.214],[86.81,22.238],[86.793,22.239],[86.796,22.25],[86.82,22.261],[86.85,22.259],[86.858,22.254],[86.886,22.252],[86.888,22.281],[86.885,22.297],[86.873,22.299],[86.829,22.325],[86.829,22.342],[86.841,22.369],[86.838,22.379],[86.844,22.396],[86.831,22.406],[86.805,22.416],[86.764,22.423],[86.745,22.471],[86.753,22.48],[86.789,22.475],[86.798,22.484],[86.791,22.494],[86.79,22.52],[86.783,22.524],[86.784,22.544],[86.765,22.551],[86.767,22.561],[86.756,22.574],[86.728,22.575],[86.706,22.58],[86.673,22.572],[86.652,22.576],[86.648,22.592],[86.634,22.597],[86.632,22.61],[86.637,22.631],[86.637,22.655],[86.618,22.673],[86.591,22.689],[86.581,22.689],[86.55,22.711],[86.534,22.717],[86.51,22.716],[86.507,22.702],[86.488,22.723],[86.479,22.722],[86.466,22.746],[86.454,22.76],[86.44,22.763],[86.416,22.777],[86.422,22.809],[86.434,22.829],[86.433,22.86],[86.447,22.859],[86.451,22.883],[86.463,22.897],[86.448,22.902],[86.432,22.916],[86.437,22.927],[86.458,22.933],[86.47,22.947],[86.487,22.936],[86.499,22.948],[86.518,22.944],[86.528,22.958],[86.539,22.962],[86.542,22.974],[86.534,22.981],[86.512,22.966],[86.497,22.983],[86.497,22.99],[86.463,22.985],[86.416,22.995],[86.393,22.974],[86.38,22.991],[86.36,22.997],[86.332,22.989],[86.302,23.003],[86.3,23.012],[86.279,23.011],[86.261,22.996],[86.212,22.992],[86.204,22.998],[86.201,23.015],[86.176,23.013],[86.16,23.039],[86.15,23.041],[86.148,23.053],[86.135,23.063],[86.138,23.08],[86.116,23.094],[86.092,23.091],[86.081,23.104],[86.07,23.101],[86.044,23.112],[86.048,23.129],[86.037,23.144],[86.018,23.14],[86.01,23.145],[85.982,23.146],[85.97,23.14],[85.952,23.138],[85.944,23.129],[85.915,23.13],[85.9,23.148],[85.877,23.159],[85.877,23.173],[85.858,23.194],[85.835,23.192],[85.831,23.211],[85.831,23.243],[85.826,23.263],[85.834,23.281],[85.861,23.303],[85.861,23.315],[85.872,23.33],[85.871,23.353],[85.866,23.365],[85.896,23.377],[85.885,23.387],[85.878,23.408],[85.863,23.41],[85.86,23.451],[85.866,23.47],[85.874,23.476],[85.906,23.472],[85.918,23.462],[85.938,23.455],[85.953,23.46],[86.02,23.488],[86.041,23.49],[86.049,23.503],[86.033,23.505],[86.033,23.518],[86.011,23.552],[86.011,23.561],[86.037,23.583],[86.051,23.579],[86.071,23.578],[86.073,23.568],[86.088,23.568],[86.102,23.574],[86.119,23.574],[86.127,23.567],[86.139,23.57],[86.148,23.564],[86.153,23.552],[86.143,23.527],[86.155,23.519],[86.155,23.504],[86.145,23.494],[86.143,23.477],[86.179,23.475],[86.203,23.459],[86.221,23.456],[86.225,23.47],[86.239,23.47],[86.227,23.45],[86.225,23.436],[86.246,23.419],[86.247,23.434],[86.267,23.44],[86.281,23.44],[86.282,23.427],[86.3,23.42],[86.313,23.426],[86.3,23.444],[86.326,23.458],[86.352,23.464],[86.355,23.482],[86.357,23.513],[86.368,23.523],[86.358,23.543],[86.365,23.557],[86.383,23.572],[86.381,23.584],[86.406,23.588],[86.414,23.601],[86.427,23.61],[86.44,23.609],[86.438,23.624],[86.445,23.632],[86.466,23.63],[86.481,23.635],[86.512,23.629],[86.529,23.629],[86.565,23.646],[86.591,23.662],[86.592,23.671],[86.616,23.672],[86.649,23.683],[86.711,23.697],[86.732,23.694],[86.738,23.678],[86.759,23.678],[86.792,23.687],[86.791,23.698],[86.805,23.74],[86.816,23.745],[86.82,23.761],[86.817,23.776],[86.798,23.798],[86.801,23.813],[86.821,23.811],[86.844,23.822],[86.861,23.842],[86.88,23.842],[86.882,23.857],[86.875,23.862],[86.895,23.88],[86.907,23.88],[86.924,23.866],[86.925,23.854],[86.943,23.843],[86.956,23.85],[86.963,23.865],[86.98,23.856],[87.002,23.852],[87.034,23.837],[87.057,23.816],[87.085,23.805],[87.096,23.809],[87.106,23.8],[87.124,23.795],[87.139,23.8],[87.149,23.794],[87.166,23.82],[87.154,23.826],[87.13,23.851],[87.136,23.868],[87.167,23.86],[87.177,23.852],[87.187,23.857],[87.194,23.842],[87.207,23.853],[87.222,23.858],[87.224,23.843],[87.22,23.827],[87.229,23.823],[87.246,23.828],[87.255,23.839],[87.246,23.857],[87.244,23.9],[87.26,23.902],[87.265,23.875],[87.293,23.89],[87.295,23.899],[87.285,23.934],[87.292,23.939],[87.292,23.956],[87.278,23.958],[87.26,23.97],[87.268,23.985],[87.262,23.995],[87.247,23.997],[87.233,24.025],[87.235,24.037],[87.244,24.042],[87.274,24.032],[87.304,24.029],[87.332,24.031],[87.315,24.004],[87.337,23.995],[87.35,23.997],[87.357,24.009],[87.39,24.002],[87.394,23.997],[87.419,23.989],[87.439,23.978],[87.458,23.993],[87.441,24.003],[87.449,24.016],[87.471,24.011],[87.501,24.022],[87.509,24.035],[87.508,24.046],[87.491,24.052],[87.506,24.082],[87.49,24.085],[87.496,24.097],[87.497,24.116],[87.521,24.104],[87.539,24.088],[87.56,24.083],[87.57,24.088],[87.569,24.107],[87.582,24.123],[87.605,24.132],[87.586,24.148],[87.58,24.162],[87.6,24.161],[87.61,24.165],[87.628,24.163],[87.641,24.155],[87.657,24.156],[87.68,24.148],[87.69,24.15],[87.697,24.175],[87.675,24.195],[87.671,24.206],[87.653,24.206],[87.638,24.212],[87.643,24.23],[87.636,24.243],[87.647,24.249],[87.662,24.245],[87.681,24.246],[87.706,24.268],[87.71,24.292],[87.727,24.286],[87.756,24.304],[87.764,24.323],[87.761,24.333],[87.798,24.382],[87.798,24.4],[87.788,24.412],[87.788,24.432],[87.803,24.45],[87.815,24.451],[87.818,24.468],[87.809,24.477],[87.812,24.499],[87.799,24.492],[87.801,24.518],[87.797,24.539],[87.806,24.545],[87.796,24.562],[87.778,24.571],[87.785,24.582],[87.809,24.576],[87.825,24.559],[87.848,24.551],[87.866,24.561],[87.887,24.563],[87.891,24.58],[87.905,24.584],[87.91,24.594],[87.902,24.613],[87.912,24.662],[87.895,24.669],[87.886,24.678],[87.897,24.691],[87.901,24.722],[87.887,24.725],[87.878,24.739],[87.867,24.729],[87.84,24.738],[87.825,24.752],[87.818,24.766],[87.85,24.761],[87.865,24.774],[87.878,24.801],[87.866,24.821],[87.887,24.82],[87.898,24.843],[87.889,24.853],[87.911,24.856],[87.952,24.877],[87.967,24.881],[87.973,24.896],[87.97,24.924],[87.962,24.936],[87.93,24.962],[87.906,24.986],[87.903,24.998],[87.864,25.04],[87.835,25.057],[87.82,25.062],[87.793,25.076],[87.773,25.099],[87.769,25.127],[87.771,25.152],[87.785,25.2],[87.788,25.22]]]},"properties":{"ID_0":105,"ISO":"IND","NAME_0":"India","ID_1":16,"NAME_1":"Jharkhand","NL_NAME_1":null,"VARNAME_1":"Vananchal","TYPE_1":"State","ENGTYPE_1":"State"}},
{"type":"Feature","geometry":{"type":"Polygon","coordinates":[[[77.55,18.291],[77.54,18.294],[77.52,18.307],[77.508,18.302],[77.513,18.282],[77.492,18.266],[77.48,18.269],[77.465,18.26],[77.445,18.27],[77.437,18.282],[77.436,18.306],[77.408,18.3],[77.363,18.308],[77.367,18.322],[77.393,18.341],[77.398,18.354],[77.392,18.366],[77.408,18.378],[77.41,18.389],[77.4,18.398],[77.37,18.401],[77.364,18.43],[77.37,18.448],[77.354,18.449],[77.342,18.43],[77.326,18.455],[77.317,18.454],[77.313,18.439],[77.265,18.418],[77.258,18.41],[77.24,18.409],[77.233,18.386],[77.245,18.371],[77.231,18.366],[77.227,18.345],[77.21,18.314],[77.195,18.313],[77.198,18.296],[77.206,18.278],[77.192,18.274],[77.178,18.282],[77.167,18.273],[77.166,18.256],[77.157,18.253],[77.148,18.221],[77.139,18.207],[77.121,18.207],[77.096,18.195],[77.116,18.168],[77.109,18.153],[77.097,18.158],[77.086,18.15],[77.058,18.152],[77.049,18.173],[77.033,18.184],[77.022,18.178],[77.024,18.163],[76.998,18.167],[76.991,18.187],[76.954,18.185],[76.944,18.155],[76.933,18.158],[76.925,18.145],[76.932,18.137],[76.923,18.116],[76.932,18.111],[76.953,18.11],[76.968,18.097],[76.964,18.088],[76.95,18.082],[76.953,18.063],[76.949,18.046],[76.952,18.038],[76.918,18.033],[76.92,17.985],[76.913,17.937],[76.916,17.915],[76.9,17.915],[76.889,17.897],[76.881,17.893],[76.854,17.898],[76.832,17.891],[76.833,17.883],[76.808,17.883],[76.803,17.868],[76.775,17.877],[76.766,17.898],[76.741,17.898],[76.737,17.857],[76.755,17.857],[76.766,17.851],[76.788,17.826],[76.776,17.799],[76.763,17.787],[76.749,17.786],[76.739,17.779],[76.719,17.785],[76.712,17.775],[76.721,17.768],[76.718,17.748],[76.728,17.737],[76.703,17.729],[76.701,17.707],[76.692,17.705],[76.691,17.68],[76.678,17.687],[76.663,17.688],[76.655,17.716],[76.631,17.729],[76.627,17.756],[76.614,17.768],[76.604,17.756],[76.599,17.728],[76.587,17.708],[76.569,17.704],[76.568,17.74],[76.56,17.763],[76.524,17.759],[76.524,17.715],[76.486,17.714],[76.485,17.67],[76.489,17.661],[76.452,17.656],[76.429,17.644],[76.424,17.622],[76.416,17.604],[76.373,17.598],[76.332,17.595],[76.334,17.563],[76.34,17.543],[76.361,17.536],[76.366,17.517],[76.346,17.511],[76.346,17.492],[76.367,17.495],[76.372,17.486],[76.35,17.472],[76.331,17.469],[76.334,17.432],[76.373,17.434],[76.37,17.408],[76.362,17.375],[76.408,17.369],[76.411,17.348],[76.393,17.336],[76.382,17.312],[76.352,17.311],[76.351,17.328],[76.344,17.35],[76.313,17.343],[76.317,17.329],[76.276,17.331],[76.27,17.357],[76.25,17.358],[76.244,17.375],[76.229,17.363],[76.183,17.357],[76.172,17.349],[76.179,17.314],[76.176,17.297],[76.164,17.3],[76.163,17.341],[76.138,17.353],[76.121,17.366],[76.102,17.362],[76.094,17.347],[76.079,17.33],[76.063,17.352],[76.055,17.354],[76.037,17.349],[76.015,17.351],[76,17.338],[75.972,17.336],[75.942,17.325],[75.931,17.324],[75.911,17.346],[75.894,17.354],[75.896,17.37],[75.894,17.406],[75.887,17.417],[75.878,17.417],[75.877,17.397],[75.859,17.389],[75.856,17.408],[75.839,17.421],[75.822,17.42],[75.816,17.398],[75.818,17.381],[75.811,17.37],[75.791,17.373],[75.782,17.379],[75.77,17.407],[75.759,17.408],[75.737,17.422],[75.722,17.412],[75.708,17.408],[75.691,17.413],[75.681,17.436],[75.681,17.454],[75.662,17.46],[75.65,17.473],[75.636,17.478],[75.625,17.458],[75.615,17.422],[75.616,17.392],[75.579,17.383],[75.584,17.351],[75.613,17.342],[75.616,17.329],[75.606,17.303],[75.625,17.294],[75.632,17.272],[75.657,17.271],[75.664,17.214],[75.657,17.204],[75.631,17.186],[75.631,17.16],[75.653,17.133],[75.654,17.113],[75.674,17.114],[75.681,17.071],[75.678,17.063],[75.663,17.062],[75.648,17.047],[75.644,17.036],[75.654,17.031],[75.672,17.036],[75.669,16.983],[75.678,16.964],[75.671,16.959],[75.645,16.951],[75.636,16.966],[75.611,16.97],[75.61,17.003],[75.57,17.006],[75.57,16.964],[75.53,16.966],[75.517,16.952],[75.493,16.945],[75.49,16.965],[75.482,16.976],[75.468,16.985],[75.444,16.979],[75.431,16.963],[75.395,16.976],[75.372,16.969],[75.36,16.957],[75.345,16.953],[75.306,16.955],[75.285,16.954],[75.286,16.909],[75.292,16.901],[75.283,16.874],[75.268,16.861],[75.241,16.863],[75.23,16.841],[75.183,16.842],[75.193,16.87],[75.172,16.865],[75.141,16.874],[75.138,16.893],[75.124,16.9],[75.119,16.91],[75.107,16.91],[75.095,16.921],[75.094,16.947],[75.065,16.939],[75.048,16.939],[75.034,16.929],[75.03,16.942],[75.004,16.946],[74.986,16.929],[74.967,16.936],[74.955,16.93],[74.938,16.941],[74.927,16.926],[74.953,16.906],[74.967,16.905],[74.964,16.878],[74.949,16.88],[74.937,16.869],[74.912,16.856],[74.916,16.81],[74.916,16.786],[74.924,16.77],[74.893,16.769],[74.855,16.771],[74.85,16.76],[74.804,16.751],[74.8,16.746],[74.779,16.749],[74.754,16.726],[74.737,16.716],[74.722,16.713],[74.698,16.715],[74.696,16.675],[74.672,16.664],[74.661,16.638],[74.694,16.615],[74.69,16.604],[74.679,16.607],[74.664,16.601],[74.648,16.608],[74.641,16.605],[74.641,16.582],[74.627,16.581],[74.617,16.568],[74.592,16.556],[74.574,16.552],[74.56,16.56],[74.56,16.571],[74.57,16.581],[74.566,16.59],[74.55,16.592],[74.551,16.633],[74.51,16.631],[74.496,16.628],[74.486,16.639],[74.477,16.661],[74.465,16.653],[74.464,16.634],[74.471,16.622],[74.472,16.605],[74.441,16.599],[74.429,16.583],[74.403,16.579],[74.396,16.56],[74.396,16.536],[74.385,16.527],[74.363,16.539],[74.366,16.557],[74.346,16.546],[74.332,16.554],[74.322,16.545],[74.324,16.506],[74.314,16.502],[74.307,16.529],[74.276,16.545],[74.272,16.539],[74.277,16.521],[74.287,16.507],[74.263,16.499],[74.26,16.491],[74.269,16.476],[74.289,16.504],[74.3,16.503],[74.295,16.474],[74.296,16.459],[74.307,16.46],[74.322,16.45],[74.339,16.452],[74.344,16.426],[74.337,16.42],[74.343,16.4],[74.365,16.403],[74.369,16.391],[74.352,16.366],[74.346,16.39],[74.335,16.389],[74.324,16.354],[74.334,16.341],[74.323,16.325],[74.337,16.323],[74.349,16.291],[74.336,16.29],[74.329,16.279],[74.337,16.266],[74.355,16.274],[74.363,16.287],[74.38,16.294],[74.39,16.29],[74.391,16.276],[74.421,16.281],[74.423,16.257],[74.443,16.25],[74.461,16.248],[74.476,16.239],[74.484,16.247],[74.508,16.223],[74.503,16.212],[74.513,16.201],[74.513,16.188],[74.498,16.181],[74.491,16.142],[74.497,16.112],[74.489,16.087],[74.465,16.102],[74.435,16.111],[74.404,16.091],[74.371,16.06],[74.382,16.054],[74.379,16.037],[74.39,16.035],[74.411,16.049],[74.44,16.057],[74.468,16.047],[74.464,16.023],[74.45,15.999],[74.45,15.983],[74.435,15.951],[74.392,15.901],[74.398,15.898],[74.399,15.874],[74.412,15.858],[74.403,15.849],[74.388,15.857],[74.383,15.878],[74.37,15.876],[74.353,15.859],[74.354,15.848],[74.387,15.847],[74.389,15.836],[74.375,15.828],[74.369,15.812],[74.376,15.797],[74.365,15.774],[74.351,15.763],[74.33,15.77],[74.324,15.757],[74.292,15.739],[74.274,15.753],[74.259,15.743],[74.244,15.744],[74.235,15.76],[74.24,15.781],[74.235,15.787],[74.217,15.779],[74.211,15.759],[74.197,15.75],[74.168,15.749],[74.16,15.734],[74.135,15.722],[74.142,15.7],[74.134,15.678],[74.098,15.666],[74.112,15.655],[74.126,15.65],[74.143,15.647],[74.173,15.652],[74.175,15.67],[74.19,15.681],[74.196,15.665],[74.212,15.661],[74.224,15.65],[74.232,15.667],[74.245,15.666],[74.255,15.654],[74.259,15.624],[74.267,15.617],[74.265,15.59],[74.256,15.583],[74.254,15.566],[74.273,15.554],[74.283,15.542],[74.287,15.526],[74.282,15.513],[74.257,15.497],[74.256,15.49],[74.273,15.465],[74.283,15.443],[74.276,15.424],[74.285,15.402],[74.283,15.389],[74.29,15.381],[74.306,15.381],[74.328,15.367],[74.323,15.357],[74.328,15.343],[74.323,15.33],[74.328,15.313],[74.342,15.293],[74.334,15.283],[74.302,15.286],[74.277,15.274],[74.268,15.258],[74.258,15.258],[74.264,15.242],[74.302,15.228],[74.322,15.184],[74.311,15.162],[74.298,15.146],[74.29,15.143],[74.293,15.12],[74.281,15.102],[74.287,15.069],[74.302,15.04],[74.289,15.03],[74.29,15.022],[74.282,15.016],[74.271,14.999],[74.272,14.998],[74.262,14.991],[74.274,14.975],[74.267,14.967],[74.262,14.958],[74.251,14.961],[74.244,14.957],[74.242,14.946],[74.225,14.941],[74.219,14.931],[74.203,14.927],[74.204,14.938],[74.197,14.943],[74.187,14.953],[74.17,14.947],[74.17,14.942],[74.166,14.937],[74.175,14.916],[74.175,14.909],[74.146,14.917],[74.133,14.916],[74.113,14.911],[74.104,14.904],[74.097,14.896],[74.099,14.88],[74.112,14.859],[74.112,14.847],[74.125,14.837],[74.126,14.816],[74.12,14.802],[74.109,14.807],[74.093,14.803],[74.11,14.785],[74.143,14.778],[74.16,14.755],[74.179,14.75],[74.193,14.735],[74.228,14.737],[74.237,14.747],[74.25,14.74],[74.264,14.717],[74.282,14.678],[74.278,14.659],[74.284,14.645],[74.284,14.631],[74.273,14.627],[74.28,14.61],[74.291,14.596],[74.311,14.552],[74.316,14.519],[74.337,14.518],[74.354,14.521],[74.35,14.544],[74.369,14.558],[74.383,14.537],[74.361,14.52],[74.36,14.502],[74.381,14.447],[74.385,14.428],[74.393,14.419],[74.405,14.372],[74.413,14.317],[74.421,14.3],[74.429,14.267],[74.453,14.202],[74.467,14.197],[74.474,14.169],[74.485,14.113],[74.488,14.087],[74.499,14.05],[74.502,14.023],[74.515,13.986],[74.537,13.967],[74.55,13.948],[74.567,13.949],[74.591,13.907],[74.595,13.888],[74.609,13.862],[74.628,13.786],[74.644,13.694],[74.651,13.668],[74.662,13.655],[74.668,13.629],[74.681,13.549],[74.69,13.461],[74.694,13.454],[74.697,13.398],[74.696,13.379],[74.698,13.353],[74.714,13.335],[74.723,13.303],[74.724,13.28],[74.733,13.237],[74.758,13.151],[74.77,13.095],[74.782,13.064],[74.779,13.054],[74.789,13.004],[74.797,12.973],[74.807,12.919],[74.818,12.876],[74.821,12.853],[74.829,12.847],[74.845,12.798],[74.852,12.789],[74.867,12.754],[74.886,12.749],[74.895,12.756],[74.929,12.771],[74.954,12.779],[74.971,12.773],[75.005,12.785],[75.009,12.76],[74.992,12.738],[75,12.727],[75.003,12.714],[75.038,12.719],[75.05,12.715],[75.056,12.703],[75.057,12.687],[75.045,12.687],[75.043,12.671],[75.048,12.66],[75.07,12.658],[75.083,12.666],[75.085,12.69],[75.104,12.692],[75.113,12.676],[75.132,12.671],[75.145,12.673],[75.161,12.664],[75.15,12.642],[75.141,12.638],[75.155,12.62],[75.17,12.617],[75.183,12.627],[75.201,12.625],[75.199,12.606],[75.21,12.597],[75.214,12.573],[75.223,12.563],[75.238,12.564],[75.277,12.612],[75.301,12.599],[75.308,12.588],[75.328,12.585],[75.328,12.577],[75.316,12.569],[75.291,12.575],[75.277,12.564],[75.271,12.554],[75.272,12.54],[75.281,12.518],[75.305,12.517],[75.304,12.498],[75.321,12.491],[75.336,12.485],[75.341,12.465],[75.341,12.456],[75.356,12.458],[75.372,12.469],[75.373,12.477],[75.377,12.486],[75.381,12.491],[75.387,12.492],[75.397,12.498],[75.404,12.49],[75.414,12.497],[75.424,12.466],[75.415,12.454],[75.403,12.448],[75.392,12.445],[75.386,12.451],[75.367,12.452],[75.369,12.446],[75.371,12.429],[75.366,12.407],[75.379,12.387],[75.394,12.38],[75.401,12.376],[75.403,12.373],[75.419,12.37],[75.421,12.362],[75.414,12.344],[75.411,12.338],[75.423,12.308],[75.43,12.3],[75.419,12.286],[75.431,12.292],[75.441,12.29],[75.458,12.289],[75.467,12.295],[75.483,12.286],[75.493,12.267],[75.494,12.265],[75.504,12.263],[75.511,12.253],[75.513,12.249],[75.519,12.236],[75.52,12.233],[75.523,12.229],[75.525,12.22],[75.538,12.207],[75.533,12.199],[75.54,12.192],[75.544,12.192],[75.551,12.184],[75.564,12.167],[75.583,12.15],[75.591,12.143],[75.595,12.145],[75.608,12.149],[75.627,12.145],[75.629,12.142],[75.637,12.14],[75.643,12.131],[75.643,12.12],[75.662,12.091],[75.673,12.091],[75.692,12.103],[75.7,12.088],[75.707,12.083],[75.714,12.069],[75.717,12.062],[75.739,12.072],[75.763,12.079],[75.795,12.074],[75.802,12.068],[75.796,12.049],[75.8,12.03],[75.828,12.003],[75.824,11.984],[75.831,11.975],[75.844,11.97],[75.851,11.957],[75.877,11.941],[75.931,11.931],[75.948,11.934],[75.976,11.925],[75.998,11.924],[76.004,11.932],[76.03,11.933],[76.073,11.961],[76.091,11.962],[76.108,11.971],[76.109,11.928],[76.108,11.851],[76.126,11.845],[76.139,11.857],[76.184,11.864],[76.203,11.849],[76.206,11.82],[76.219,11.8],[76.244,11.795],[76.253,11.8],[76.275,11.801],[76.284,11.785],[76.3,11.776],[76.311,11.744],[76.335,11.731],[76.346,11.731],[76.356,11.74],[76.372,11.736],[76.384,11.745],[76.404,11.75],[76.419,11.722],[76.418,11.714],[76.403,11.707],[76.402,11.683],[76.41,11.665],[76.423,11.659],[76.451,11.655],[76.474,11.678],[76.485,11.682],[76.504,11.698],[76.513,11.694],[76.54,11.671],[76.554,11.613],[76.575,11.606],[76.608,11.6],[76.626,11.604],[76.751,11.607],[76.781,11.604],[76.808,11.596],[76.817,11.597],[76.836,11.584],[76.847,11.589],[76.851,11.602],[76.839,11.623],[76.83,11.629],[76.83,11.649],[76.854,11.699],[76.881,11.725],[76.889,11.75],[76.888,11.766],[76.9,11.783],[76.944,11.781],[76.96,11.765],[76.975,11.791],[76.973,11.801],[76.99,11.799],[77.004,11.803],[77.023,11.795],[77.032,11.784],[77.022,11.765],[77.028,11.762],[77.041,11.778],[77.053,11.779],[77.062,11.772],[77.05,11.758],[77.076,11.724],[77.096,11.723],[77.109,11.713],[77.103,11.746],[77.114,11.762],[77.131,11.762],[77.137,11.772],[77.166,11.774],[77.19,11.783],[77.227,11.784],[77.237,11.788],[77.242,11.802],[77.278,11.79],[77.285,11.798],[77.326,11.759],[77.346,11.764],[77.355,11.778],[77.382,11.776],[77.401,11.764],[77.412,11.762],[77.431,11.772],[77.441,11.791],[77.442,11.806],[77.456,11.839],[77.451,11.844],[77.455,11.867],[77.454,11.891],[77.476,11.89],[77.484,11.921],[77.49,11.93],[77.524,11.921],[77.548,11.931],[77.573,11.924],[77.591,11.926],[77.637,11.94],[77.665,11.94],[77.664,11.953],[77.689,12.01],[77.72,12.053],[77.746,12.069],[77.767,12.109],[77.74,12.129],[77.739,12.148],[77.726,12.167],[77.701,12.173],[77.655,12.188],[77.629,12.186],[77.604,12.195],[77.591,12.191],[77.556,12.187],[77.539,12.194],[77.511,12.184],[77.482,12.19],[77.466,12.202],[77.474,12.225],[77.463,12.236],[77.47,12.262],[77.478,12.27],[77.493,12.273],[77.502,12.266],[77.518,12.27],[77.524,12.281],[77.543,12.284],[77.556,12.297],[77.569,12.324],[77.586,12.336],[77.591,12.349],[77.604,12.354],[77.616,12.405],[77.617,12.425],[77.625,12.477],[77.617,12.486],[77.597,12.465],[77.575,12.468],[77.602,12.492],[77.605,12.503],[77.579,12.507],[77.576,12.537],[77.57,12.558],[77.581,12.584],[77.582,12.605],[77.598,12.621],[77.588,12.643],[77.59,12.658],[77.633,12.67],[77.654,12.674],[77.67,12.671],[77.668,12.651],[77.695,12.651],[77.704,12.674],[77.718,12.662],[77.731,12.664],[77.727,12.683],[77.734,12.691],[77.75,12.687],[77.763,12.714],[77.758,12.729],[77.778,12.734],[77.785,12.745],[77.772,12.76],[77.788,12.781],[77.801,12.821],[77.784,12.828],[77.792,12.84],[77.8,12.838],[77.822,12.85],[77.826,12.859],[77.882,12.858],[77.887,12.867],[77.914,12.874],[77.928,12.85],[77.915,12.844],[77.909,12.822],[77.933,12.813],[77.94,12.829],[77.958,12.836],[77.957,12.822],[77.971,12.823],[77.981,12.81],[77.981,12.796],[78.001,12.795],[78.006,12.803],[77.993,12.814],[78.008,12.823],[78.009,12.834],[78.022,12.841],[78.065,12.83],[78.076,12.821],[78.086,12.803],[78.114,12.787],[78.121,12.77],[78.136,12.769],[78.158,12.76],[78.166,12.765],[78.19,12.761],[78.199,12.755],[78.221,12.753],[78.229,12.762],[78.242,12.812],[78.241,12.847],[78.263,12.857],[78.276,12.849],[78.303,12.847],[78.304,12.866],[78.311,12.874],[78.316,12.893],[78.327,12.889],[78.338,12.906],[78.345,12.928],[78.369,12.902],[78.378,12.895],[78.388,12.906],[78.403,12.891],[78.417,12.889],[78.426,12.902],[78.436,12.901],[78.438,12.88],[78.457,12.866],[78.456,12.893],[78.434,12.908],[78.421,12.924],[78.425,12.938],[78.423,12.969],[78.458,12.963],[78.461,12.979],[78.455,12.99],[78.45,13.015],[78.452,13.032],[78.467,13.041],[78.505,13.053],[78.499,13.07],[78.502,13.082],[78.514,13.085],[78.516,13.101],[78.509,13.12],[78.521,13.129],[78.535,13.131],[78.533,13.142],[78.539,13.152],[78.569,13.156],[78.566,13.172],[78.553,13.189],[78.569,13.204],[78.557,13.212],[78.56,13.233],[78.572,13.249],[78.577,13.262],[78.567,13.272],[78.56,13.293],[78.547,13.273],[78.529,13.276],[78.521,13.256],[78.512,13.26],[78.501,13.277],[78.47,13.294],[78.466,13.31],[78.436,13.298],[78.429,13.317],[78.415,13.317],[78.391,13.304],[78.383,13.314],[78.367,13.32],[78.368,13.328],[78.395,13.323],[78.397,13.332],[78.384,13.342],[78.355,13.355],[78.369,13.38],[78.371,13.391],[78.363,13.452],[78.367,13.467],[78.367,13.495],[78.373,13.512],[78.385,13.532],[78.386,13.544],[78.398,13.566],[78.391,13.578],[78.38,13.581],[78.344,13.578],[78.312,13.584],[78.292,13.579],[78.265,13.578],[78.25,13.574],[78.228,13.587],[78.223,13.577],[78.208,13.582],[78.202,13.568],[78.189,13.556],[78.18,13.564],[78.179,13.579],[78.194,13.595],[78.194,13.616],[78.186,13.621],[78.161,13.623],[78.159,13.645],[78.146,13.65],[78.107,13.647],[78.081,13.635],[78.08,13.65],[78.066,13.664],[78.064,13.688],[78.085,13.681],[78.105,13.684],[78.109,13.71],[78.085,13.733],[78.095,13.75],[78.111,13.762],[78.118,13.777],[78.108,13.804],[78.117,13.822],[78.114,13.841],[78.106,13.854],[78.075,13.855],[78.071,13.872],[78.041,13.887],[78.043,13.864],[78.038,13.853],[78.016,13.854],[78.005,13.862],[77.985,13.862],[77.981,13.849],[77.966,13.82],[77.948,13.825],[77.942,13.871],[77.95,13.884],[77.978,13.893],[77.974,13.924],[77.979,13.948],[77.961,13.95],[77.951,13.928],[77.939,13.925],[77.93,13.909],[77.912,13.897],[77.89,13.911],[77.887,13.931],[77.862,13.927],[77.83,13.927],[77.814,13.931],[77.806,13.918],[77.811,13.895],[77.821,13.889],[77.828,13.861],[77.811,13.852],[77.803,13.841],[77.786,13.84],[77.774,13.832],[77.78,13.82],[77.769,13.809],[77.728,13.802],[77.713,13.791],[77.714,13.761],[77.711,13.738],[77.702,13.731],[77.696,13.761],[77.669,13.752],[77.67,13.777],[77.649,13.776],[77.614,13.76],[77.613,13.747],[77.634,13.741],[77.637,13.735],[77.616,13.728],[77.604,13.743],[77.596,13.744],[77.582,13.731],[77.567,13.729],[77.556,13.716],[77.548,13.72],[77.54,13.744],[77.52,13.744],[77.515,13.737],[77.527,13.725],[77.528,13.707],[77.522,13.688],[77.508,13.689],[77.503,13.704],[77.48,13.703],[77.485,13.687],[77.476,13.678],[77.45,13.676],[77.445,13.696],[77.457,13.713],[77.463,13.744],[77.459,13.75],[77.451,13.786],[77.456,13.8],[77.441,13.802],[77.429,13.788],[77.409,13.799],[77.413,13.812],[77.425,13.827],[77.425,13.835],[77.404,13.831],[77.373,13.831],[77.373,13.838],[77.352,13.844],[77.327,13.825],[77.32,13.826],[77.307,13.857],[77.286,13.846],[77.25,13.839],[77.253,13.856],[77.244,13.86],[77.239,13.882],[77.24,13.894],[77.225,13.895],[77.217,13.869],[77.209,13.878],[77.193,13.856],[77.175,13.861],[77.182,13.901],[77.177,13.917],[77.16,13.908],[77.156,13.9],[77.165,13.866],[77.162,13.857],[77.139,13.859],[77.125,13.843],[77.146,13.835],[77.162,13.815],[77.154,13.801],[77.158,13.787],[77.171,13.772],[77.167,13.755],[77.138,13.756],[77.124,13.751],[77.095,13.761],[77.08,13.753],[77.081,13.737],[77.06,13.739],[77.035,13.769],[77.02,13.77],[77.011,13.733],[76.993,13.743],[76.981,13.786],[76.984,13.804],[76.969,13.81],[77.006,13.85],[77.017,13.893],[77.041,13.897],[77.036,13.926],[77.019,13.935],[77.008,13.947],[76.989,13.957],[76.994,13.981],[76.975,13.997],[76.949,14.007],[76.941,14.021],[76.931,14.023],[76.938,14.048],[76.972,14.052],[76.975,14.065],[76.968,14.08],[76.951,14.085],[76.943,14.112],[76.922,14.129],[76.913,14.122],[76.884,14.131],[76.891,14.159],[76.917,14.158],[76.937,14.166],[76.942,14.189],[76.958,14.176],[76.986,14.173],[77.02,14.173],[77.014,14.127],[77.017,14.106],[77.01,14.092],[77.024,14.083],[77.02,14.061],[77.024,14.053],[77.069,14.047],[77.07,14.039],[77.091,14.038],[77.121,14.042],[77.134,13.998],[77.154,13.991],[77.171,14.009],[77.195,14.003],[77.219,14.008],[77.243,14.006],[77.256,14.021],[77.272,14.028],[77.279,14.007],[77.292,14.014],[77.304,14.027],[77.313,14.025],[77.333,13.988],[77.354,13.982],[77.344,13.951],[77.363,13.942],[77.343,13.912],[77.348,13.897],[77.39,13.898],[77.397,13.881],[77.419,13.895],[77.427,13.909],[77.41,13.915],[77.408,13.936],[77.429,13.943],[77.431,13.969],[77.421,13.977],[77.387,13.974],[77.373,13.982],[77.383,14.007],[77.362,14.016],[77.326,14.023],[77.338,14.054],[77.35,14.053],[77.372,14.072],[77.38,14.09],[77.395,14.103],[77.39,14.119],[77.352,14.105],[77.348,14.124],[77.377,14.13],[77.39,14.165],[77.41,14.17],[77.423,14.165],[77.463,14.164],[77.5,14.151],[77.51,14.172],[77.504,14.181],[77.5,14.204],[77.49,14.228],[77.496,14.24],[77.499,14.261],[77.496,14.272],[77.479,14.284],[77.455,14.272],[77.444,14.278],[77.442,14.31],[77.428,14.305],[77.426,14.321],[77.395,14.329],[77.379,14.317],[77.375,14.295],[77.39,14.261],[77.401,14.26],[77.415,14.203],[77.391,14.191],[77.384,14.192],[77.377,14.217],[77.355,14.23],[77.359,14.244],[77.359,14.269],[77.295,14.276],[77.28,14.276],[77.283,14.302],[77.281,14.331],[77.258,14.326],[77.245,14.315],[77.196,14.314],[77.18,14.326],[77.152,14.338],[77.132,14.331],[77.126,14.302],[77.112,14.288],[77.107,14.262],[77.116,14.257],[77.11,14.221],[77.095,14.209],[77.075,14.209],[77.05,14.24],[77.033,14.24],[77.004,14.232],[76.982,14.238],[76.951,14.234],[76.938,14.24],[76.925,14.272],[76.944,14.282],[76.95,14.294],[76.943,14.305],[76.923,14.31],[76.899,14.319],[76.879,14.351],[76.883,14.39],[76.897,14.394],[76.913,14.414],[76.942,14.4],[76.945,14.409],[76.944,14.445],[76.959,14.445],[76.974,14.47],[76.973,14.478],[76.945,14.482],[76.907,14.484],[76.88,14.471],[76.864,14.475],[76.854,14.499],[76.844,14.509],[76.8,14.528],[76.786,14.553],[76.778,14.579],[76.761,14.596],[76.771,14.674],[76.781,14.69],[76.786,14.707],[76.798,14.735],[76.788,14.752],[76.78,14.779],[76.834,14.785],[76.837,14.804],[76.847,14.802],[76.84,14.83],[76.849,14.839],[76.852,14.863],[76.846,14.89],[76.86,14.891],[76.865,14.938],[76.864,14.964],[76.841,14.961],[76.828,14.951],[76.815,14.964],[76.797,14.963],[76.764,14.97],[76.757,14.983],[76.785,15.017],[76.781,15.034],[76.771,15.054],[76.773,15.065],[76.797,15.091],[76.821,15.075],[76.837,15.072],[76.861,15.057],[76.877,15.029],[76.889,15.032],[76.914,15.031],[76.951,15.024],[76.967,15.013],[76.982,15.01],[76.984,15.02],[77.001,15.03],[77.023,15.028],[77.047,15.029],[77.041,15.005],[77.079,15],[77.082,15.022],[77.091,15.028],[77.11,15.029],[77.126,15.068],[77.128,15.094],[77.148,15.107],[77.154,15.121],[77.153,15.132],[77.135,15.136],[77.137,15.149],[77.158,15.149],[77.164,15.168],[77.158,15.194],[77.141,15.218],[77.121,15.221],[77.133,15.235],[77.14,15.252],[77.165,15.251],[77.148,15.271],[77.148,15.286],[77.115,15.29],[77.113,15.319],[77.11,15.327],[77.069,15.319],[77.062,15.322],[77.063,15.338],[77.038,15.359],[77.044,15.384],[77.029,15.401],[77.031,15.418],[77.027,15.435],[77.006,15.448],[76.996,15.467],[76.976,15.482],[76.97,15.491],[76.972,15.506],[76.996,15.5],[77.005,15.503],[77.027,15.5],[77.029,15.525],[77.024,15.576],[77.029,15.598],[77.027,15.629],[77.069,15.641],[77.081,15.653],[77.096,15.644],[77.116,15.625],[77.125,15.659],[77.101,15.679],[77.076,15.691],[77.084,15.709],[77.076,15.721],[77.047,15.725],[77.043,15.734],[77.047,15.751],[77.062,15.778],[77.064,15.823],[77.028,15.826],[77.022,15.832],[77.033,15.853],[77.052,15.876],[77.066,15.899],[77.077,15.91],[77.105,15.925],[77.13,15.93],[77.143,15.941],[77.181,15.95],[77.236,15.953],[77.249,15.958],[77.282,15.947],[77.3,15.95],[77.315,15.945],[77.354,15.944],[77.376,15.933],[77.408,15.936],[77.426,15.942],[77.467,15.928],[77.497,15.926],[77.509,15.921],[77.515,15.943],[77.515,15.963],[77.506,15.973],[77.51,16.002],[77.502,16.006],[77.491,16.031],[77.5,16.054],[77.503,16.073],[77.493,16.08],[77.498,16.097],[77.509,16.104],[77.487,16.116],[77.488,16.147],[77.484,16.159],[77.488,16.179],[77.495,16.187],[77.495,16.213],[77.509,16.215],[77.511,16.223],[77.489,16.224],[77.488,16.25],[77.499,16.258],[77.501,16.268],[77.524,16.27],[77.534,16.263],[77.543,16.287],[77.565,16.298],[77.581,16.286],[77.588,16.296],[77.591,16.312],[77.584,16.328],[77.535,16.353],[77.519,16.37],[77.481,16.378],[77.438,16.374],[77.428,16.365],[77.412,16.363],[77.373,16.38],[77.353,16.377],[77.333,16.388],[77.307,16.394],[77.285,16.403],[77.264,16.43],[77.258,16.447],[77.235,16.468],[77.252,16.468],[77.292,16.474],[77.297,16.491],[77.324,16.481],[77.366,16.484],[77.369,16.502],[77.381,16.512],[77.415,16.518],[77.416,16.544],[77.402,16.547],[77.391,16.565],[77.421,16.565],[77.437,16.581],[77.456,16.581],[77.464,16.605],[77.454,16.607],[77.471,16.644],[77.461,16.649],[77.444,16.636],[77.433,16.638],[77.417,16.663],[77.437,16.667],[77.446,16.674],[77.465,16.678],[77.469,16.709],[77.445,16.714],[77.437,16.708],[77.423,16.715],[77.431,16.736],[77.437,16.763],[77.435,16.778],[77.445,16.78],[77.467,16.777],[77.472,16.796],[77.463,16.805],[77.457,16.824],[77.46,16.844],[77.453,16.909],[77.468,16.917],[77.464,16.929],[77.464,16.953],[77.479,16.968],[77.478,16.99],[77.483,16.999],[77.499,17.007],[77.492,17.022],[77.493,17.033],[77.478,17.061],[77.477,17.076],[77.46,17.093],[77.463,17.104],[77.439,17.115],[77.434,17.111],[77.404,17.123],[77.399,17.132],[77.376,17.138],[77.375,17.149],[77.36,17.162],[77.371,17.19],[77.391,17.192],[77.393,17.211],[77.38,17.22],[77.405,17.237],[77.418,17.233],[77.423,17.253],[77.455,17.276],[77.453,17.287],[77.434,17.288],[77.45,17.315],[77.456,17.345],[77.45,17.35],[77.452,17.37],[77.475,17.368],[77.483,17.354],[77.499,17.354],[77.521,17.362],[77.528,17.372],[77.521,17.386],[77.534,17.399],[77.511,17.413],[77.51,17.427],[77.533,17.441],[77.573,17.43],[77.573,17.454],[77.596,17.443],[77.611,17.444],[77.611,17.47],[77.634,17.472],[77.648,17.481],[77.684,17.473],[77.688,17.499],[77.666,17.51],[77.657,17.521],[77.645,17.519],[77.621,17.522],[77.617,17.529],[77.592,17.533],[77.592,17.549],[77.585,17.558],[77.548,17.549],[77.537,17.571],[77.527,17.573],[77.502,17.541],[77.497,17.543],[77.49,17.566],[77.474,17.565],[77.461,17.577],[77.44,17.581],[77.441,17.604],[77.451,17.632],[77.446,17.657],[77.451,17.688],[77.458,17.699],[77.489,17.707],[77.494,17.716],[77.528,17.727],[77.539,17.725],[77.562,17.747],[77.554,17.761],[77.523,17.78],[77.504,17.783],[77.511,17.801],[77.526,17.812],[77.526,17.827],[77.554,17.83],[77.563,17.842],[77.567,17.866],[77.592,17.879],[77.583,17.898],[77.585,17.908],[77.617,17.903],[77.62,17.944],[77.644,17.946],[77.644,17.963],[77.653,17.969],[77.646,17.993],[77.629,17.993],[77.622,18.005],[77.607,18.018],[77.592,18.01],[77.585,18.025],[77.574,18.031],[77.553,18.035],[77.546,18.054],[77.567,18.076],[77.597,18.084],[77.601,18.099],[77.594,18.128],[77.598,18.152],[77.579,18.162],[77.57,18.189],[77.585,18.217],[77.573,18.241],[77.581,18.256],[77.592,18.262],[77.603,18.278],[77.571,18.29],[77.561,18.283],[77.55,18.291]]]},"properties":{"ID_0":105,"ISO":"IND","NAME_0":"India","ID_1":17,"NAME_1":"Karnataka","NL_NAME_1":null,"VARNAME_1":"Maisur|Mysore","TYPE_1":"State","ENGTYPE_1":"State"}},
{"type":"Feature","geometry":{"type":"MultiPolygon","coordinates":[[[[76.404,9.542],[76.382,9.534],[76.383,9.527],[76.405,9.528],[76.404,9.542]]],[[[76.435,9.552],[76.405,9.542],[76.406,9.528],[76.434,9.528],[76.435,9.552]]],[[[76.437,9.552],[76.435,9.528],[76.465,9.53],[76.465,9.542],[76.437,9.552]]],[[[76.414,9.563],[76.405,9.554],[76.382,9.543],[76.384,9.535],[76.425,9.55],[76.414,9.563]]],[[[76.35,9.875],[76.352,9.858],[76.349,9.838],[76.36,9.831],[76.372,9.834],[76.366,9.856],[76.357,9.86],[76.35,9.875]]],[[[76.308,9.922],[76.304,9.903],[76.31,9.887],[76.318,9.887],[76.308,9.922]]],[[[76.261,9.971],[76.267,9.94],[76.288,9.927],[76.29,9.937],[76.275,9.966],[76.261,9.971]]],[[[76.242,10.014],[76.247,9.977],[76.26,9.982],[76.253,10.006],[76.242,10.014]]],[[[75.321,12.491],[75.304,12.498],[75.305,12.517],[75.281,12.518],[75.272,12.54],[75.271,12.554],[75.277,12.564],[75.291,12.575],[75.316,12.569],[75.328,12.577],[75.328,12.585],[75.308,12.588],[75.301,12.599],[75.277,12.612],[75.238,12.564],[75.223,12.563],[75.214,12.573],[75.21,12.597],[75.199,12.606],[75.201,12.625],[75.183,12.627],[75.17,12.617],[75.155,12.62],[75.141,12.638],[75.15,12.642],[75.161,12.664],[75.145,12.673],[75.132,12.671],[75.113,12.676],[75.104,12.692],[75.085,12.69],[75.083,12.666],[75.07,12.658],[75.048,12.66],[75.043,12.671],[75.045,12.687],[75.057,12.687],[75.056,12.703],[75.05,12.715],[75.038,12.719],[75.003,12.714],[75,12.727],[74.992,12.738],[75.009,12.76],[75.005,12.785],[74.971,12.773],[74.954,12.779],[74.929,12.771],[74.895,12.756],[74.886,12.749],[74.867,12.754],[74.884,12.71],[74.91,12.656],[74.962,12.532],[74.973,12.499],[74.992,12.467],[75.015,12.417],[75.022,12.412],[75.03,12.394],[75.045,12.379],[75.072,12.32],[75.106,12.238],[75.118,12.206],[75.129,12.212],[75.137,12.185],[75.149,12.17],[75.155,12.147],[75.164,12.132],[75.161,12.119],[75.171,12.115],[75.175,12.084],[75.187,12.047],[75.187,12.037],[75.205,12.005],[75.231,12.024],[75.225,12.032],[75.227,12.044],[75.224,12.054],[75.221,12.101],[75.237,12.11],[75.241,12.109],[75.247,12.104],[75.256,12.109],[75.266,12.104],[75.278,12.102],[75.284,12.115],[75.311,12.125],[75.31,12.132],[75.311,12.136],[75.321,12.144],[75.325,12.145],[75.346,12.139],[75.367,12.135],[75.372,12.146],[75.378,12.146],[75.389,12.146],[75.4,12.141],[75.402,12.134],[75.392,12.126],[75.382,12.129],[75.379,12.122],[75.369,12.121],[75.352,12.109],[75.336,12.099],[75.33,12.103],[75.32,12.107],[75.309,12.103],[75.315,12.088],[75.297,12.064],[75.301,12.058],[75.305,12.053],[75.312,12.049],[75.3,12.015],[75.292,12.005],[75.279,12.022],[75.268,12.023],[75.265,12.007],[75.291,11.986],[75.303,11.962],[75.317,11.947],[75.335,11.943],[75.342,11.932],[75.303,11.947],[75.301,11.94],[75.325,11.904],[75.353,11.87],[75.355,11.86],[75.368,11.852],[75.378,11.859],[75.407,11.835],[75.43,11.807],[75.442,11.797],[75.454,11.77],[75.473,11.763],[75.493,11.743],[75.507,11.733],[75.525,11.707],[75.53,11.705],[75.555,11.654],[75.585,11.578],[75.594,11.572],[75.591,11.558],[75.618,11.489],[75.617,11.477],[75.633,11.463],[75.646,11.468],[75.665,11.462],[75.681,11.45],[75.702,11.417],[75.728,11.363],[75.737,11.348],[75.734,11.334],[75.747,11.319],[75.769,11.258],[75.773,11.242],[75.802,11.163],[75.809,11.163],[75.833,11.105],[75.846,11.065],[75.854,11.027],[75.863,10.998],[75.877,10.944],[75.91,10.792],[75.933,10.739],[75.97,10.659],[75.995,10.602],[76,10.589],[76.08,10.428],[76.113,10.343],[76.13,10.289],[76.137,10.259],[76.16,10.188],[76.176,10.15],[76.182,10.131],[76.202,10.053],[76.218,10.006],[76.224,9.977],[76.239,9.974],[76.243,9.984],[76.237,10.009],[76.239,10.03],[76.232,10.047],[76.22,10.056],[76.225,10.067],[76.221,10.084],[76.211,10.092],[76.214,10.106],[76.203,10.133],[76.221,10.126],[76.224,10.099],[76.243,10.075],[76.23,10.114],[76.259,10.087],[76.262,10.071],[76.251,10.054],[76.254,10.042],[76.273,10.015],[76.276,10.003],[76.27,9.99],[76.293,9.942],[76.302,9.937],[76.314,9.913],[76.319,9.889],[76.332,9.882],[76.343,9.885],[76.333,9.913],[76.34,9.92],[76.354,9.911],[76.364,9.893],[76.386,9.841],[76.383,9.834],[76.387,9.811],[76.369,9.794],[76.373,9.773],[76.386,9.759],[76.391,9.742],[76.389,9.72],[76.383,9.705],[76.414,9.697],[76.413,9.682],[76.405,9.673],[76.403,9.647],[76.417,9.636],[76.43,9.612],[76.417,9.572],[76.418,9.56],[76.478,9.538],[76.485,9.542],[76.501,9.529],[76.383,9.526],[76.368,9.522],[76.357,9.525],[76.353,9.54],[76.359,9.575],[76.368,9.583],[76.364,9.598],[76.367,9.611],[76.381,9.633],[76.382,9.653],[76.391,9.658],[76.391,9.68],[76.373,9.685],[76.365,9.696],[76.367,9.728],[76.372,9.742],[76.368,9.777],[76.36,9.797],[76.371,9.817],[76.354,9.823],[76.343,9.835],[76.34,9.856],[76.33,9.873],[76.32,9.871],[76.322,9.83],[76.332,9.826],[76.336,9.809],[76.322,9.808],[76.322,9.833],[76.317,9.868],[76.319,9.876],[76.288,9.891],[76.278,9.887],[76.281,9.872],[76.27,9.866],[76.258,9.899],[76.286,9.902],[76.296,9.913],[76.293,9.922],[76.268,9.932],[76.263,9.94],[76.26,9.962],[76.253,9.97],[76.237,9.965],[76.237,9.956],[76.249,9.922],[76.261,9.878],[76.275,9.803],[76.284,9.75],[76.293,9.663],[76.295,9.632],[76.3,9.586],[76.311,9.523],[76.329,9.448],[76.339,9.412],[76.352,9.378],[76.369,9.343],[76.385,9.306],[76.411,9.251],[76.46,9.141],[76.468,9.141],[76.452,9.178],[76.44,9.19],[76.443,9.198],[76.46,9.165],[76.485,9.138],[76.467,9.128],[76.484,9.092],[76.511,9.03],[76.518,9.018],[76.528,8.967],[76.533,8.954],[76.541,8.915],[76.552,8.896],[76.568,8.879],[76.581,8.881],[76.593,8.874],[76.619,8.85],[76.645,8.819],[76.648,8.811],[76.68,8.773],[76.705,8.734],[76.768,8.656],[76.786,8.632],[76.865,8.536],[76.889,8.505],[76.938,8.449],[76.963,8.417],[76.979,8.382],[77.002,8.371],[77.008,8.357],[77.016,8.357],[77.062,8.319],[77.086,8.304],[77.091,8.297],[77.105,8.302],[77.109,8.313],[77.122,8.323],[77.15,8.322],[77.157,8.345],[77.135,8.379],[77.154,8.377],[77.18,8.409],[77.183,8.427],[77.189,8.435],[77.21,8.438],[77.209,8.451],[77.199,8.46],[77.191,8.488],[77.199,8.504],[77.206,8.504],[77.223,8.488],[77.248,8.501],[77.252,8.517],[77.265,8.537],[77.252,8.571],[77.228,8.598],[77.228,8.613],[77.198,8.641],[77.187,8.662],[77.19,8.671],[77.179,8.7],[77.167,8.708],[77.155,8.738],[77.177,8.735],[77.184,8.748],[77.183,8.761],[77.198,8.758],[77.198,8.769],[77.215,8.776],[77.217,8.797],[77.227,8.801],[77.231,8.812],[77.247,8.832],[77.24,8.868],[77.227,8.872],[77.224,8.885],[77.206,8.893],[77.194,8.922],[77.18,8.916],[77.18,8.947],[77.163,8.962],[77.158,8.978],[77.134,9],[77.132,9.012],[77.147,9.022],[77.154,9.037],[77.18,9.045],[77.193,9.065],[77.19,9.075],[77.196,9.088],[77.209,9.098],[77.212,9.106],[77.233,9.118],[77.238,9.13],[77.252,9.143],[77.252,9.165],[77.248,9.176],[77.237,9.179],[77.24,9.19],[77.25,9.19],[77.267,9.209],[77.259,9.224],[77.264,9.232],[77.268,9.262],[77.274,9.263],[77.267,9.291],[77.278,9.295],[77.287,9.308],[77.284,9.327],[77.3,9.325],[77.321,9.351],[77.32,9.376],[77.327,9.394],[77.322,9.406],[77.335,9.424],[77.334,9.431],[77.352,9.45],[77.372,9.445],[77.377,9.459],[77.387,9.467],[77.384,9.479],[77.396,9.497],[77.386,9.507],[77.371,9.509],[77.351,9.526],[77.351,9.54],[77.336,9.557],[77.345,9.567],[77.341,9.578],[77.321,9.567],[77.304,9.593],[77.286,9.587],[77.261,9.567],[77.251,9.565],[77.23,9.576],[77.223,9.573],[77.186,9.606],[77.175,9.597],[77.156,9.602],[77.155,9.614],[77.166,9.648],[77.18,9.66],[77.192,9.686],[77.19,9.716],[77.208,9.722],[77.206,9.737],[77.212,9.755],[77.21,9.78],[77.234,9.789],[77.233,9.797],[77.219,9.813],[77.209,9.815],[77.224,9.843],[77.199,9.866],[77.207,9.878],[77.204,9.894],[77.217,9.906],[77.222,9.923],[77.24,9.943],[77.25,9.943],[77.261,9.964],[77.25,9.973],[77.241,10.003],[77.249,10.016],[77.231,10.04],[77.204,10.068],[77.195,10.074],[77.188,10.096],[77.231,10.12],[77.253,10.111],[77.261,10.129],[77.259,10.155],[77.264,10.18],[77.274,10.201],[77.28,10.207],[77.27,10.224],[77.251,10.224],[77.245,10.245],[77.251,10.254],[77.232,10.277],[77.214,10.306],[77.223,10.329],[77.222,10.34],[77.163,10.346],[77.114,10.311],[77.073,10.296],[77.046,10.274],[77.039,10.248],[77.019,10.242],[76.981,10.22],[76.971,10.209],[76.959,10.219],[76.939,10.221],[76.928,10.23],[76.909,10.223],[76.892,10.233],[76.885,10.255],[76.862,10.267],[76.862,10.283],[76.832,10.284],[76.82,10.295],[76.828,10.338],[76.839,10.36],[76.816,10.387],[76.823,10.394],[76.807,10.415],[76.817,10.438],[76.82,10.491],[76.832,10.529],[76.825,10.538],[76.83,10.553],[76.825,10.562],[76.83,10.585],[76.815,10.588],[76.803,10.614],[76.805,10.626],[76.845,10.626],[76.852,10.624],[76.873,10.629],[76.875,10.639],[76.87,10.664],[76.855,10.672],[76.875,10.707],[76.893,10.75],[76.898,10.771],[76.888,10.8],[76.86,10.8],[76.853,10.809],[76.837,10.816],[76.845,10.827],[76.839,10.838],[76.818,10.862],[76.785,10.871],[76.773,10.882],[76.749,10.885],[76.733,10.881],[76.7,10.901],[76.685,10.902],[76.653,10.92],[76.66,10.96],[76.678,10.98],[76.68,10.999],[76.69,11.017],[76.712,11.032],[76.757,11.025],[76.767,11.032],[76.751,11.047],[76.737,11.048],[76.734,11.064],[76.746,11.071],[76.746,11.084],[76.734,11.093],[76.741,11.11],[76.735,11.125],[76.722,11.123],[76.697,11.133],[76.686,11.158],[76.689,11.165],[76.706,11.18],[76.721,11.185],[76.718,11.198],[76.727,11.206],[76.697,11.231],[76.679,11.227],[76.678,11.219],[76.623,11.186],[76.602,11.195],[76.578,11.197],[76.521,11.19],[76.506,11.202],[76.488,11.203],[76.466,11.199],[76.467,11.186],[76.453,11.18],[76.438,11.195],[76.443,11.2],[76.446,11.23],[76.488,11.252],[76.514,11.262],[76.53,11.296],[76.53,11.31],[76.54,11.321],[76.538,11.352],[76.509,11.347],[76.51,11.361],[76.473,11.375],[76.448,11.381],[76.408,11.415],[76.41,11.434],[76.391,11.428],[76.361,11.448],[76.334,11.459],[76.321,11.445],[76.278,11.475],[76.266,11.469],[76.258,11.473],[76.24,11.46],[76.245,11.494],[76.233,11.519],[76.243,11.524],[76.226,11.564],[76.271,11.593],[76.278,11.584],[76.291,11.581],[76.298,11.564],[76.311,11.578],[76.329,11.589],[76.336,11.578],[76.371,11.593],[76.38,11.622],[76.421,11.625],[76.434,11.634],[76.423,11.659],[76.41,11.665],[76.402,11.683],[76.403,11.707],[76.418,11.714],[76.419,11.722],[76.404,11.75],[76.384,11.745],[76.372,11.736],[76.356,11.74],[76.346,11.731],[76.335,11.731],[76.311,11.744],[76.3,11.776],[76.284,11.785],[76.275,11.801],[76.253,11.8],[76.244,11.795],[76.219,11.8],[76.206,11.82],[76.203,11.849],[76.184,11.864],[76.139,11.857],[76.126,11.845],[76.108,11.851],[76.109,11.928],[76.108,11.971],[76.091,11.962],[76.073,11.961],[76.03,11.933],[76.004,11.932],[75.998,11.924],[75.976,11.925],[75.948,11.934],[75.931,11.931],[75.877,11.941],[75.851,11.957],[75.844,11.97],[75.831,11.975],[75.824,11.984],[75.828,12.003],[75.8,12.03],[75.796,12.049],[75.802,12.068],[75.795,12.074],[75.763,12.079],[75.739,12.072],[75.717,12.062],[75.714,12.069],[75.707,12.083],[75.7,12.088],[75.692,12.103],[75.673,12.091],[75.662,12.091],[75.643,12.12],[75.643,12.131],[75.637,12.14],[75.629,12.142],[75.627,12.145],[75.608,12.149],[75.595,12.145],[75.591,12.143],[75.583,12.15],[75.564,12.167],[75.551,12.184],[75.544,12.192],[75.54,12.192],[75.533,12.199],[75.538,12.207],[75.525,12.22],[75.523,12.229],[75.52,12.233],[75.519,12.236],[75.513,12.249],[75.511,12.253],[75.504,12.263],[75.494,12.265],[75.493,12.267],[75.483,12.286],[75.467,12.295],[75.458,12.289],[75.441,12.29],[75.431,12.292],[75.419,12.286],[75.43,12.3],[75.423,12.308],[75.411,12.338],[75.414,12.344],[75.421,12.362],[75.419,12.37],[75.403,12.373],[75.401,12.376],[75.394,12.38],[75.379,12.387],[75.366,12.407],[75.371,12.429],[75.369,12.446],[75.367,12.452],[75.386,12.451],[75.392,12.445],[75.403,12.448],[75.415,12.454],[75.424,12.466],[75.414,12.497],[75.404,12.49],[75.397,12.498],[75.387,12.492],[75.381,12.491],[75.377,12.486],[75.373,12.477],[75.372,12.469],[75.356,12.458],[75.341,12.456],[75.341,12.465],[75.336,12.485],[75.321,12.491]]]]},"properties":{"ID_0":105,"ISO":"IND","NAME_0":"India","ID_1":18,"NAME_1":"Kerala","NL_NAME_1":null,"VARNAME_1":null,"TYPE_1":"State","ENGTYPE_1":"State"}},
{"type":"Feature","geometry":{"type":"MultiPolygon","coordinates":[[[[73.081,8.328],[73.068,8.309],[73.049,8.267],[73.067,8.286],[73.069,8.308],[73.081,8.328]]],[[[72.642,10.577],[72.634,10.555],[72.647,10.56],[72.65,10.57],[72.642,10.577]]],[[[73.678,10.822],[73.664,10.819],[73.662,10.808],[73.679,10.806],[73.696,10.818],[73.678,10.822]]],[[[72.173,10.82],[72.202,10.867],[72.194,10.87],[72.189,10.849],[72.173,10.82]]],[[[72.732,11.136],[72.716,11.125],[72.729,11.12],[72.732,11.136]]]]},"properties":{"ID_0":105,"ISO":"IND","NAME_0":"India","ID_1":19,"NAME_1":"Lakshadweep","NL_NAME_1":null,"VARNAME_1":"les Laquedives|Laccadive|Minicoy and Amindivi Islands|Laccadives|Lackadiverna|Lakkadiven|Lakkadi","TYPE_1":"Union Territor","ENGTYPE_1":"Union Territory"}},
{"type":"Feature","geometry":{"type":"Polygon","coordinates":[[[82.808,23.963],[82.799,23.977],[82.801,24.001],[82.79,24.007],[82.766,24.006],[82.746,24.013],[82.74,24.031],[82.756,24.044],[82.766,24.078],[82.755,24.073],[82.726,24.083],[82.708,24.081],[82.701,24.097],[82.664,24.124],[82.657,24.135],[82.666,24.143],[82.671,24.158],[82.688,24.144],[82.72,24.139],[82.723,24.157],[82.736,24.168],[82.727,24.223],[82.75,24.236],[82.751,24.268],[82.764,24.292],[82.766,24.312],[82.76,24.319],[82.764,24.348],[82.761,24.373],[82.718,24.371],[82.707,24.385],[82.715,24.416],[82.726,24.426],[82.724,24.476],[82.734,24.487],[82.737,24.5],[82.716,24.513],[82.716,24.557],[82.734,24.552],[82.746,24.542],[82.781,24.546],[82.801,24.553],[82.796,24.6],[82.768,24.598],[82.766,24.642],[82.727,24.646],[82.702,24.642],[82.692,24.649],[82.696,24.676],[82.666,24.7],[82.658,24.7],[82.636,24.688],[82.588,24.674],[82.574,24.663],[82.529,24.652],[82.518,24.678],[82.487,24.676],[82.477,24.684],[82.449,24.678],[82.448,24.691],[82.432,24.706],[82.42,24.705],[82.402,24.684],[82.412,24.658],[82.404,24.636],[82.406,24.618],[82.415,24.606],[82.409,24.598],[82.386,24.597],[82.361,24.602],[82.346,24.619],[82.33,24.624],[82.309,24.613],[82.293,24.617],[82.298,24.628],[82.292,24.665],[82.269,24.682],[82.253,24.666],[82.248,24.676],[82.229,24.675],[82.229,24.691],[82.243,24.702],[82.241,24.738],[82.238,24.754],[82.228,24.766],[82.209,24.76],[82.196,24.764],[82.189,24.782],[82.202,24.781],[82.209,24.798],[82.173,24.801],[82.159,24.792],[82.132,24.804],[82.126,24.794],[82.112,24.792],[82.1,24.81],[82.082,24.822],[82.065,24.823],[82.024,24.845],[82.005,24.851],[81.965,24.841],[81.962,24.832],[81.927,24.861],[81.928,24.873],[81.903,24.884],[81.896,24.893],[81.898,24.905],[81.91,24.92],[81.912,24.931],[81.904,24.942],[81.902,24.983],[81.874,25.002],[81.846,25.007],[81.829,25.019],[81.792,25.01],[81.771,25.023],[81.738,25.039],[81.732,25.049],[81.716,25.053],[81.705,25.038],[81.682,25.044],[81.678,25.065],[81.664,25.064],[81.66,25.078],[81.647,25.075],[81.636,25.062],[81.622,25.057],[81.594,25.077],[81.609,25.085],[81.615,25.094],[81.632,25.103],[81.617,25.123],[81.602,25.118],[81.591,25.123],[81.592,25.136],[81.62,25.156],[81.605,25.166],[81.582,25.168],[81.588,25.184],[81.566,25.196],[81.558,25.189],[81.533,25.185],[81.513,25.188],[81.511,25.174],[81.527,25.167],[81.519,25.152],[81.492,25.149],[81.491,25.135],[81.477,25.138],[81.478,25.121],[81.493,25.111],[81.497,25.096],[81.495,25.082],[81.484,25.075],[81.458,25.087],[81.459,25.093],[81.436,25.096],[81.403,25.106],[81.411,25.112],[81.439,25.114],[81.428,25.134],[81.42,25.136],[81.407,25.125],[81.389,25.124],[81.384,25.135],[81.366,25.144],[81.349,25.167],[81.33,25.172],[81.313,25.164],[81.311,25.153],[81.317,25.128],[81.308,25.126],[81.304,25.145],[81.305,25.167],[81.269,25.165],[81.275,25.153],[81.26,25.141],[81.258,25.117],[81.246,25.106],[81.259,25.087],[81.253,25.079],[81.262,25.068],[81.248,25.041],[81.22,25.007],[81.202,24.996],[81.212,24.978],[81.201,24.97],[81.206,24.939],[81.161,24.959],[81.155,24.932],[81.148,24.918],[81.14,24.916],[81.128,24.894],[81.09,24.924],[81.076,24.952],[81.027,24.955],[81.017,24.946],[81.017,24.932],[81,24.94],[80.953,24.939],[80.944,24.951],[80.945,24.968],[80.937,24.972],[80.897,24.957],[80.889,24.947],[80.857,24.936],[80.821,24.937],[80.802,24.944],[80.803,24.957],[80.792,24.964],[80.799,24.975],[80.819,24.974],[80.825,24.986],[80.836,24.986],[80.85,25.003],[80.84,25.02],[80.829,25.03],[80.841,25.051],[80.871,25.071],[80.875,25.08],[80.864,25.088],[80.873,25.103],[80.865,25.124],[80.875,25.144],[80.885,25.14],[80.906,25.164],[80.886,25.177],[80.878,25.196],[80.87,25.189],[80.836,25.193],[80.842,25.168],[80.832,25.141],[80.838,25.128],[80.828,25.11],[80.819,25.131],[80.8,25.146],[80.782,25.137],[80.751,25.142],[80.735,25.135],[80.723,25.149],[80.701,25.128],[80.717,25.129],[80.719,25.104],[80.746,25.099],[80.751,25.091],[80.776,25.084],[80.781,25.07],[80.776,25.062],[80.734,25.062],[80.727,25.072],[80.674,25.054],[80.672,25.065],[80.679,25.082],[80.654,25.076],[80.641,25.093],[80.618,25.094],[80.608,25.099],[80.622,25.122],[80.625,25.138],[80.605,25.136],[80.606,25.149],[80.595,25.155],[80.591,25.132],[80.598,25.128],[80.588,25.109],[80.607,25.076],[80.579,25.088],[80.543,25.068],[80.519,25.082],[80.51,25.101],[80.474,25.102],[80.487,25.092],[80.491,25.078],[80.502,25.063],[80.483,25.047],[80.47,25.045],[80.46,25.07],[80.446,25.066],[80.441,25.082],[80.423,25.071],[80.41,25.077],[80.394,25.072],[80.379,25.056],[80.382,25.01],[80.373,25.008],[80.368,25.025],[80.348,25.016],[80.338,25.021],[80.326,25.003],[80.314,25.004],[80.289,25.021],[80.267,25.03],[80.278,25.044],[80.282,25.063],[80.305,25.076],[80.323,25.107],[80.348,25.13],[80.349,25.141],[80.387,25.163],[80.415,25.165],[80.424,25.174],[80.418,25.192],[80.402,25.221],[80.399,25.243],[80.378,25.238],[80.358,25.251],[80.341,25.279],[80.312,25.282],[80.303,25.297],[80.311,25.311],[80.312,25.334],[80.303,25.358],[80.313,25.372],[80.309,25.392],[80.295,25.408],[80.274,25.425],[80.256,25.429],[80.245,25.405],[80.23,25.411],[80.214,25.404],[80.189,25.406],[80.188,25.384],[80.159,25.378],[80.159,25.366],[80.137,25.356],[80.127,25.341],[80.107,25.344],[80.083,25.356],[80.07,25.343],[80.037,25.341],[80.021,25.343],[80.01,25.325],[80.013,25.302],[79.994,25.289],[79.997,25.27],[79.977,25.265],[79.949,25.265],[79.943,25.272],[79.921,25.251],[79.906,25.254],[79.894,25.246],[79.872,25.254],[79.861,25.243],[79.845,25.237],[79.863,25.219],[79.852,25.203],[79.863,25.177],[79.861,25.156],[79.872,25.149],[79.852,25.14],[79.843,25.116],[79.856,25.099],[79.827,25.1],[79.816,25.111],[79.805,25.111],[79.788,25.12],[79.769,25.125],[79.751,25.141],[79.74,25.143],[79.726,25.136],[79.707,25.133],[79.677,25.137],[79.666,25.127],[79.633,25.133],[79.62,25.143],[79.606,25.132],[79.599,25.145],[79.574,25.159],[79.569,25.176],[79.55,25.169],[79.529,25.137],[79.514,25.126],[79.517,25.102],[79.5,25.099],[79.49,25.083],[79.472,25.087],[79.461,25.096],[79.47,25.131],[79.457,25.125],[79.436,25.108],[79.429,25.112],[79.435,25.127],[79.418,25.134],[79.409,25.116],[79.389,25.121],[79.38,25.149],[79.384,25.17],[79.404,25.19],[79.41,25.209],[79.432,25.203],[79.442,25.221],[79.427,25.225],[79.434,25.242],[79.453,25.257],[79.459,25.269],[79.479,25.265],[79.473,25.282],[79.453,25.283],[79.452,25.274],[79.431,25.26],[79.401,25.262],[79.402,25.279],[79.373,25.293],[79.364,25.293],[79.366,25.268],[79.353,25.265],[79.35,25.288],[79.331,25.294],[79.342,25.305],[79.334,25.317],[79.346,25.333],[79.295,25.34],[79.291,25.329],[79.278,25.328],[79.26,25.31],[79.257,25.279],[79.271,25.267],[79.286,25.281],[79.304,25.265],[79.315,25.261],[79.332,25.276],[79.34,25.273],[79.341,25.23],[79.335,25.223],[79.347,25.214],[79.333,25.201],[79.325,25.222],[79.311,25.219],[79.293,25.24],[79.274,25.248],[79.281,25.227],[79.278,25.211],[79.284,25.189],[79.302,25.175],[79.315,25.152],[79.301,25.131],[79.282,25.134],[79.277,25.12],[79.255,25.13],[79.262,25.141],[79.251,25.161],[79.225,25.158],[79.214,25.148],[79.225,25.14],[79.238,25.143],[79.238,25.116],[79.223,25.123],[79.198,25.128],[79.197,25.143],[79.185,25.151],[79.168,25.145],[79.169,25.132],[79.18,25.129],[79.179,25.118],[79.157,25.112],[79.138,25.118],[79.133,25.111],[79.115,25.118],[79.125,25.129],[79.108,25.144],[79.119,25.163],[79.091,25.176],[79.084,25.193],[79.064,25.172],[79.058,25.151],[79.039,25.137],[79.022,25.143],[79.036,25.174],[79.025,25.187],[79.056,25.226],[79.026,25.235],[79.029,25.249],[79.015,25.248],[79.012,25.274],[78.987,25.275],[78.973,25.254],[78.972,25.243],[78.995,25.232],[79,25.216],[78.996,25.196],[78.982,25.199],[78.969,25.217],[78.953,25.221],[78.924,25.211],[78.901,25.181],[78.877,25.162],[78.867,25.19],[78.88,25.206],[78.882,25.215],[78.867,25.233],[78.872,25.251],[78.896,25.25],[78.909,25.274],[78.941,25.263],[78.944,25.28],[78.97,25.291],[78.953,25.312],[78.956,25.348],[78.943,25.345],[78.931,25.332],[78.915,25.346],[78.908,25.339],[78.885,25.347],[78.856,25.317],[78.867,25.311],[78.872,25.292],[78.862,25.283],[78.85,25.253],[78.846,25.234],[78.835,25.233],[78.824,25.251],[78.806,25.271],[78.812,25.294],[78.804,25.302],[78.793,25.293],[78.783,25.303],[78.792,25.315],[78.815,25.311],[78.833,25.331],[78.844,25.332],[78.838,25.352],[78.875,25.388],[78.901,25.389],[78.915,25.4],[78.943,25.403],[78.931,25.377],[78.895,25.381],[78.897,25.365],[78.939,25.353],[78.948,25.37],[78.974,25.373],[78.976,25.389],[78.968,25.397],[78.966,25.411],[78.97,25.42],[78.96,25.439],[78.943,25.442],[78.929,25.428],[78.903,25.447],[78.93,25.469],[78.935,25.494],[78.917,25.517],[78.942,25.531],[78.942,25.551],[78.926,25.56],[78.886,25.561],[78.874,25.557],[78.868,25.544],[78.878,25.533],[78.876,25.524],[78.834,25.516],[78.827,25.504],[78.846,25.491],[78.857,25.467],[78.854,25.452],[78.837,25.434],[78.82,25.438],[78.846,25.454],[78.825,25.468],[78.79,25.484],[78.773,25.483],[78.757,25.476],[78.744,25.485],[78.739,25.5],[78.726,25.49],[78.725,25.463],[78.748,25.448],[78.752,25.438],[78.765,25.43],[78.789,25.442],[78.812,25.433],[78.795,25.427],[78.745,25.416],[78.759,25.404],[78.766,25.365],[78.764,25.358],[78.736,25.349],[78.704,25.359],[78.71,25.376],[78.693,25.388],[78.687,25.381],[78.658,25.388],[78.652,25.413],[78.669,25.404],[78.7,25.426],[78.689,25.445],[78.67,25.439],[78.658,25.444],[78.639,25.44],[78.633,25.433],[78.637,25.42],[78.634,25.41],[78.619,25.407],[78.603,25.417],[78.584,25.39],[78.561,25.396],[78.578,25.377],[78.576,25.352],[78.556,25.349],[78.545,25.359],[78.528,25.366],[78.534,25.331],[78.541,25.327],[78.525,25.307],[78.505,25.302],[78.488,25.32],[78.469,25.303],[78.467,25.293],[78.449,25.303],[78.43,25.297],[78.429,25.281],[78.436,25.273],[78.454,25.271],[78.489,25.292],[78.505,25.282],[78.521,25.288],[78.536,25.272],[78.552,25.271],[78.569,25.259],[78.561,25.227],[78.57,25.202],[78.594,25.157],[78.598,25.127],[78.597,25.098],[78.62,25.092],[78.642,25.061],[78.644,25.035],[78.637,25.026],[78.632,24.984],[78.625,24.962],[78.654,24.944],[78.657,24.925],[78.668,24.902],[78.696,24.895],[78.703,24.884],[78.723,24.881],[78.732,24.872],[78.747,24.871],[78.764,24.861],[78.773,24.83],[78.781,24.815],[78.778,24.805],[78.765,24.795],[78.763,24.767],[78.772,24.704],[78.76,24.694],[78.758,24.677],[78.74,24.66],[78.748,24.637],[78.748,24.612],[78.752,24.602],[78.777,24.593],[78.794,24.598],[78.802,24.608],[78.831,24.609],[78.833,24.621],[78.844,24.629],[78.856,24.623],[78.863,24.641],[78.873,24.647],[78.882,24.64],[78.893,24.614],[78.904,24.604],[78.913,24.581],[78.946,24.553],[78.94,24.543],[78.944,24.51],[78.966,24.497],[78.943,24.485],[78.925,24.486],[78.926,24.496],[78.914,24.501],[78.901,24.488],[78.913,24.464],[78.931,24.46],[78.944,24.443],[78.982,24.447],[78.988,24.428],[78.981,24.418],[78.967,24.374],[78.968,24.357],[78.932,24.319],[78.908,24.301],[78.913,24.289],[78.91,24.273],[78.879,24.254],[78.881,24.229],[78.874,24.219],[78.858,24.214],[78.839,24.215],[78.828,24.203],[78.811,24.209],[78.806,24.184],[78.785,24.185],[78.775,24.212],[78.768,24.218],[78.754,24.247],[78.746,24.239],[78.727,24.253],[78.719,24.239],[78.699,24.234],[78.681,24.244],[78.669,24.245],[78.654,24.274],[78.631,24.29],[78.617,24.296],[78.623,24.31],[78.605,24.316],[78.594,24.339],[78.585,24.343],[78.578,24.357],[78.553,24.361],[78.528,24.374],[78.515,24.391],[78.5,24.394],[78.475,24.367],[78.468,24.339],[78.44,24.326],[78.434,24.313],[78.435,24.298],[78.426,24.29],[78.411,24.288],[78.407,24.277],[78.386,24.273],[78.362,24.296],[78.341,24.308],[78.329,24.326],[78.327,24.338],[78.363,24.378],[78.359,24.387],[78.345,24.392],[78.337,24.404],[78.318,24.41],[78.29,24.433],[78.267,24.447],[78.26,24.46],[78.27,24.473],[78.263,24.483],[78.24,24.489],[78.238,24.512],[78.22,24.523],[78.224,24.541],[78.255,24.552],[78.268,24.597],[78.27,24.615],[78.257,24.649],[78.268,24.67],[78.257,24.686],[78.251,24.706],[78.226,24.736],[78.22,24.758],[78.226,24.777],[78.209,24.813],[78.187,24.843],[78.165,24.848],[78.163,24.871],[78.17,24.885],[78.2,24.896],[78.214,24.916],[78.256,24.942],[78.263,24.953],[78.29,24.968],[78.307,24.989],[78.328,25],[78.338,25.027],[78.331,25.045],[78.325,25.084],[78.333,25.093],[78.367,25.105],[78.39,25.127],[78.402,25.131],[78.425,25.125],[78.443,25.129],[78.423,25.145],[78.421,25.158],[78.442,25.157],[78.444,25.173],[78.417,25.173],[78.404,25.189],[78.385,25.195],[78.386,25.209],[78.396,25.221],[78.375,25.226],[78.369,25.242],[78.355,25.25],[78.362,25.265],[78.345,25.283],[78.345,25.298],[78.316,25.305],[78.308,25.311],[78.328,25.328],[78.331,25.337],[78.323,25.355],[78.294,25.368],[78.3,25.384],[78.311,25.385],[78.332,25.405],[78.335,25.431],[78.348,25.455],[78.361,25.447],[78.386,25.454],[78.394,25.471],[78.407,25.479],[78.422,25.48],[78.409,25.508],[78.409,25.533],[78.426,25.561],[78.434,25.565],[78.449,25.553],[78.481,25.58],[78.491,25.582],[78.511,25.573],[78.528,25.573],[78.547,25.565],[78.56,25.568],[78.581,25.564],[78.598,25.576],[78.604,25.587],[78.618,25.587],[78.62,25.574],[78.649,25.566],[78.677,25.594],[78.688,25.595],[78.711,25.607],[78.733,25.603],[78.766,25.613],[78.795,25.618],[78.805,25.625],[78.811,25.645],[78.811,25.674],[78.796,25.696],[78.791,25.711],[78.761,25.721],[78.746,25.738],[78.747,25.749],[78.762,25.752],[78.776,25.761],[78.78,25.775],[78.8,25.799],[78.821,25.799],[78.816,25.831],[78.841,25.821],[78.841,25.805],[78.856,25.794],[78.863,25.802],[78.866,25.834],[78.844,25.845],[78.847,25.861],[78.858,25.872],[78.884,25.876],[78.881,25.888],[78.887,25.899],[78.876,25.916],[78.894,25.926],[78.904,25.941],[78.915,25.949],[78.93,25.952],[78.925,25.965],[78.943,25.991],[78.945,26.014],[78.951,26.026],[78.944,26.037],[78.982,26.074],[78.997,26.074],[79.003,26.082],[79,26.097],[78.99,26.096],[78.972,26.109],[78.967,26.126],[78.944,26.138],[78.96,26.154],[78.986,26.151],[79.001,26.155],[79.003,26.173],[78.992,26.177],[78.976,26.193],[78.992,26.204],[79.002,26.197],[79.018,26.213],[79.017,26.232],[79.041,26.229],[79.063,26.247],[79.047,26.255],[79.047,26.271],[79.058,26.284],[79.078,26.287],[79.098,26.315],[79.109,26.309],[79.127,26.316],[79.123,26.345],[79.117,26.354],[79.077,26.363],[79.089,26.377],[79.09,26.388],[79.081,26.406],[79.087,26.418],[79.101,26.412],[79.117,26.417],[79.119,26.433],[79.127,26.445],[79.093,26.457],[79.069,26.447],[79.047,26.461],[79.063,26.485],[79.061,26.503],[79.05,26.507],[79.031,26.525],[79.033,26.536],[78.998,26.551],[78.998,26.574],[78.982,26.594],[78.991,26.605],[79.006,26.61],[79.003,26.627],[78.987,26.647],[79.001,26.674],[78.984,26.686],[78.964,26.677],[78.948,26.663],[78.937,26.672],[78.948,26.697],[78.904,26.713],[78.883,26.704],[78.865,26.705],[78.841,26.726],[78.811,26.765],[78.799,26.769],[78.762,26.767],[78.741,26.793],[78.726,26.78],[78.718,26.782],[78.715,26.8],[78.677,26.792],[78.668,26.774],[78.659,26.769],[78.62,26.775],[78.602,26.756],[78.566,26.758],[78.534,26.772],[78.516,26.785],[78.458,26.795],[78.446,26.803],[78.426,26.832],[78.4,26.826],[78.386,26.828],[78.363,26.871],[78.341,26.874],[78.324,26.869],[78.295,26.868],[78.282,26.864],[78.268,26.85],[78.265,26.825],[78.256,26.82],[78.223,26.837],[78.21,26.836],[78.192,26.83],[78.173,26.833],[78.161,26.827],[78.179,26.801],[78.176,26.791],[78.146,26.792],[78.119,26.803],[78.106,26.801],[78.095,26.789],[78.096,26.772],[78.111,26.762],[78.112,26.75],[78.089,26.738],[78.087,26.724],[78.088,26.687],[78.075,26.678],[78.049,26.69],[78.032,26.691],[78.012,26.7],[77.992,26.703],[77.969,26.677],[77.94,26.663],[77.904,26.666],[77.891,26.655],[77.889,26.633],[77.879,26.62],[77.842,26.615],[77.82,26.6],[77.825,26.573],[77.813,26.555],[77.798,26.55],[77.767,26.553],[77.739,26.543],[77.727,26.515],[77.714,26.504],[77.695,26.501],[77.671,26.51],[77.655,26.497],[77.627,26.483],[77.615,26.466],[77.599,26.454],[77.579,26.451],[77.569,26.443],[77.551,26.441],[77.537,26.423],[77.523,26.415],[77.506,26.413],[77.475,26.415],[77.428,26.407],[77.426,26.396],[77.44,26.379],[77.432,26.365],[77.402,26.369],[77.386,26.362],[77.366,26.372],[77.335,26.357],[77.318,26.346],[77.308,26.315],[77.29,26.296],[77.267,26.276],[77.238,26.263],[77.194,26.236],[77.165,26.245],[77.158,26.239],[77.13,26.24],[77.114,26.231],[77.096,26.195],[77.085,26.187],[77.053,26.186],[77.024,26.176],[77.005,26.159],[76.994,26.138],[76.939,26.106],[76.906,26.101],[76.888,26.093],[76.87,26.056],[76.83,26.03],[76.84,26.011],[76.837,26.002],[76.818,25.984],[76.819,25.971],[76.806,25.953],[76.795,25.944],[76.777,25.939],[76.761,25.943],[76.753,25.932],[76.762,25.922],[76.733,25.903],[76.715,25.901],[76.674,25.912],[76.641,25.906],[76.632,25.875],[76.617,25.871],[76.597,25.876],[76.585,25.868],[76.567,25.84],[76.549,25.825],[76.529,25.798],[76.522,25.766],[76.53,25.744],[76.527,25.731],[76.503,25.729],[76.482,25.718],[76.478,25.695],[76.489,25.683],[76.511,25.673],[76.499,25.648],[76.515,25.634],[76.516,25.607],[76.51,25.58],[76.522,25.55],[76.52,25.53],[76.538,25.51],[76.542,25.497],[76.56,25.473],[76.564,25.442],[76.589,25.431],[76.603,25.389],[76.625,25.375],[76.636,25.38],[76.658,25.361],[76.681,25.345],[76.703,25.348],[76.715,25.342],[76.74,25.348],[76.767,25.336],[76.76,25.323],[76.773,25.316],[76.843,25.331],[76.893,25.322],[76.905,25.318],[76.929,25.297],[76.929,25.279],[76.953,25.279],[76.959,25.297],[76.993,25.302],[77.024,25.301],[77.039,25.325],[77.063,25.324],[77.075,25.34],[77.116,25.335],[77.154,25.313],[77.173,25.315],[77.191,25.312],[77.2,25.319],[77.198,25.331],[77.218,25.331],[77.22,25.373],[77.226,25.379],[77.26,25.399],[77.283,25.424],[77.305,25.436],[77.344,25.422],[77.354,25.424],[77.361,25.413],[77.344,25.388],[77.356,25.368],[77.344,25.337],[77.349,25.324],[77.364,25.333],[77.375,25.306],[77.367,25.285],[77.35,25.272],[77.363,25.25],[77.38,25.245],[77.392,25.231],[77.406,25.226],[77.418,25.193],[77.403,25.187],[77.391,25.188],[77.387,25.122],[77.349,25.098],[77.332,25.097],[77.303,25.084],[77.284,25.104],[77.262,25.119],[77.221,25.11],[77.197,25.117],[77.189,25.112],[77.17,25.114],[77.158,25.088],[77.128,25.089],[77.114,25.069],[77.09,25.066],[77.077,25.058],[77.018,25.072],[77.006,25.079],[76.984,25.078],[76.972,25.067],[76.969,25.056],[76.953,25.048],[76.901,25.034],[76.882,25.034],[76.877,25.016],[76.869,25.011],[76.866,24.972],[76.872,24.955],[76.893,24.935],[76.891,24.92],[76.907,24.923],[76.925,24.91],[76.913,24.897],[76.914,24.888],[76.949,24.873],[76.943,24.86],[76.927,24.85],[76.895,24.84],[76.838,24.841],[76.802,24.827],[76.816,24.804],[76.836,24.785],[76.847,24.77],[76.845,24.752],[76.861,24.749],[76.887,24.754],[76.903,24.746],[76.922,24.749],[76.946,24.764],[76.963,24.76],[76.972,24.732],[76.992,24.717],[77.019,24.715],[77.033,24.703],[77.037,24.683],[77.059,24.642],[77.061,24.611],[77.058,24.595],[77.064,24.585],[77.064,24.564],[77.053,24.544],[77.05,24.527],[77.032,24.529],[77.025,24.517],[77.024,24.501],[76.993,24.473],[76.98,24.475],[76.975,24.465],[76.96,24.46],[76.941,24.467],[76.915,24.488],[76.918,24.536],[76.9,24.548],[76.889,24.527],[76.876,24.526],[76.875,24.54],[76.866,24.549],[76.846,24.551],[76.815,24.534],[76.835,24.498],[76.847,24.488],[76.851,24.469],[76.841,24.443],[76.851,24.437],[76.842,24.409],[76.85,24.389],[76.849,24.368],[76.837,24.361],[76.845,24.328],[76.859,24.312],[76.864,24.29],[76.874,24.271],[76.897,24.247],[76.916,24.232],[76.919,24.221],[76.944,24.199],[76.933,24.187],[76.916,24.189],[76.911,24.177],[76.9,24.131],[76.886,24.132],[76.873,24.14],[76.856,24.139],[76.828,24.126],[76.815,24.127],[76.801,24.12],[76.791,24.126],[76.769,24.165],[76.755,24.172],[76.729,24.171],[76.721,24.162],[76.701,24.171],[76.684,24.189],[76.674,24.193],[76.677,24.211],[76.688,24.232],[76.702,24.249],[76.697,24.261],[76.693,24.285],[76.679,24.271],[76.658,24.268],[76.647,24.272],[76.64,24.262],[76.616,24.263],[76.614,24.242],[76.587,24.246],[76.597,24.23],[76.571,24.213],[76.566,24.201],[76.577,24.191],[76.58,24.181],[76.555,24.168],[76.523,24.163],[76.51,24.179],[76.508,24.2],[76.497,24.212],[76.479,24.218],[76.475,24.229],[76.463,24.229],[76.453,24.217],[76.424,24.227],[76.423,24.214],[76.412,24.21],[76.391,24.226],[76.353,24.249],[76.335,24.254],[76.318,24.251],[76.29,24.237],[76.287,24.218],[76.276,24.217],[76.248,24.228],[76.223,24.223],[76.216,24.217],[76.206,24.233],[76.204,24.269],[76.195,24.285],[76.206,24.311],[76.185,24.332],[76.172,24.316],[76.169,24.296],[76.15,24.292],[76.142,24.281],[76.154,24.244],[76.152,24.235],[76.123,24.205],[76.121,24.178],[76.131,24.169],[76.132,24.144],[76.137,24.131],[76.129,24.119],[76.135,24.095],[76.123,24.092],[76.105,24.096],[76.099,24.089],[76.064,24.078],[76.043,24.074],[76.027,24.05],[75.99,24.03],[75.973,24.031],[75.96,24.025],[75.96,23.997],[75.98,23.974],[75.981,23.943],[75.976,23.933],[75.948,23.922],[75.932,23.902],[75.921,23.904],[75.889,23.892],[75.879,23.885],[75.867,23.894],[75.853,23.894],[75.803,23.871],[75.794,23.874],[75.78,23.855],[75.762,23.857],[75.759,23.881],[75.728,23.902],[75.702,23.904],[75.698,23.877],[75.707,23.868],[75.728,23.865],[75.724,23.848],[75.716,23.846],[75.722,23.827],[75.713,23.816],[75.69,23.82],[75.698,23.788],[75.687,23.773],[75.659,23.789],[75.649,23.799],[75.624,23.801],[75.617,23.806],[75.583,23.8],[75.583,23.815],[75.566,23.816],[75.556,23.826],[75.569,23.835],[75.562,23.858],[75.538,23.877],[75.517,23.889],[75.504,23.892],[75.487,23.911],[75.456,23.921],[75.465,23.981],[75.492,24.005],[75.514,24.049],[75.532,24.031],[75.572,24.017],[75.569,23.999],[75.584,23.992],[75.597,23.999],[75.635,24],[75.641,24.018],[75.659,24.031],[75.669,24.034],[75.677,24.02],[75.686,24.018],[75.684,23.998],[75.695,23.986],[75.7,23.969],[75.723,23.973],[75.736,23.981],[75.738,23.995],[75.762,23.998],[75.771,24.012],[75.78,24.036],[75.78,24.062],[75.83,24.072],[75.833,24.096],[75.831,24.108],[75.812,24.103],[75.802,24.118],[75.79,24.11],[75.779,24.135],[75.762,24.141],[75.743,24.14],[75.751,24.162],[75.764,24.19],[75.774,24.221],[75.792,24.223],[75.805,24.23],[75.808,24.241],[75.826,24.243],[75.813,24.261],[75.813,24.301],[75.797,24.314],[75.781,24.309],[75.765,24.311],[75.756,24.327],[75.738,24.348],[75.74,24.389],[75.736,24.403],[75.755,24.409],[75.756,24.428],[75.786,24.458],[75.791,24.475],[75.815,24.465],[75.813,24.437],[75.829,24.423],[75.847,24.419],[75.861,24.423],[75.903,24.446],[75.909,24.456],[75.908,24.478],[75.912,24.492],[75.905,24.505],[75.891,24.51],[75.893,24.522],[75.909,24.515],[75.922,24.527],[75.925,24.538],[75.907,24.55],[75.911,24.577],[75.884,24.582],[75.876,24.591],[75.874,24.607],[75.853,24.614],[75.839,24.609],[75.828,24.613],[75.846,24.631],[75.849,24.653],[75.844,24.669],[75.828,24.668],[75.842,24.717],[75.839,24.73],[75.805,24.756],[75.786,24.766],[75.76,24.765],[75.742,24.76],[75.68,24.728],[75.659,24.702],[75.634,24.691],[75.613,24.688],[75.582,24.723],[75.552,24.714],[75.535,24.72],[75.506,24.709],[75.483,24.698],[75.452,24.693],[75.396,24.705],[75.364,24.71],[75.351,24.717],[75.304,24.721],[75.267,24.733],[75.25,24.729],[75.228,24.735],[75.217,24.722],[75.196,24.76],[75.187,24.76],[75.192,24.789],[75.203,24.789],[75.206,24.81],[75.217,24.82],[75.247,24.822],[75.252,24.837],[75.241,24.847],[75.228,24.848],[75.201,24.884],[75.208,24.898],[75.219,24.906],[75.223,24.89],[75.241,24.903],[75.25,24.896],[75.242,24.861],[75.271,24.856],[75.284,24.85],[75.298,24.826],[75.3,24.815],[75.313,24.814],[75.33,24.832],[75.344,24.833],[75.364,24.843],[75.4,24.855],[75.417,24.864],[75.424,24.893],[75.408,24.892],[75.372,24.878],[75.35,24.885],[75.326,24.887],[75.311,24.869],[75.294,24.871],[75.288,24.88],[75.261,24.89],[75.26,24.9],[75.267,24.914],[75.288,24.926],[75.276,24.94],[75.266,24.962],[75.276,24.977],[75.285,24.977],[75.29,24.952],[75.3,24.947],[75.303,24.931],[75.318,24.907],[75.325,24.938],[75.337,24.963],[75.323,24.982],[75.319,25.007],[75.329,25.018],[75.352,25.025],[75.35,25.042],[75.31,25.046],[75.278,25.045],[75.256,25.04],[75.227,25.039],[75.205,25.042],[75.201,25.034],[75.174,25.054],[75.159,25.045],[75.155,25.029],[75.165,25.022],[75.169,25.01],[75.164,24.992],[75.138,24.986],[75.134,24.975],[75.12,24.976],[75.116,24.965],[75.119,24.918],[75.115,24.912],[75.119,24.889],[75.09,24.88],[75.074,24.887],[75.043,24.859],[75.034,24.859],[75.013,24.874],[74.977,24.877],[74.964,24.874],[74.945,24.878],[74.949,24.895],[74.931,24.894],[74.913,24.899],[74.907,24.907],[74.913,24.928],[74.901,24.94],[74.867,24.937],[74.862,24.966],[74.853,24.975],[74.833,24.967],[74.824,24.94],[74.827,24.899],[74.838,24.897],[74.84,24.881],[74.856,24.853],[74.859,24.82],[74.838,24.808],[74.849,24.793],[74.858,24.795],[74.859,24.813],[74.878,24.813],[74.885,24.802],[74.905,24.797],[74.91,24.788],[74.929,24.795],[74.97,24.791],[74.998,24.798],[75.013,24.794],[75.021,24.773],[75.02,24.753],[74.993,24.753],[74.991,24.734],[75,24.708],[74.964,24.7],[74.965,24.695],[74.944,24.662],[74.902,24.656],[74.888,24.658],[74.873,24.669],[74.867,24.691],[74.85,24.699],[74.849,24.709],[74.835,24.732],[74.819,24.765],[74.81,24.796],[74.799,24.796],[74.803,24.755],[74.78,24.743],[74.79,24.727],[74.777,24.697],[74.776,24.686],[74.813,24.686],[74.817,24.672],[74.795,24.655],[74.783,24.637],[74.79,24.611],[74.748,24.597],[74.757,24.564],[74.749,24.552],[74.748,24.536],[74.729,24.535],[74.716,24.523],[74.716,24.508],[74.731,24.51],[74.757,24.489],[74.779,24.483],[74.792,24.493],[74.815,24.492],[74.825,24.479],[74.818,24.462],[74.834,24.46],[74.841,24.467],[74.857,24.463],[74.857,24.452],[74.827,24.424],[74.825,24.408],[74.812,24.409],[74.802,24.387],[74.785,24.367],[74.786,24.349],[74.784,24.317],[74.757,24.296],[74.755,24.279],[74.773,24.272],[74.79,24.272],[74.815,24.277],[74.853,24.27],[74.875,24.278],[74.894,24.262],[74.906,24.234],[74.887,24.225],[74.88,24.216],[74.897,24.187],[74.9,24.174],[74.928,24.157],[74.925,24.145],[74.937,24.139],[74.939,24.121],[74.96,24.11],[74.965,24.083],[74.979,24.072],[74.981,24.041],[74.993,24.03],[74.988,24.014],[74.972,24.004],[74.973,23.991],[74.963,23.974],[74.941,23.961],[74.915,23.912],[74.905,23.868],[74.916,23.846],[74.91,23.801],[74.928,23.798],[74.94,23.766],[74.932,23.758],[74.941,23.735],[74.924,23.719],[74.923,23.697],[74.91,23.688],[74.91,23.677],[74.924,23.669],[74.931,23.648],[74.939,23.643],[74.94,23.63],[74.922,23.622],[74.906,23.623],[74.886,23.606],[74.875,23.59],[74.869,23.575],[74.851,23.557],[74.83,23.55],[74.803,23.534],[74.796,23.546],[74.774,23.543],[74.764,23.525],[74.742,23.519],[74.734,23.501],[74.711,23.506],[74.687,23.496],[74.681,23.485],[74.669,23.484],[74.659,23.467],[74.613,23.461],[74.613,23.452],[74.598,23.43],[74.573,23.419],[74.572,23.383],[74.56,23.364],[74.546,23.364],[74.543,23.339],[74.52,23.332],[74.534,23.323],[74.536,23.31],[74.549,23.287],[74.558,23.285],[74.567,23.298],[74.577,23.297],[74.587,23.284],[74.615,23.285],[74.627,23.276],[74.632,23.263],[74.652,23.261],[74.673,23.275],[74.701,23.272],[74.722,23.243],[74.696,23.229],[74.703,23.22],[74.719,23.219],[74.751,23.23],[74.746,23.212],[74.716,23.195],[74.688,23.197],[74.669,23.201],[74.655,23.182],[74.626,23.163],[74.608,23.145],[74.546,23.132],[74.548,23.118],[74.535,23.102],[74.514,23.096],[74.512,23.089],[74.467,23.085],[74.445,23.093],[74.433,23.106],[74.414,23.111],[74.391,23.112],[74.361,23.09],[74.36,23.08],[74.348,23.071],[74.323,23.063],[74.328,23.043],[74.349,23.03],[74.355,23.003],[74.371,22.98],[74.357,22.977],[74.342,22.965],[74.36,22.942],[74.362,22.933],[74.382,22.91],[74.4,22.899],[74.419,22.918],[74.439,22.918],[74.451,22.924],[74.463,22.913],[74.466,22.894],[74.479,22.859],[74.465,22.815],[74.439,22.809],[74.439,22.786],[74.425,22.76],[74.403,22.731],[74.397,22.692],[74.385,22.67],[74.384,22.644],[74.364,22.637],[74.328,22.644],[74.325,22.639],[74.295,22.641],[74.278,22.648],[74.265,22.645],[74.256,22.636],[74.258,22.624],[74.237,22.614],[74.226,22.585],[74.214,22.567],[74.199,22.57],[74.192,22.553],[74.173,22.545],[74.158,22.532],[74.153,22.517],[74.128,22.524],[74.122,22.536],[74.106,22.538],[74.084,22.55],[74.067,22.551],[74.045,22.542],[74.044,22.517],[74.035,22.508],[74.037,22.492],[74.055,22.501],[74.059,22.511],[74.085,22.509],[74.09,22.489],[74.08,22.486],[74.078,22.466],[74.1,22.469],[74.106,22.462],[74.101,22.445],[74.105,22.433],[74.123,22.421],[74.141,22.454],[74.156,22.457],[74.156,22.44],[74.187,22.444],[74.183,22.465],[74.191,22.478],[74.204,22.467],[74.205,22.437],[74.237,22.439],[74.264,22.425],[74.274,22.393],[74.258,22.4],[74.256,22.386],[74.24,22.377],[74.231,22.38],[74.227,22.359],[74.217,22.358],[74.198,22.343],[74.191,22.322],[74.134,22.332],[74.129,22.353],[74.117,22.358],[74.112,22.372],[74.1,22.373],[74.095,22.362],[74.072,22.36],[74.076,22.341],[74.068,22.331],[74.066,22.305],[74.059,22.305],[74.059,22.286],[74.065,22.276],[74.078,22.268],[74.081,22.25],[74.076,22.222],[74.114,22.219],[74.123,22.213],[74.122,22.188],[74.126,22.167],[74.135,22.162],[74.134,22.146],[74.127,22.132],[74.131,22.124],[74.133,22.096],[74.155,22.106],[74.17,22.101],[74.181,22.087],[74.168,22.082],[74.163,22.061],[74.138,22.054],[74.141,22.041],[74.125,22.036],[74.117,22.025],[74.101,22.018],[74.1,22.002],[74.117,21.999],[74.154,21.986],[74.153,21.976],[74.143,21.97],[74.146,21.954],[74.172,21.945],[74.185,21.931],[74.201,21.926],[74.283,21.935],[74.292,21.937],[74.301,21.967],[74.311,21.972],[74.346,21.975],[74.358,21.982],[74.378,22.002],[74.388,22.02],[74.436,22.031],[74.445,22.016],[74.443,21.983],[74.452,21.968],[74.472,21.966],[74.493,21.954],[74.497,21.946],[74.516,21.934],[74.515,21.922],[74.527,21.909],[74.518,21.886],[74.517,21.856],[74.512,21.821],[74.504,21.807],[74.509,21.776],[74.517,21.767],[74.511,21.729],[74.524,21.718],[74.551,21.719],[74.561,21.704],[74.561,21.688],[74.585,21.684],[74.589,21.665],[74.656,21.654],[74.672,21.649],[74.695,21.633],[74.724,21.624],[74.801,21.61],[74.825,21.61],[74.836,21.619],[74.866,21.631],[74.903,21.63],[74.91,21.619],[74.926,21.611],[74.981,21.596],[75.013,21.581],[75.018,21.573],[75.058,21.565],[75.09,21.514],[75.095,21.494],[75.107,21.47],[75.13,21.449],[75.188,21.427],[75.22,21.411],[75.232,21.417],[75.254,21.406],[75.302,21.415],[75.303,21.395],[75.321,21.392],[75.354,21.393],[75.361,21.403],[75.384,21.386],[75.404,21.384],[75.409,21.39],[75.468,21.394],[75.525,21.387],[75.548,21.372],[75.555,21.377],[75.581,21.38],[75.591,21.392],[75.619,21.393],[75.629,21.381],[75.659,21.383],[75.673,21.38],[75.707,21.391],[75.744,21.393],[75.759,21.385],[75.801,21.39],[75.833,21.383],[75.843,21.389],[75.863,21.387],[75.876,21.398],[75.888,21.4],[75.917,21.39],[75.969,21.394],[75.985,21.377],[76.035,21.365],[76.052,21.353],[76.099,21.374],[76.107,21.36],[76.127,21.307],[76.129,21.298],[76.145,21.288],[76.159,21.259],[76.146,21.233],[76.164,21.224],[76.166,21.195],[76.173,21.188],[76.167,21.171],[76.127,21.178],[76.114,21.165],[76.128,21.157],[76.14,21.14],[76.136,21.126],[76.168,21.105],[76.169,21.086],[76.184,21.09],[76.227,21.091],[76.235,21.094],[76.269,21.093],[76.282,21.075],[76.335,21.077],[76.361,21.08],[76.376,21.077],[76.39,21.088],[76.409,21.094],[76.412,21.107],[76.434,21.107],[76.453,21.115],[76.458,21.138],[76.475,21.152],[76.482,21.188],[76.491,21.198],[76.529,21.189],[76.559,21.206],[76.587,21.199],[76.623,21.193],[76.632,21.205],[76.632,21.229],[76.643,21.248],[76.658,21.248],[76.661,21.282],[76.626,21.33],[76.629,21.34],[76.668,21.369],[76.732,21.409],[76.737,21.415],[76.743,21.443],[76.784,21.466],[76.792,21.49],[76.786,21.499],[76.77,21.511],[76.763,21.523],[76.786,21.535],[76.78,21.562],[76.784,21.578],[76.795,21.598],[76.834,21.593],[76.852,21.615],[76.892,21.601],[76.901,21.601],[76.912,21.615],[76.979,21.666],[76.997,21.682],[77.01,21.684],[77.034,21.701],[77.059,21.709],[77.069,21.722],[77.094,21.72],[77.121,21.725],[77.148,21.715],[77.165,21.717],[77.171,21.727],[77.188,21.723],[77.184,21.704],[77.207,21.694],[77.222,21.7],[77.225,21.718],[77.258,21.716],[77.267,21.729],[77.283,21.724],[77.287,21.736],[77.277,21.76],[77.321,21.757],[77.337,21.762],[77.401,21.756],[77.45,21.763],[77.471,21.771],[77.476,21.758],[77.497,21.749],[77.518,21.727],[77.521,21.714],[77.533,21.713],[77.542,21.701],[77.551,21.676],[77.559,21.669],[77.56,21.645],[77.571,21.627],[77.568,21.621],[77.572,21.588],[77.571,21.563],[77.591,21.562],[77.606,21.551],[77.607,21.543],[77.589,21.53],[77.567,21.53],[77.553,21.536],[77.529,21.541],[77.504,21.555],[77.484,21.553],[77.458,21.557],[77.442,21.545],[77.424,21.543],[77.417,21.533],[77.421,21.516],[77.439,21.489],[77.438,21.473],[77.457,21.467],[77.469,21.457],[77.469,21.437],[77.482,21.416],[77.483,21.39],[77.487,21.378],[77.511,21.377],[77.548,21.381],[77.563,21.373],[77.601,21.365],[77.606,21.37],[77.601,21.389],[77.646,21.393],[77.662,21.388],[77.67,21.373],[77.688,21.397],[77.693,21.381],[77.704,21.378],[77.705,21.359],[77.738,21.367],[77.746,21.384],[77.765,21.385],[77.793,21.391],[77.799,21.412],[77.818,21.409],[77.863,21.388],[77.883,21.385],[77.899,21.378],[77.925,21.386],[77.939,21.387],[77.941,21.399],[77.98,21.403],[78,21.416],[78.02,21.421],[78.043,21.435],[78.064,21.439],[78.092,21.456],[78.127,21.473],[78.169,21.499],[78.178,21.514],[78.171,21.529],[78.173,21.553],[78.181,21.559],[78.215,21.554],[78.239,21.565],[78.269,21.571],[78.255,21.59],[78.271,21.593],[78.282,21.587],[78.3,21.585],[78.302,21.573],[78.319,21.576],[78.337,21.591],[78.342,21.583],[78.361,21.578],[78.378,21.596],[78.372,21.615],[78.404,21.61],[78.423,21.602],[78.413,21.578],[78.422,21.564],[78.421,21.549],[78.428,21.538],[78.439,21.504],[78.48,21.506],[78.491,21.518],[78.509,21.528],[78.537,21.525],[78.56,21.515],[78.585,21.487],[78.605,21.488],[78.621,21.478],[78.637,21.484],[78.659,21.479],[78.684,21.482],[78.704,21.471],[78.724,21.464],[78.739,21.473],[78.746,21.494],[78.761,21.49],[78.764,21.474],[78.772,21.467],[78.785,21.489],[78.823,21.491],[78.844,21.49],[78.852,21.496],[78.885,21.486],[78.896,21.501],[78.921,21.488],[78.932,21.487],[78.936,21.519],[78.923,21.524],[78.922,21.543],[78.904,21.555],[78.913,21.563],[78.913,21.592],[78.94,21.594],[78.962,21.606],[78.975,21.618],[78.994,21.619],[79.01,21.601],[79.031,21.606],[79.051,21.604],[79.082,21.607],[79.088,21.599],[79.104,21.609],[79.099,21.619],[79.128,21.628],[79.141,21.64],[79.148,21.661],[79.217,21.65],[79.227,21.658],[79.228,21.671],[79.218,21.681],[79.222,21.701],[79.235,21.715],[79.258,21.718],[79.272,21.709],[79.285,21.694],[79.317,21.686],[79.322,21.688],[79.362,21.68],[79.395,21.675],[79.411,21.691],[79.423,21.691],[79.441,21.682],[79.459,21.687],[79.489,21.674],[79.501,21.646],[79.503,21.635],[79.512,21.626],[79.498,21.612],[79.507,21.602],[79.506,21.59],[79.54,21.565],[79.537,21.544],[79.56,21.548],[79.576,21.543],[79.609,21.556],[79.641,21.555],[79.651,21.559],[79.658,21.577],[79.685,21.581],[79.694,21.591],[79.714,21.591],[79.733,21.603],[79.792,21.581],[79.818,21.559],[79.825,21.547],[79.851,21.538],[79.857,21.531],[79.89,21.524],[79.916,21.524],[79.918,21.54],[79.927,21.554],[79.961,21.558],[79.972,21.555],[79.986,21.537],[79.994,21.535],[80.026,21.557],[80.064,21.555],[80.094,21.586],[80.11,21.593],[80.119,21.609],[80.144,21.605],[80.165,21.622],[80.177,21.624],[80.188,21.634],[80.205,21.634],[80.221,21.62],[80.26,21.62],[80.275,21.599],[80.288,21.592],[80.295,21.575],[80.32,21.574],[80.338,21.539],[80.366,21.526],[80.371,21.521],[80.375,21.491],[80.384,21.476],[80.401,21.465],[80.411,21.438],[80.389,21.407],[80.399,21.38],[80.434,21.371],[80.443,21.374],[80.448,21.402],[80.476,21.395],[80.485,21.398],[80.501,21.391],[80.519,21.39],[80.537,21.369],[80.564,21.358],[80.561,21.343],[80.582,21.342],[80.583,21.331],[80.593,21.325],[80.618,21.319],[80.657,21.331],[80.672,21.359],[80.684,21.373],[80.699,21.414],[80.698,21.427],[80.718,21.445],[80.73,21.472],[80.722,21.496],[80.731,21.539],[80.714,21.556],[80.72,21.572],[80.71,21.585],[80.709,21.604],[80.722,21.617],[80.719,21.644],[80.712,21.646],[80.707,21.672],[80.724,21.694],[80.723,21.714],[80.726,21.731],[80.74,21.756],[80.762,21.758],[80.783,21.74],[80.811,21.747],[80.812,21.764],[80.832,21.805],[80.838,21.83],[80.832,21.846],[80.841,21.856],[80.84,21.875],[80.825,21.887],[80.825,21.908],[80.836,21.928],[80.833,21.947],[80.852,21.975],[80.859,22],[80.869,22.011],[80.869,22.034],[80.879,22.061],[80.891,22.066],[80.898,22.101],[80.906,22.114],[80.917,22.121],[80.939,22.119],[80.951,22.113],[80.966,22.082],[80.963,22.058],[80.979,22.048],[80.999,22.062],[81.004,22.07],[80.997,22.081],[81.004,22.094],[80.99,22.109],[80.971,22.115],[80.973,22.124],[80.987,22.131],[81.016,22.133],[81.019,22.165],[81.012,22.184],[81.025,22.189],[81.026,22.198],[81.016,22.214],[81.019,22.229],[81.049,22.244],[81.063,22.247],[81.073,22.242],[81.085,22.247],[81.097,22.277],[81.114,22.294],[81.115,22.313],[81.109,22.33],[81.116,22.344],[81.101,22.383],[81.105,22.433],[81.11,22.441],[81.148,22.456],[81.158,22.474],[81.171,22.488],[81.187,22.489],[81.193,22.482],[81.194,22.462],[81.224,22.452],[81.24,22.459],[81.256,22.472],[81.26,22.494],[81.28,22.499],[81.304,22.482],[81.316,22.49],[81.315,22.516],[81.323,22.524],[81.348,22.514],[81.362,22.515],[81.379,22.505],[81.385,22.478],[81.383,22.463],[81.389,22.445],[81.397,22.441],[81.414,22.449],[81.421,22.459],[81.418,22.474],[81.432,22.48],[81.442,22.466],[81.446,22.496],[81.48,22.493],[81.493,22.52],[81.515,22.537],[81.528,22.54],[81.542,22.53],[81.557,22.532],[81.563,22.551],[81.588,22.544],[81.593,22.538],[81.609,22.536],[81.622,22.544],[81.624,22.564],[81.638,22.562],[81.649,22.576],[81.64,22.587],[81.641,22.608],[81.679,22.649],[81.699,22.646],[81.714,22.656],[81.723,22.676],[81.737,22.669],[81.741,22.648],[81.749,22.646],[81.763,22.664],[81.766,22.676],[81.756,22.698],[81.747,22.726],[81.762,22.735],[81.764,22.747],[81.784,22.767],[81.774,22.786],[81.776,22.8],[81.761,22.834],[81.769,22.851],[81.769,22.874],[81.796,22.88],[81.831,22.883],[81.861,22.894],[81.86,22.915],[81.875,22.913],[81.901,22.933],[81.914,22.948],[81.94,22.957],[81.943,22.965],[81.937,23.009],[81.927,23.022],[81.918,23.041],[81.926,23.062],[81.938,23.078],[81.969,23.079],[81.98,23.086],[82.002,23.078],[82.028,23.082],[82.061,23.116],[82.116,23.104],[82.128,23.112],[82.133,23.132],[82.151,23.142],[82.151,23.161],[82.137,23.165],[82.141,23.198],[82.147,23.209],[82.142,23.228],[82.17,23.27],[82.184,23.275],[82.189,23.285],[82.188,23.322],[82.16,23.332],[82.138,23.362],[82.114,23.354],[82.104,23.363],[82.105,23.383],[82.098,23.398],[82.057,23.394],[82.049,23.379],[82.023,23.384],[82.014,23.394],[82.023,23.41],[82.016,23.424],[82,23.413],[81.987,23.42],[81.979,23.412],[81.971,23.424],[81.975,23.432],[81.971,23.447],[81.95,23.466],[81.947,23.475],[81.949,23.497],[81.934,23.506],[81.916,23.532],[81.904,23.535],[81.879,23.518],[81.862,23.514],[81.851,23.516],[81.827,23.511],[81.81,23.523],[81.811,23.534],[81.798,23.549],[81.756,23.553],[81.748,23.565],[81.729,23.565],[81.719,23.556],[81.706,23.534],[81.693,23.523],[81.667,23.532],[81.655,23.532],[81.654,23.514],[81.648,23.502],[81.631,23.492],[81.617,23.495],[81.605,23.511],[81.607,23.545],[81.602,23.554],[81.577,23.555],[81.57,23.589],[81.58,23.597],[81.603,23.6],[81.601,23.614],[81.61,23.633],[81.613,23.661],[81.643,23.66],[81.649,23.683],[81.673,23.693],[81.687,23.721],[81.672,23.74],[81.678,23.749],[81.669,23.757],[81.644,23.768],[81.638,23.778],[81.643,23.805],[81.626,23.836],[81.609,23.836],[81.598,23.854],[81.615,23.873],[81.6,23.883],[81.608,23.903],[81.629,23.908],[81.662,23.926],[81.679,23.908],[81.682,23.89],[81.697,23.886],[81.703,23.863],[81.721,23.861],[81.727,23.841],[81.773,23.814],[81.793,23.814],[81.812,23.809],[81.832,23.821],[81.853,23.824],[81.862,23.835],[81.894,23.844],[81.916,23.873],[81.951,23.853],[81.984,23.862],[82.001,23.863],[82.012,23.852],[82.035,23.843],[82.031,23.832],[82.045,23.821],[82.078,23.817],[82.117,23.823],[82.134,23.818],[82.17,23.825],[82.172,23.838],[82.204,23.853],[82.207,23.844],[82.199,23.832],[82.216,23.821],[82.221,23.81],[82.232,23.808],[82.255,23.822],[82.278,23.817],[82.298,23.808],[82.307,23.811],[82.328,23.804],[82.347,23.804],[82.368,23.811],[82.388,23.801],[82.423,23.806],[82.436,23.805],[82.449,23.812],[82.464,23.811],[82.483,23.798],[82.485,23.788],[82.516,23.784],[82.545,23.794],[82.54,23.812],[82.527,23.824],[82.548,23.827],[82.586,23.823],[82.606,23.836],[82.63,23.839],[82.641,23.858],[82.652,23.857],[82.66,23.87],[82.646,23.889],[82.655,23.906],[82.682,23.912],[82.702,23.925],[82.718,23.921],[82.748,23.922],[82.754,23.936],[82.775,23.939],[82.79,23.951],[82.797,23.961],[82.808,23.963]]]},"properties":{"ID_0":105,"ISO":"IND","NAME_0":"India","ID_1":20,"NAME_1":"Madhya Pradesh","NL_NAME_1":null,"VARNAME_1":null,"TYPE_1":"State","ENGTYPE_1":"State"}},
{"type":"Feature","geometry":{"type":"Polygon","coordinates":[[[80.657,21.331],[80.618,21.319],[80.593,21.325],[80.583,21.331],[80.582,21.342],[80.561,21.343],[80.564,21.358],[80.537,21.369],[80.519,21.39],[80.501,21.391],[80.485,21.398],[80.476,21.395],[80.448,21.402],[80.443,21.374],[80.434,21.371],[80.399,21.38],[80.389,21.407],[80.411,21.438],[80.401,21.465],[80.384,21.476],[80.375,21.491],[80.371,21.521],[80.366,21.526],[80.338,21.539],[80.32,21.574],[80.295,21.575],[80.288,21.592],[80.275,21.599],[80.26,21.62],[80.221,21.62],[80.205,21.634],[80.188,21.634],[80.177,21.624],[80.165,21.622],[80.144,21.605],[80.119,21.609],[80.11,21.593],[80.094,21.586],[80.064,21.555],[80.026,21.557],[79.994,21.535],[79.986,21.537],[79.972,21.555],[79.961,21.558],[79.927,21.554],[79.918,21.54],[79.916,21.524],[79.89,21.524],[79.857,21.531],[79.851,21.538],[79.825,21.547],[79.818,21.559],[79.792,21.581],[79.733,21.603],[79.714,21.591],[79.694,21.591],[79.685,21.581],[79.658,21.577],[79.651,21.559],[79.641,21.555],[79.609,21.556],[79.576,21.543],[79.56,21.548],[79.537,21.544],[79.54,21.565],[79.506,21.59],[79.507,21.602],[79.498,21.612],[79.512,21.626],[79.503,21.635],[79.501,21.646],[79.489,21.674],[79.459,21.687],[79.441,21.682],[79.423,21.691],[79.411,21.691],[79.395,21.675],[79.362,21.68],[79.322,21.688],[79.317,21.686],[79.285,21.694],[79.272,21.709],[79.258,21.718],[79.235,21.715],[79.222,21.701],[79.218,21.681],[79.228,21.671],[79.227,21.658],[79.217,21.65],[79.148,21.661],[79.141,21.64],[79.128,21.628],[79.099,21.619],[79.104,21.609],[79.088,21.599],[79.082,21.607],[79.051,21.604],[79.031,21.606],[79.01,21.601],[78.994,21.619],[78.975,21.618],[78.962,21.606],[78.94,21.594],[78.913,21.592],[78.913,21.563],[78.904,21.555],[78.922,21.543],[78.923,21.524],[78.936,21.519],[78.932,21.487],[78.921,21.488],[78.896,21.501],[78.885,21.486],[78.852,21.496],[78.844,21.49],[78.823,21.491],[78.785,21.489],[78.772,21.467],[78.764,21.474],[78.761,21.49],[78.746,21.494],[78.739,21.473],[78.724,21.464],[78.704,21.471],[78.684,21.482],[78.659,21.479],[78.637,21.484],[78.621,21.478],[78.605,21.488],[78.585,21.487],[78.56,21.515],[78.537,21.525],[78.509,21.528],[78.491,21.518],[78.48,21.506],[78.439,21.504],[78.428,21.538],[78.421,21.549],[78.422,21.564],[78.413,21.578],[78.423,21.602],[78.404,21.61],[78.372,21.615],[78.378,21.596],[78.361,21.578],[78.342,21.583],[78.337,21.591],[78.319,21.576],[78.302,21.573],[78.3,21.585],[78.282,21.587],[78.271,21.593],[78.255,21.59],[78.269,21.571],[78.239,21.565],[78.215,21.554],[78.181,21.559],[78.173,21.553],[78.171,21.529],[78.178,21.514],[78.169,21.499],[78.127,21.473],[78.092,21.456],[78.064,21.439],[78.043,21.435],[78.02,21.421],[78,21.416],[77.98,21.403],[77.941,21.399],[77.939,21.387],[77.925,21.386],[77.899,21.378],[77.883,21.385],[77.863,21.388],[77.818,21.409],[77.799,21.412],[77.793,21.391],[77.765,21.385],[77.746,21.384],[77.738,21.367],[77.705,21.359],[77.704,21.378],[77.693,21.381],[77.688,21.397],[77.67,21.373],[77.662,21.388],[77.646,21.393],[77.601,21.389],[77.606,21.37],[77.601,21.365],[77.563,21.373],[77.548,21.381],[77.511,21.377],[77.487,21.378],[77.483,21.39],[77.482,21.416],[77.469,21.437],[77.469,21.457],[77.457,21.467],[77.438,21.473],[77.439,21.489],[77.421,21.516],[77.417,21.533],[77.424,21.543],[77.442,21.545],[77.458,21.557],[77.484,21.553],[77.504,21.555],[77.529,21.541],[77.553,21.536],[77.567,21.53],[77.589,21.53],[77.607,21.543],[77.606,21.551],[77.591,21.562],[77.571,21.563],[77.572,21.588],[77.568,21.621],[77.571,21.627],[77.56,21.645],[77.559,21.669],[77.551,21.676],[77.542,21.701],[77.533,21.713],[77.521,21.714],[77.518,21.727],[77.497,21.749],[77.476,21.758],[77.471,21.771],[77.45,21.763],[77.401,21.756],[77.337,21.762],[77.321,21.757],[77.277,21.76],[77.287,21.736],[77.283,21.724],[77.267,21.729],[77.258,21.716],[77.225,21.718],[77.222,21.7],[77.207,21.694],[77.184,21.704],[77.188,21.723],[77.171,21.727],[77.165,21.717],[77.148,21.715],[77.121,21.725],[77.094,21.72],[77.069,21.722],[77.059,21.709],[77.034,21.701],[77.01,21.684],[76.997,21.682],[76.979,21.666],[76.912,21.615],[76.901,21.601],[76.892,21.601],[76.852,21.615],[76.834,21.593],[76.795,21.598],[76.784,21.578],[76.78,21.562],[76.786,21.535],[76.763,21.523],[76.77,21.511],[76.786,21.499],[76.792,21.49],[76.784,21.466],[76.743,21.443],[76.737,21.415],[76.732,21.409],[76.668,21.369],[76.629,21.34],[76.626,21.33],[76.661,21.282],[76.658,21.248],[76.643,21.248],[76.632,21.229],[76.632,21.205],[76.623,21.193],[76.587,21.199],[76.559,21.206],[76.529,21.189],[76.491,21.198],[76.482,21.188],[76.475,21.152],[76.458,21.138],[76.453,21.115],[76.434,21.107],[76.412,21.107],[76.409,21.094],[76.39,21.088],[76.376,21.077],[76.361,21.08],[76.335,21.077],[76.282,21.075],[76.269,21.093],[76.235,21.094],[76.227,21.091],[76.184,21.09],[76.169,21.086],[76.168,21.105],[76.136,21.126],[76.14,21.14],[76.128,21.157],[76.114,21.165],[76.127,21.178],[76.167,21.171],[76.173,21.188],[76.166,21.195],[76.164,21.224],[76.146,21.233],[76.159,21.259],[76.145,21.288],[76.129,21.298],[76.127,21.307],[76.107,21.36],[76.099,21.374],[76.052,21.353],[76.035,21.365],[75.985,21.377],[75.969,21.394],[75.917,21.39],[75.888,21.4],[75.876,21.398],[75.863,21.387],[75.843,21.389],[75.833,21.383],[75.801,21.39],[75.759,21.385],[75.744,21.393],[75.707,21.391],[75.673,21.38],[75.659,21.383],[75.629,21.381],[75.619,21.393],[75.591,21.392],[75.581,21.38],[75.555,21.377],[75.548,21.372],[75.525,21.387],[75.468,21.394],[75.409,21.39],[75.404,21.384],[75.384,21.386],[75.361,21.403],[75.354,21.393],[75.321,21.392],[75.303,21.395],[75.302,21.415],[75.254,21.406],[75.232,21.417],[75.22,21.411],[75.188,21.427],[75.13,21.449],[75.107,21.47],[75.095,21.494],[75.09,21.514],[75.058,21.565],[75.018,21.573],[75.013,21.581],[74.981,21.596],[74.926,21.611],[74.91,21.619],[74.903,21.63],[74.866,21.631],[74.836,21.619],[74.825,21.61],[74.801,21.61],[74.724,21.624],[74.695,21.633],[74.672,21.649],[74.656,21.654],[74.589,21.665],[74.585,21.684],[74.561,21.688],[74.561,21.704],[74.551,21.719],[74.524,21.718],[74.511,21.729],[74.517,21.767],[74.509,21.776],[74.504,21.807],[74.512,21.821],[74.517,21.856],[74.518,21.886],[74.527,21.909],[74.515,21.922],[74.516,21.934],[74.497,21.946],[74.493,21.954],[74.472,21.966],[74.452,21.968],[74.443,21.983],[74.445,22.016],[74.436,22.031],[74.388,22.02],[74.378,22.002],[74.358,21.982],[74.346,21.975],[74.311,21.972],[74.301,21.967],[74.292,21.937],[74.283,21.935],[74.201,21.926],[74.185,21.931],[74.172,21.945],[74.146,21.954],[74.138,21.953],[74.099,21.938],[74.047,21.923],[74.023,21.906],[73.98,21.888],[73.922,21.857],[73.9,21.854],[73.88,21.839],[73.842,21.839],[73.828,21.835],[73.811,21.823],[73.814,21.81],[73.828,21.812],[73.839,21.8],[73.836,21.793],[73.843,21.772],[73.831,21.763],[73.846,21.742],[73.871,21.722],[73.89,21.711],[73.896,21.7],[73.898,21.667],[73.886,21.645],[73.87,21.639],[73.86,21.642],[73.845,21.633],[73.829,21.64],[73.8,21.635],[73.788,21.625],[73.807,21.602],[73.825,21.598],[73.834,21.553],[73.85,21.511],[73.861,21.496],[73.91,21.513],[73.91,21.52],[73.938,21.521],[73.939,21.51],[73.974,21.524],[73.988,21.522],[73.984,21.542],[74.005,21.541],[74.026,21.553],[74.047,21.55],[74.068,21.559],[74.089,21.557],[74.136,21.557],[74.154,21.551],[74.162,21.559],[74.186,21.56],[74.19,21.549],[74.207,21.53],[74.226,21.538],[74.238,21.55],[74.256,21.536],[74.272,21.536],[74.275,21.546],[74.292,21.559],[74.312,21.565],[74.315,21.545],[74.336,21.54],[74.328,21.496],[74.313,21.49],[74.308,21.48],[74.272,21.476],[74.263,21.466],[74.244,21.465],[74.239,21.478],[74.223,21.476],[74.223,21.459],[74.201,21.46],[74.186,21.467],[74.169,21.463],[74.16,21.453],[74.147,21.454],[74.141,21.462],[74.123,21.46],[74.121,21.45],[74.08,21.457],[74.069,21.481],[74.057,21.456],[74.052,21.426],[74.009,21.413],[73.982,21.397],[73.962,21.393],[73.955,21.374],[73.957,21.344],[73.952,21.331],[73.948,21.298],[73.934,21.285],[73.892,21.262],[73.858,21.27],[73.832,21.267],[73.836,21.242],[73.82,21.222],[73.821,21.195],[73.836,21.195],[73.823,21.172],[73.812,21.172],[73.796,21.182],[73.79,21.169],[73.78,21.165],[73.742,21.167],[73.748,21.152],[73.737,21.138],[73.722,21.139],[73.713,21.15],[73.681,21.152],[73.672,21.145],[73.636,21.133],[73.637,21.153],[73.62,21.158],[73.613,21.176],[73.607,21.178],[73.588,21.168],[73.589,21.154],[73.611,21.154],[73.624,21.138],[73.629,21.12],[73.658,21.121],[73.66,21.108],[73.679,21.109],[73.693,21.101],[73.709,21.112],[73.736,21.103],[73.744,21.082],[73.742,21.056],[73.748,21.04],[73.766,21.04],[73.785,21.02],[73.808,21.023],[73.816,20.996],[73.847,20.994],[73.85,21.001],[73.879,20.986],[73.906,20.983],[73.914,20.97],[73.902,20.962],[73.895,20.947],[73.896,20.933],[73.917,20.915],[73.931,20.886],[73.931,20.848],[73.945,20.84],[73.946,20.819],[73.94,20.809],[73.938,20.79],[73.941,20.769],[73.947,20.761],[73.95,20.742],[73.921,20.724],[73.904,20.731],[73.889,20.731],[73.877,20.721],[73.874,20.708],[73.864,20.694],[73.843,20.702],[73.823,20.694],[73.825,20.674],[73.842,20.675],[73.847,20.656],[73.843,20.644],[73.846,20.624],[73.806,20.602],[73.787,20.602],[73.78,20.592],[73.764,20.583],[73.748,20.567],[73.738,20.574],[73.701,20.578],[73.676,20.564],[73.666,20.563],[73.651,20.576],[73.637,20.579],[73.629,20.612],[73.622,20.625],[73.591,20.645],[73.574,20.651],[73.563,20.647],[73.545,20.669],[73.53,20.673],[73.498,20.653],[73.487,20.676],[73.497,20.686],[73.483,20.717],[73.475,20.722],[73.459,20.714],[73.447,20.701],[73.457,20.693],[73.444,20.678],[73.44,20.665],[73.419,20.66],[73.404,20.652],[73.403,20.643],[73.428,20.624],[73.44,20.595],[73.455,20.595],[73.481,20.584],[73.486,20.564],[73.482,20.543],[73.501,20.54],[73.472,20.514],[73.476,20.495],[73.449,20.467],[73.423,20.414],[73.398,20.399],[73.391,20.39],[73.392,20.373],[73.408,20.384],[73.415,20.382],[73.425,20.338],[73.425,20.321],[73.437,20.282],[73.425,20.277],[73.42,20.257],[73.422,20.232],[73.43,20.212],[73.427,20.202],[73.398,20.196],[73.395,20.209],[73.376,20.195],[73.336,20.204],[73.311,20.207],[73.294,20.194],[73.291,20.174],[73.294,20.154],[73.268,20.139],[73.263,20.128],[73.237,20.13],[73.216,20.122],[73.218,20.106],[73.214,20.091],[73.198,20.078],[73.199,20.062],[73.186,20.053],[73.184,20.052],[73.175,20.058],[73.17,20.066],[73.163,20.073],[73.144,20.078],[73.137,20.085],[73.128,20.078],[73.123,20.078],[73.112,20.083],[73.11,20.085],[73.105,20.087],[73.088,20.094],[73.058,20.097],[73.059,20.068],[73.045,20.072],[73.032,20.084],[73.02,20.105],[73.01,20.11],[73.017,20.13],[73.017,20.135],[73.008,20.132],[73.008,20.129],[73.004,20.118],[72.985,20.113],[72.973,20.131],[72.986,20.158],[72.986,20.177],[72.976,20.18],[72.97,20.212],[72.942,20.218],[72.928,20.223],[72.884,20.227],[72.872,20.223],[72.872,20.208],[72.85,20.208],[72.844,20.19],[72.834,20.184],[72.829,20.157],[72.802,20.148],[72.802,20.125],[72.788,20.13],[72.762,20.131],[72.738,20.137],[72.738,20.115],[72.727,20.083],[72.711,20.079],[72.708,20.069],[72.715,20.04],[72.722,19.987],[72.717,19.975],[72.701,19.961],[72.689,19.957],[72.684,19.945],[72.665,19.935],[72.677,19.919],[72.676,19.905],[72.683,19.891],[72.681,19.865],[72.669,19.852],[72.651,19.858],[72.653,19.83],[72.662,19.82],[72.68,19.813],[72.686,19.796],[72.687,19.748],[72.711,19.702],[72.707,19.681],[72.715,19.639],[72.728,19.625],[72.731,19.599],[72.716,19.59],[72.716,19.573],[72.729,19.529],[72.742,19.516],[72.765,19.504],[72.78,19.507],[72.78,19.492],[72.755,19.474],[72.745,19.456],[72.76,19.415],[72.762,19.392],[72.758,19.376],[72.799,19.331],[72.793,19.31],[72.784,19.303],[72.783,19.252],[72.776,19.222],[72.782,19.215],[72.781,19.195],[72.791,19.193],[72.797,19.178],[72.784,19.162],[72.789,19.15],[72.787,19.129],[72.803,19.141],[72.818,19.124],[72.827,19.094],[72.823,19.069],[72.824,19.042],[72.838,19.035],[72.83,19.021],[72.82,19.018],[72.811,19.002],[72.814,18.981],[72.802,18.969],[72.792,18.951],[72.808,18.955],[72.821,18.947],[72.824,18.935],[72.813,18.911],[72.831,18.915],[72.844,18.929],[72.847,18.954],[72.862,19.003],[72.882,19.009],[72.886,19],[72.918,19],[72.955,19.027],[72.963,19.058],[72.982,19.063],[72.993,19.059],[73.004,19.029],[73.002,19.01],[73.009,18.999],[73.03,19.002],[73.017,18.981],[73.001,18.971],[72.972,18.963],[72.956,18.973],[72.948,18.953],[72.94,18.947],[72.962,18.92],[72.957,18.91],[72.923,18.912],[72.908,18.902],[72.908,18.886],[72.924,18.863],[72.927,18.851],[72.943,18.846],[72.965,18.853],[72.978,18.863],[72.983,18.829],[72.983,18.81],[72.972,18.79],[72.957,18.801],[72.943,18.827],[72.937,18.825],[72.929,18.806],[72.916,18.792],[72.9,18.804],[72.877,18.802],[72.863,18.791],[72.867,18.758],[72.862,18.743],[72.864,18.721],[72.855,18.696],[72.864,18.669],[72.863,18.658],[72.87,18.64],[72.884,18.638],[72.885,18.626],[72.894,18.612],[72.92,18.56],[72.928,18.536],[72.911,18.525],[72.911,18.503],[72.905,18.503],[72.901,18.476],[72.895,18.458],[72.905,18.441],[72.904,18.428],[72.909,18.399],[72.924,18.392],[72.924,18.373],[72.911,18.367],[72.914,18.355],[72.936,18.348],[72.953,18.334],[72.972,18.302],[72.982,18.3],[72.992,18.28],[73.009,18.285],[73.022,18.278],[73.022,18.269],[73.035,18.265],[73.055,18.27],[73.068,18.269],[73.062,18.251],[73.08,18.231],[73.081,18.216],[73.059,18.229],[73.002,18.248],[72.987,18.243],[72.974,18.248],[72.971,18.271],[72.963,18.281],[72.938,18.284],[72.945,18.223],[72.956,18.22],[72.981,18.193],[72.988,18.16],[72.982,18.137],[72.971,18.133],[72.979,18.108],[72.99,18.099],[72.997,18.077],[72.99,18.056],[73.009,18.048],[73.031,18.032],[73.023,18.023],[73.011,18.025],[73.006,18.013],[73.017,18.007],[73.022,17.99],[73.031,17.99],[73.04,17.978],[73.029,17.967],[73.03,17.944],[73.038,17.934],[73.052,17.932],[73.054,17.9],[73.071,17.889],[73.082,17.865],[73.097,17.81],[73.111,17.787],[73.128,17.738],[73.135,17.71],[73.117,17.699],[73.114,17.689],[73.122,17.665],[73.133,17.653],[73.127,17.637],[73.136,17.614],[73.144,17.602],[73.162,17.591],[73.168,17.581],[73.161,17.568],[73.15,17.573],[73.14,17.568],[73.142,17.546],[73.162,17.53],[73.182,17.508],[73.193,17.466],[73.185,17.457],[73.187,17.431],[73.184,17.412],[73.167,17.405],[73.177,17.387],[73.207,17.384],[73.21,17.371],[73.22,17.353],[73.214,17.347],[73.219,17.331],[73.229,17.319],[73.242,17.317],[73.235,17.286],[73.226,17.282],[73.222,17.303],[73.21,17.304],[73.198,17.289],[73.205,17.268],[73.215,17.275],[73.223,17.266],[73.233,17.238],[73.244,17.224],[73.247,17.209],[73.237,17.194],[73.253,17.189],[73.264,17.157],[73.272,17.122],[73.285,17.106],[73.288,17.058],[73.283,17.046],[73.293,17.02],[73.277,17.025],[73.278,17.034],[73.263,17.049],[73.257,17.049],[73.259,17.02],[73.276,17.023],[73.284,17.011],[73.277,16.992],[73.294,16.986],[73.292,16.957],[73.282,16.948],[73.287,16.935],[73.287,16.916],[73.279,16.904],[73.3,16.893],[73.286,16.881],[73.293,16.871],[73.293,16.835],[73.295,16.817],[73.316,16.807],[73.318,16.795],[73.31,16.787],[73.305,16.767],[73.305,16.729],[73.33,16.687],[73.333,16.642],[73.352,16.622],[73.34,16.604],[73.332,16.608],[73.317,16.601],[73.322,16.584],[73.342,16.568],[73.355,16.566],[73.35,16.55],[73.355,16.531],[73.374,16.519],[73.369,16.511],[73.347,16.53],[73.345,16.543],[73.335,16.561],[73.326,16.558],[73.311,16.542],[73.318,16.519],[73.325,16.514],[73.332,16.489],[73.342,16.476],[73.342,16.467],[73.355,16.447],[73.365,16.398],[73.386,16.403],[73.389,16.395],[73.375,16.386],[73.368,16.363],[73.387,16.361],[73.395,16.332],[73.394,16.317],[73.406,16.296],[73.417,16.246],[73.427,16.214],[73.436,16.199],[73.449,16.155],[73.458,16.117],[73.465,16.072],[73.457,16.057],[73.482,16.038],[73.491,16.012],[73.488,15.995],[73.492,15.982],[73.507,15.962],[73.502,15.957],[73.51,15.94],[73.531,15.933],[73.54,15.937],[73.55,15.927],[73.586,15.91],[73.596,15.897],[73.61,15.869],[73.611,15.86],[73.626,15.853],[73.639,15.822],[73.636,15.816],[73.651,15.802],[73.663,15.758],[73.653,15.743],[73.68,15.724],[73.692,15.727],[73.707,15.722],[73.719,15.722],[73.741,15.719],[73.749,15.731],[73.776,15.731],[73.786,15.723],[73.82,15.74],[73.833,15.738],[73.839,15.761],[73.865,15.798],[73.876,15.793],[73.875,15.783],[73.887,15.77],[73.88,15.753],[73.886,15.747],[73.909,15.742],[73.945,15.742],[73.951,15.723],[73.959,15.711],[73.957,15.697],[73.971,15.687],[73.976,15.66],[73.969,15.644],[73.976,15.629],[74.002,15.609],[74.028,15.605],[74.039,15.621],[74.081,15.626],[74.126,15.65],[74.112,15.655],[74.098,15.666],[74.134,15.678],[74.142,15.7],[74.135,15.722],[74.16,15.734],[74.168,15.749],[74.197,15.75],[74.211,15.759],[74.217,15.779],[74.235,15.787],[74.24,15.781],[74.235,15.76],[74.244,15.744],[74.259,15.743],[74.274,15.753],[74.292,15.739],[74.324,15.757],[74.33,15.77],[74.351,15.763],[74.365,15.774],[74.376,15.797],[74.369,15.812],[74.375,15.828],[74.389,15.836],[74.387,15.847],[74.354,15.848],[74.353,15.859],[74.37,15.876],[74.383,15.878],[74.388,15.857],[74.403,15.849],[74.412,15.858],[74.399,15.874],[74.398,15.898],[74.392,15.901],[74.435,15.951],[74.45,15.983],[74.45,15.999],[74.464,16.023],[74.468,16.047],[74.44,16.057],[74.411,16.049],[74.39,16.035],[74.379,16.037],[74.382,16.054],[74.371,16.06],[74.404,16.091],[74.435,16.111],[74.465,16.102],[74.489,16.087],[74.497,16.112],[74.491,16.142],[74.498,16.181],[74.513,16.188],[74.513,16.201],[74.503,16.212],[74.508,16.223],[74.484,16.247],[74.476,16.239],[74.461,16.248],[74.443,16.25],[74.423,16.257],[74.421,16.281],[74.391,16.276],[74.39,16.29],[74.38,16.294],[74.363,16.287],[74.355,16.274],[74.337,16.266],[74.329,16.279],[74.336,16.29],[74.349,16.291],[74.337,16.323],[74.323,16.325],[74.334,16.341],[74.324,16.354],[74.335,16.389],[74.346,16.39],[74.352,16.366],[74.369,16.391],[74.365,16.403],[74.343,16.4],[74.337,16.42],[74.344,16.426],[74.339,16.452],[74.322,16.45],[74.307,16.46],[74.296,16.459],[74.295,16.474],[74.3,16.503],[74.289,16.504],[74.269,16.476],[74.26,16.491],[74.263,16.499],[74.287,16.507],[74.277,16.521],[74.272,16.539],[74.276,16.545],[74.307,16.529],[74.314,16.502],[74.324,16.506],[74.322,16.545],[74.332,16.554],[74.346,16.546],[74.366,16.557],[74.363,16.539],[74.385,16.527],[74.396,16.536],[74.396,16.56],[74.403,16.579],[74.429,16.583],[74.441,16.599],[74.472,16.605],[74.471,16.622],[74.464,16.634],[74.465,16.653],[74.477,16.661],[74.486,16.639],[74.496,16.628],[74.51,16.631],[74.551,16.633],[74.55,16.592],[74.566,16.59],[74.57,16.581],[74.56,16.571],[74.56,16.56],[74.574,16.552],[74.592,16.556],[74.617,16.568],[74.627,16.581],[74.641,16.582],[74.641,16.605],[74.648,16.608],[74.664,16.601],[74.679,16.607],[74.69,16.604],[74.694,16.615],[74.661,16.638],[74.672,16.664],[74.696,16.675],[74.698,16.715],[74.722,16.713],[74.737,16.716],[74.754,16.726],[74.779,16.749],[74.8,16.746],[74.804,16.751],[74.85,16.76],[74.855,16.771],[74.893,16.769],[74.924,16.77],[74.916,16.786],[74.916,16.81],[74.912,16.856],[74.937,16.869],[74.949,16.88],[74.964,16.878],[74.967,16.905],[74.953,16.906],[74.927,16.926],[74.938,16.941],[74.955,16.93],[74.967,16.936],[74.986,16.929],[75.004,16.946],[75.03,16.942],[75.034,16.929],[75.048,16.939],[75.065,16.939],[75.094,16.947],[75.095,16.921],[75.107,16.91],[75.119,16.91],[75.124,16.9],[75.138,16.893],[75.141,16.874],[75.172,16.865],[75.193,16.87],[75.183,16.842],[75.23,16.841],[75.241,16.863],[75.268,16.861],[75.283,16.874],[75.292,16.901],[75.286,16.909],[75.285,16.954],[75.306,16.955],[75.345,16.953],[75.36,16.957],[75.372,16.969],[75.395,16.976],[75.431,16.963],[75.444,16.979],[75.468,16.985],[75.482,16.976],[75.49,16.965],[75.493,16.945],[75.517,16.952],[75.53,16.966],[75.57,16.964],[75.57,17.006],[75.61,17.003],[75.611,16.97],[75.636,16.966],[75.645,16.951],[75.671,16.959],[75.678,16.964],[75.669,16.983],[75.672,17.036],[75.654,17.031],[75.644,17.036],[75.648,17.047],[75.663,17.062],[75.678,17.063],[75.681,17.071],[75.674,17.114],[75.654,17.113],[75.653,17.133],[75.631,17.16],[75.631,17.186],[75.657,17.204],[75.664,17.214],[75.657,17.271],[75.632,17.272],[75.625,17.294],[75.606,17.303],[75.616,17.329],[75.613,17.342],[75.584,17.351],[75.579,17.383],[75.616,17.392],[75.615,17.422],[75.625,17.458],[75.636,17.478],[75.65,17.473],[75.662,17.46],[75.681,17.454],[75.681,17.436],[75.691,17.413],[75.708,17.408],[75.722,17.412],[75.737,17.422],[75.759,17.408],[75.77,17.407],[75.782,17.379],[75.791,17.373],[75.811,17.37],[75.818,17.381],[75.816,17.398],[75.822,17.42],[75.839,17.421],[75.856,17.408],[75.859,17.389],[75.877,17.397],[75.878,17.417],[75.887,17.417],[75.894,17.406],[75.896,17.37],[75.894,17.354],[75.911,17.346],[75.931,17.324],[75.942,17.325],[75.972,17.336],[76,17.338],[76.015,17.351],[76.037,17.349],[76.055,17.354],[76.063,17.352],[76.079,17.33],[76.094,17.347],[76.102,17.362],[76.121,17.366],[76.138,17.353],[76.163,17.341],[76.164,17.3],[76.176,17.297],[76.179,17.314],[76.172,17.349],[76.183,17.357],[76.229,17.363],[76.244,17.375],[76.25,17.358],[76.27,17.357],[76.276,17.331],[76.317,17.329],[76.313,17.343],[76.344,17.35],[76.351,17.328],[76.352,17.311],[76.382,17.312],[76.393,17.336],[76.411,17.348],[76.408,17.369],[76.362,17.375],[76.37,17.408],[76.373,17.434],[76.334,17.432],[76.331,17.469],[76.35,17.472],[76.372,17.486],[76.367,17.495],[76.346,17.492],[76.346,17.511],[76.366,17.517],[76.361,17.536],[76.34,17.543],[76.334,17.563],[76.332,17.595],[76.373,17.598],[76.416,17.604],[76.424,17.622],[76.429,17.644],[76.452,17.656],[76.489,17.661],[76.485,17.67],[76.486,17.714],[76.524,17.715],[76.524,17.759],[76.56,17.763],[76.568,17.74],[76.569,17.704],[76.587,17.708],[76.599,17.728],[76.604,17.756],[76.614,17.768],[76.627,17.756],[76.631,17.729],[76.655,17.716],[76.663,17.688],[76.678,17.687],[76.691,17.68],[76.692,17.705],[76.701,17.707],[76.703,17.729],[76.728,17.737],[76.718,17.748],[76.721,17.768],[76.712,17.775],[76.719,17.785],[76.739,17.779],[76.749,17.786],[76.763,17.787],[76.776,17.799],[76.788,17.826],[76.766,17.851],[76.755,17.857],[76.737,17.857],[76.741,17.898],[76.766,17.898],[76.775,17.877],[76.803,17.868],[76.808,17.883],[76.833,17.883],[76.832,17.891],[76.854,17.898],[76.881,17.893],[76.889,17.897],[76.9,17.915],[76.916,17.915],[76.913,17.937],[76.92,17.985],[76.918,18.033],[76.952,18.038],[76.949,18.046],[76.953,18.063],[76.95,18.082],[76.964,18.088],[76.968,18.097],[76.953,18.11],[76.932,18.111],[76.923,18.116],[76.932,18.137],[76.925,18.145],[76.933,18.158],[76.944,18.155],[76.954,18.185],[76.991,18.187],[76.998,18.167],[77.024,18.163],[77.022,18.178],[77.033,18.184],[77.049,18.173],[77.058,18.152],[77.086,18.15],[77.097,18.158],[77.109,18.153],[77.116,18.168],[77.096,18.195],[77.121,18.207],[77.139,18.207],[77.148,18.221],[77.157,18.253],[77.166,18.256],[77.167,18.273],[77.178,18.282],[77.192,18.274],[77.206,18.278],[77.198,18.296],[77.195,18.313],[77.21,18.314],[77.227,18.345],[77.231,18.366],[77.245,18.371],[77.233,18.386],[77.24,18.409],[77.258,18.41],[77.265,18.418],[77.313,18.439],[77.317,18.454],[77.326,18.455],[77.342,18.43],[77.354,18.449],[77.37,18.448],[77.364,18.43],[77.37,18.401],[77.4,18.398],[77.41,18.389],[77.408,18.378],[77.392,18.366],[77.398,18.354],[77.393,18.341],[77.367,18.322],[77.363,18.308],[77.408,18.3],[77.436,18.306],[77.437,18.282],[77.445,18.27],[77.465,18.26],[77.48,18.269],[77.492,18.266],[77.513,18.282],[77.508,18.302],[77.52,18.307],[77.54,18.294],[77.55,18.291],[77.57,18.308],[77.567,18.318],[77.553,18.331],[77.527,18.339],[77.52,18.349],[77.521,18.365],[77.542,18.385],[77.549,18.388],[77.555,18.418],[77.526,18.427],[77.528,18.44],[77.546,18.441],[77.56,18.435],[77.583,18.443],[77.584,18.454],[77.55,18.458],[77.547,18.466],[77.571,18.467],[77.577,18.484],[77.601,18.474],[77.603,18.491],[77.586,18.503],[77.596,18.515],[77.593,18.523],[77.597,18.548],[77.64,18.554],[77.652,18.55],[77.645,18.536],[77.658,18.527],[77.676,18.541],[77.683,18.541],[77.712,18.554],[77.728,18.552],[77.747,18.589],[77.748,18.605],[77.743,18.621],[77.73,18.643],[77.733,18.676],[77.749,18.69],[77.758,18.707],[77.769,18.702],[77.769,18.691],[77.787,18.694],[77.802,18.716],[77.803,18.729],[77.823,18.769],[77.837,18.807],[77.908,18.83],[77.929,18.822],[77.943,18.822],[77.944,18.842],[77.93,18.846],[77.925,18.859],[77.899,18.868],[77.899,18.884],[77.888,18.885],[77.882,18.909],[77.857,18.906],[77.84,18.911],[77.854,18.952],[77.813,18.949],[77.817,18.982],[77.787,18.984],[77.782,18.976],[77.767,18.981],[77.768,18.999],[77.764,19.02],[77.757,19.029],[77.762,19.062],[77.771,19.056],[77.797,19.051],[77.794,19.071],[77.801,19.084],[77.8,19.099],[77.815,19.104],[77.829,19.085],[77.842,19.087],[77.845,19.114],[77.834,19.133],[77.849,19.155],[77.853,19.177],[77.845,19.188],[77.858,19.218],[77.868,19.246],[77.867,19.255],[77.885,19.26],[77.9,19.256],[77.906,19.267],[77.901,19.277],[77.862,19.284],[77.861,19.302],[77.888,19.312],[77.893,19.321],[77.912,19.318],[77.926,19.332],[77.949,19.341],[77.977,19.321],[77.985,19.309],[78.012,19.301],[78.027,19.279],[78.046,19.271],[78.048,19.248],[78.058,19.24],[78.075,19.247],[78.082,19.255],[78.099,19.245],[78.127,19.246],[78.15,19.23],[78.183,19.242],[78.186,19.249],[78.183,19.279],[78.193,19.303],[78.197,19.332],[78.187,19.339],[78.18,19.353],[78.184,19.368],[78.188,19.396],[78.182,19.412],[78.198,19.407],[78.224,19.434],[78.252,19.43],[78.273,19.454],[78.297,19.449],[78.312,19.466],[78.31,19.486],[78.299,19.504],[78.295,19.537],[78.279,19.558],[78.297,19.558],[78.311,19.572],[78.311,19.604],[78.299,19.623],[78.288,19.654],[78.27,19.663],[78.286,19.69],[78.316,19.691],[78.323,19.704],[78.345,19.714],[78.345,19.734],[78.353,19.738],[78.361,19.754],[78.368,19.781],[78.36,19.806],[78.339,19.814],[78.339,19.839],[78.294,19.85],[78.298,19.873],[78.31,19.913],[78.328,19.916],[78.335,19.904],[78.323,19.895],[78.336,19.883],[78.366,19.883],[78.384,19.879],[78.386,19.853],[78.398,19.836],[78.429,19.823],[78.465,19.816],[78.476,19.816],[78.494,19.793],[78.504,19.792],[78.512,19.814],[78.526,19.822],[78.585,19.812],[78.604,19.818],[78.619,19.809],[78.702,19.786],[78.716,19.767],[78.738,19.779],[78.763,19.776],[78.785,19.779],[78.808,19.758],[78.838,19.762],[78.846,19.758],[78.857,19.731],[78.863,19.697],[78.859,19.656],[78.891,19.655],[78.916,19.668],[78.935,19.662],[78.944,19.665],[78.962,19.659],[78.969,19.649],[78.963,19.617],[78.966,19.605],[78.978,19.59],[78.978,19.58],[78.954,19.563],[78.955,19.552],[78.978,19.551],[78.993,19.562],[79,19.559],[79.018,19.54],[79.052,19.545],[79.063,19.531],[79.103,19.528],[79.105,19.513],[79.14,19.501],[79.157,19.486],[79.169,19.468],[79.189,19.459],[79.219,19.465],[79.221,19.476],[79.209,19.485],[79.208,19.499],[79.216,19.511],[79.237,19.527],[79.24,19.559],[79.25,19.578],[79.238,19.6],[79.237,19.609],[79.255,19.611],[79.305,19.59],[79.314,19.566],[79.322,19.572],[79.341,19.574],[79.369,19.571],[79.371,19.562],[79.414,19.533],[79.441,19.534],[79.458,19.519],[79.47,19.497],[79.493,19.505],[79.513,19.518],[79.515,19.542],[79.543,19.549],[79.548,19.526],[79.566,19.511],[79.591,19.502],[79.601,19.508],[79.607,19.539],[79.621,19.565],[79.64,19.575],[79.678,19.577],[79.713,19.583],[79.74,19.603],[79.778,19.598],[79.793,19.58],[79.817,19.569],[79.828,19.537],[79.878,19.501],[79.911,19.492],[79.924,19.478],[79.945,19.459],[79.946,19.441],[79.959,19.426],[79.973,19.401],[79.965,19.351],[79.957,19.335],[79.964,19.307],[79.962,19.297],[79.945,19.284],[79.932,19.259],[79.92,19.226],[79.923,19.203],[79.942,19.176],[79.941,19.164],[79.926,19.161],[79.906,19.142],[79.871,19.123],[79.858,19.104],[79.861,19.06],[79.857,19.042],[79.871,19.036],[79.891,19.045],[79.916,19.047],[79.926,19.042],[79.934,19.022],[79.931,18.975],[79.941,18.938],[79.941,18.877],[79.939,18.859],[79.926,18.838],[79.894,18.831],[79.916,18.797],[79.932,18.784],[80.012,18.767],[80.019,18.751],[80.033,18.746],[80.046,18.721],[80.062,18.717],[80.075,18.703],[80.082,18.702],[80.107,18.678],[80.121,18.681],[80.158,18.696],[80.167,18.68],[80.189,18.676],[80.202,18.697],[80.214,18.701],[80.225,18.696],[80.247,18.701],[80.268,18.718],[80.255,18.736],[80.241,18.749],[80.242,18.76],[80.255,18.766],[80.272,18.762],[80.29,18.786],[80.299,18.794],[80.319,18.796],[80.346,18.811],[80.349,18.824],[80.336,18.856],[80.322,18.875],[80.309,18.886],[80.291,18.908],[80.27,18.925],[80.264,18.941],[80.269,18.964],[80.268,18.987],[80.272,18.997],[80.288,19.014],[80.295,19.029],[80.289,19.046],[80.316,19.065],[80.322,19.075],[80.32,19.088],[80.332,19.101],[80.321,19.124],[80.325,19.142],[80.336,19.148],[80.345,19.163],[80.381,19.181],[80.386,19.196],[80.377,19.217],[80.379,19.233],[80.388,19.243],[80.419,19.25],[80.445,19.27],[80.47,19.329],[80.481,19.338],[80.5,19.341],[80.514,19.348],[80.532,19.374],[80.559,19.398],[80.573,19.398],[80.584,19.377],[80.586,19.353],[80.604,19.312],[80.618,19.305],[80.664,19.327],[80.679,19.324],[80.685,19.313],[80.684,19.287],[80.7,19.282],[80.749,19.287],[80.766,19.308],[80.788,19.324],[80.839,19.355],[80.843,19.366],[80.813,19.383],[80.809,19.397],[80.788,19.427],[80.808,19.432],[80.835,19.442],[80.867,19.443],[80.892,19.466],[80.89,19.499],[80.879,19.519],[80.852,19.524],[80.841,19.534],[80.834,19.556],[80.82,19.565],[80.785,19.56],[80.766,19.568],[80.764,19.585],[80.758,19.59],[80.721,19.608],[80.683,19.611],[80.662,19.609],[80.656,19.625],[80.666,19.692],[80.634,19.718],[80.613,19.729],[80.582,19.738],[80.571,19.755],[80.55,19.765],[80.54,19.775],[80.544,19.811],[80.518,19.829],[80.476,19.828],[80.46,19.811],[80.475,19.803],[80.483,19.781],[80.452,19.793],[80.443,19.791],[80.418,19.797],[80.4,19.794],[80.398,19.816],[80.417,19.809],[80.432,19.81],[80.46,19.828],[80.469,19.838],[80.475,19.857],[80.498,19.869],[80.49,19.894],[80.461,19.903],[80.444,19.894],[80.415,19.903],[80.403,19.91],[80.406,19.933],[80.425,19.937],[80.444,19.953],[80.453,19.945],[80.465,19.946],[80.47,19.934],[80.48,19.928],[80.502,19.925],[80.52,19.931],[80.526,19.949],[80.534,19.953],[80.532,19.967],[80.544,19.982],[80.544,19.995],[80.533,20.004],[80.542,20.037],[80.546,20.066],[80.535,20.085],[80.54,20.11],[80.524,20.124],[80.504,20.129],[80.498,20.139],[80.483,20.138],[80.451,20.145],[80.444,20.13],[80.427,20.13],[80.394,20.144],[80.385,20.159],[80.395,20.182],[80.413,20.188],[80.412,20.202],[80.398,20.213],[80.383,20.242],[80.42,20.252],[80.456,20.269],[80.494,20.275],[80.511,20.27],[80.536,20.295],[80.542,20.307],[80.584,20.319],[80.605,20.32],[80.617,20.326],[80.617,20.338],[80.606,20.356],[80.602,20.376],[80.586,20.392],[80.59,20.413],[80.603,20.433],[80.595,20.446],[80.603,20.462],[80.61,20.532],[80.61,20.556],[80.62,20.567],[80.613,20.591],[80.622,20.604],[80.579,20.614],[80.559,20.61],[80.551,20.599],[80.52,20.585],[80.5,20.587],[80.493,20.604],[80.482,20.617],[80.482,20.63],[80.49,20.64],[80.519,20.662],[80.537,20.664],[80.553,20.673],[80.578,20.679],[80.575,20.698],[80.56,20.712],[80.556,20.723],[80.555,20.747],[80.546,20.765],[80.543,20.792],[80.551,20.815],[80.556,20.82],[80.55,20.846],[80.55,20.889],[80.535,20.931],[80.511,20.929],[80.459,20.928],[80.439,20.972],[80.438,20.992],[80.424,21.01],[80.445,21.031],[80.449,21.05],[80.441,21.07],[80.442,21.081],[80.435,21.099],[80.439,21.121],[80.444,21.131],[80.457,21.173],[80.475,21.171],[80.495,21.183],[80.509,21.183],[80.521,21.204],[80.535,21.2],[80.561,21.206],[80.572,21.217],[80.603,21.227],[80.616,21.24],[80.639,21.255],[80.645,21.276],[80.655,21.29],[80.673,21.298],[80.673,21.311],[80.657,21.331]]]},"properties":{"ID_0":105,"ISO":"IND","NAME_0":"India","ID_1":21,"NAME_1":"Maharashtra","NL_NAME_1":null,"VARNAME_1":null,"TYPE_1":"State","ENGTYPE_1":"State"}},
{"type":"Feature","geometry":{"type":"Polygon","coordinates":[[[94.682,25.46],[94.659,25.457],[94.625,25.469],[94.607,25.482],[94.587,25.492],[94.575,25.505],[94.557,25.513],[94.563,25.54],[94.556,25.586],[94.573,25.611],[94.584,25.634],[94.576,25.645],[94.587,25.672],[94.597,25.687],[94.573,25.698],[94.565,25.681],[94.54,25.651],[94.532,25.65],[94.515,25.63],[94.491,25.62],[94.474,25.622],[94.444,25.596],[94.43,25.593],[94.422,25.576],[94.426,25.553],[94.411,25.544],[94.389,25.537],[94.365,25.521],[94.329,25.508],[94.314,25.494],[94.303,25.495],[94.287,25.512],[94.274,25.503],[94.223,25.497],[94.191,25.531],[94.192,25.551],[94.153,25.548],[94.148,25.532],[94.139,25.524],[94.092,25.533],[94.096,25.542],[94.086,25.56],[94.069,25.559],[94.054,25.577],[94.044,25.577],[94.01,25.595],[94.012,25.575],[93.98,25.571],[93.965,25.557],[93.944,25.563],[93.892,25.568],[93.862,25.558],[93.836,25.563],[93.825,25.556],[93.82,25.544],[93.779,25.538],[93.772,25.541],[93.764,25.515],[93.766,25.5],[93.788,25.506],[93.808,25.496],[93.814,25.485],[93.809,25.466],[93.79,25.443],[93.781,25.425],[93.764,25.418],[93.747,25.406],[93.74,25.384],[93.723,25.376],[93.712,25.358],[93.693,25.362],[93.687,25.331],[93.672,25.329],[93.673,25.312],[93.652,25.279],[93.65,25.269],[93.608,25.202],[93.593,25.204],[93.59,25.22],[93.575,25.228],[93.563,25.247],[93.541,25.245],[93.504,25.253],[93.511,25.276],[93.477,25.279],[93.473,25.285],[93.474,25.309],[93.46,25.295],[93.445,25.292],[93.423,25.278],[93.421,25.266],[93.404,25.263],[93.387,25.242],[93.388,25.232],[93.353,25.182],[93.347,25.164],[93.351,25.145],[93.336,25.096],[93.324,25.092],[93.297,25.048],[93.268,25.05],[93.264,25.036],[93.249,25.019],[93.247,25.004],[93.263,24.966],[93.26,24.951],[93.244,24.944],[93.253,24.919],[93.233,24.899],[93.233,24.885],[93.214,24.862],[93.196,24.846],[93.192,24.823],[93.193,24.806],[93.174,24.804],[93.157,24.792],[93.131,24.806],[93.113,24.802],[93.089,24.709],[93.076,24.71],[93.093,24.688],[93.099,24.667],[93.096,24.653],[93.085,24.648],[93.089,24.628],[93.079,24.621],[93.087,24.611],[93.075,24.596],[93.097,24.583],[93.087,24.571],[93.071,24.576],[93.073,24.561],[93.053,24.545],[93.048,24.531],[93.053,24.52],[93.036,24.497],[93.049,24.475],[93.048,24.464],[93.038,24.461],[93.032,24.429],[93.039,24.411],[93.016,24.403],[93,24.403],[93.024,24.39],[93.022,24.347],[93.043,24.343],[93.035,24.318],[93.008,24.28],[93.014,24.272],[93.007,24.254],[93.018,24.236],[93.024,24.218],[93.017,24.2],[93.003,24.194],[93.011,24.182],[93.003,24.174],[93.005,24.161],[92.993,24.153],[92.986,24.129],[92.976,24.115],[92.996,24.117],[93.021,24.101],[93.054,24.091],[93.079,24.103],[93.09,24.084],[93.102,24.074],[93.101,24.056],[93.112,24.055],[93.129,24.064],[93.135,24.079],[93.148,24.088],[93.17,24.075],[93.167,24.061],[93.176,24.054],[93.194,24.056],[93.217,24.05],[93.227,24.087],[93.248,24.085],[93.264,24.073],[93.262,24.058],[93.252,24.034],[93.274,24.034],[93.288,24.052],[93.337,24.053],[93.342,24.067],[93.334,24.09],[93.354,24.098],[93.391,24.088],[93.415,24.079],[93.433,24.062],[93.444,24.028],[93.453,24.023],[93.467,23.999],[93.466,23.979],[93.472,23.971],[93.515,23.947],[93.531,23.961],[93.555,23.965],[93.557,23.98],[93.569,23.989],[93.58,23.97],[93.597,23.967],[93.609,23.973],[93.621,23.991],[93.616,24.011],[93.628,24.015],[93.652,24.014],[93.663,24.005],[93.678,24.011],[93.74,23.999],[93.747,24.009],[93.762,24.004],[93.773,23.982],[93.794,23.968],[93.805,23.947],[93.808,23.933],[93.838,23.932],[93.849,23.938],[93.866,23.938],[93.896,23.955],[93.921,23.957],[93.954,23.95],[93.969,23.934],[94.002,23.931],[94.018,23.934],[94.043,23.918],[94.051,23.9],[94.076,23.893],[94.096,23.894],[94.114,23.867],[94.115,23.852],[94.123,23.843],[94.135,23.846],[94.139,23.856],[94.161,23.853],[94.168,23.889],[94.17,23.929],[94.177,23.939],[94.196,23.938],[94.194,23.965],[94.245,24.044],[94.235,24.059],[94.247,24.063],[94.26,24.09],[94.257,24.107],[94.258,24.143],[94.263,24.168],[94.284,24.18],[94.285,24.203],[94.295,24.24],[94.313,24.254],[94.328,24.292],[94.326,24.339],[94.352,24.342],[94.378,24.371],[94.386,24.385],[94.365,24.4],[94.399,24.413],[94.407,24.431],[94.408,24.454],[94.4,24.462],[94.411,24.47],[94.403,24.488],[94.43,24.493],[94.465,24.576],[94.485,24.582],[94.521,24.617],[94.541,24.649],[94.551,24.675],[94.553,24.693],[94.547,24.707],[94.551,24.717],[94.571,24.712],[94.591,24.711],[94.611,24.722],[94.618,24.744],[94.633,24.765],[94.625,24.785],[94.627,24.804],[94.635,24.815],[94.635,24.829],[94.641,24.849],[94.656,24.863],[94.657,24.874],[94.68,24.887],[94.692,24.9],[94.706,24.934],[94.719,24.942],[94.702,24.968],[94.713,24.994],[94.726,25.001],[94.742,25.025],[94.751,25.064],[94.746,25.102],[94.746,25.137],[94.714,25.15],[94.703,25.16],[94.687,25.158],[94.677,25.165],[94.648,25.174],[94.631,25.19],[94.613,25.189],[94.602,25.195],[94.585,25.216],[94.599,25.267],[94.599,25.289],[94.622,25.337],[94.628,25.355],[94.631,25.387],[94.649,25.406],[94.671,25.413],[94.676,25.421],[94.682,25.46]]]},"properties":{"ID_0":105,"ISO":"IND","NAME_0":"India","ID_1":22,"NAME_1":"Manipur","NL_NAME_1":null,"VARNAME_1":null,"TYPE_1":"State","ENGTYPE_1":"State"}},
{"type":"Feature","geometry":{"type":"Polygon","coordinates":[[[92.426,25.032],[92.451,25.041],[92.463,25.037],[92.466,25.057],[92.48,25.086],[92.484,25.108],[92.527,25.106],[92.533,25.112],[92.525,25.126],[92.525,25.14],[92.553,25.131],[92.582,25.132],[92.622,25.118],[92.644,25.151],[92.656,25.154],[92.663,25.173],[92.677,25.182],[92.694,25.181],[92.705,25.191],[92.747,25.208],[92.78,25.203],[92.798,25.213],[92.803,25.222],[92.786,25.231],[92.772,25.233],[92.765,25.249],[92.777,25.261],[92.77,25.269],[92.789,25.279],[92.792,25.287],[92.784,25.308],[92.788,25.318],[92.784,25.333],[92.772,25.34],[92.761,25.335],[92.736,25.374],[92.718,25.375],[92.713,25.385],[92.7,25.388],[92.694,25.4],[92.674,25.417],[92.66,25.41],[92.651,25.432],[92.607,25.419],[92.606,25.448],[92.598,25.472],[92.571,25.464],[92.568,25.481],[92.581,25.495],[92.622,25.516],[92.645,25.537],[92.65,25.56],[92.661,25.57],[92.66,25.585],[92.653,25.592],[92.641,25.587],[92.631,25.571],[92.609,25.566],[92.603,25.557],[92.587,25.553],[92.573,25.56],[92.561,25.574],[92.556,25.593],[92.558,25.612],[92.517,25.62],[92.498,25.627],[92.481,25.664],[92.465,25.682],[92.434,25.688],[92.427,25.71],[92.442,25.721],[92.432,25.732],[92.416,25.74],[92.371,25.746],[92.363,25.737],[92.339,25.727],[92.306,25.723],[92.271,25.711],[92.237,25.708],[92.225,25.714],[92.211,25.696],[92.192,25.686],[92.17,25.666],[92.156,25.709],[92.15,25.715],[92.164,25.729],[92.165,25.745],[92.151,25.784],[92.153,25.813],[92.166,25.833],[92.181,25.851],[92.181,25.872],[92.203,25.89],[92.225,25.902],[92.223,25.911],[92.201,25.908],[92.197,25.918],[92.181,25.909],[92.16,25.915],[92.161,25.933],[92.156,25.945],[92.166,25.964],[92.192,25.985],[92.201,25.986],[92.256,26.029],[92.302,26.076],[92.274,26.066],[92.241,26.063],[92.212,26.071],[92.189,26.067],[92.178,26.08],[92.151,26.065],[92.133,26.046],[92.109,26.05],[92.093,26.049],[92.053,26.033],[92.036,26.039],[92.003,26.038],[91.991,26.041],[91.978,26.026],[91.946,26.014],[91.934,26.015],[91.926,26],[91.916,26.01],[91.917,26.021],[91.907,26.027],[91.883,26.03],[91.869,26.057],[91.876,26.098],[91.819,26.119],[91.802,26.105],[91.79,26.087],[91.779,26.091],[91.759,26.071],[91.731,26.059],[91.723,26.03],[91.72,25.978],[91.72,25.954],[91.669,25.905],[91.648,25.914],[91.611,25.94],[91.63,25.945],[91.638,25.965],[91.625,25.986],[91.633,26.005],[91.632,26.022],[91.62,26.027],[91.597,26.021],[91.588,26.03],[91.57,26.027],[91.565,26.002],[91.551,25.975],[91.537,25.962],[91.519,25.958],[91.52,25.941],[91.502,25.921],[91.511,25.915],[91.501,25.898],[91.483,25.891],[91.469,25.859],[91.441,25.842],[91.424,25.854],[91.413,25.854],[91.349,25.84],[91.332,25.832],[91.306,25.796],[91.297,25.778],[91.276,25.747],[91.255,25.748],[91.224,25.723],[91.198,25.731],[91.189,25.739],[91.189,25.763],[91.18,25.776],[91.191,25.811],[91.188,25.816],[91.203,25.841],[91.193,25.855],[91.179,25.843],[91.153,25.85],[91.132,25.842],[91.121,25.831],[91.081,25.829],[91.067,25.826],[91.066,25.846],[91.049,25.849],[91.021,25.823],[91.002,25.826],[91.013,25.857],[91.027,25.867],[91.029,25.888],[91.014,25.884],[90.985,25.89],[90.967,25.887],[90.967,25.905],[90.958,25.934],[90.946,25.939],[90.916,25.943],[90.919,25.913],[90.901,25.93],[90.883,25.952],[90.87,25.942],[90.82,25.948],[90.797,25.941],[90.782,25.921],[90.778,25.908],[90.741,25.915],[90.744,25.933],[90.74,25.941],[90.747,25.957],[90.725,25.949],[90.713,25.952],[90.686,25.951],[90.676,25.936],[90.638,25.923],[90.627,25.917],[90.625,25.899],[90.614,25.9],[90.608,25.92],[90.629,25.937],[90.602,25.952],[90.579,25.958],[90.571,25.939],[90.553,25.929],[90.525,25.901],[90.519,25.909],[90.532,25.933],[90.534,25.958],[90.514,25.982],[90.506,25.996],[90.477,26.015],[90.458,26],[90.429,25.989],[90.417,25.992],[90.411,26.006],[90.396,26.014],[90.365,26.01],[90.347,26.003],[90.33,25.989],[90.324,25.974],[90.287,25.964],[90.213,25.954],[90.194,25.957],[90.186,25.946],[90.176,25.957],[90.114,25.957],[90.101,25.942],[90.096,25.94],[90.092,25.929],[90.081,25.925],[90.078,25.918],[90.072,25.919],[90.063,25.916],[90.059,25.91],[90.052,25.899],[90.042,25.891],[90.028,25.894],[90.015,25.889],[90.005,25.879],[90.014,25.872],[90.019,25.871],[90.022,25.866],[90.012,25.85],[89.997,25.844],[90.002,25.842],[89.976,25.834],[89.968,25.826],[89.951,25.825],[89.946,25.82],[89.946,25.816],[89.952,25.811],[89.953,25.783],[89.955,25.774],[89.934,25.753],[89.934,25.745],[89.916,25.739],[89.899,25.744],[89.894,25.727],[89.913,25.707],[89.919,25.703],[89.932,25.69],[89.942,25.678],[89.947,25.659],[89.98,25.638],[89.983,25.627],[89.999,25.622],[90.005,25.624],[90.018,25.608],[90.006,25.588],[89.995,25.586],[89.979,25.591],[89.973,25.575],[89.918,25.563],[89.886,25.558],[89.878,25.549],[89.87,25.544],[89.875,25.542],[89.871,25.537],[89.876,25.529],[89.874,25.514],[89.88,25.489],[89.869,25.476],[89.855,25.476],[89.855,25.46],[89.84,25.439],[89.829,25.413],[89.831,25.404],[89.822,25.385],[89.826,25.349],[89.837,25.334],[89.835,25.323],[89.847,25.31],[89.834,25.296],[89.861,25.288],[89.89,25.29],[89.906,25.307],[89.915,25.308],[89.949,25.298],[89.975,25.301],[89.986,25.282],[90.006,25.283],[90.034,25.267],[90.057,25.264],[90.081,25.245],[90.099,25.239],[90.12,25.226],[90.175,25.224],[90.198,25.213],[90.241,25.207],[90.265,25.2],[90.279,25.2],[90.318,25.19],[90.337,25.194],[90.355,25.18],[90.383,25.163],[90.416,25.159],[90.424,25.153],[90.455,25.144],[90.46,25.152],[90.494,25.161],[90.508,25.171],[90.559,25.174],[90.583,25.171],[90.596,25.176],[90.637,25.172],[90.651,25.183],[90.667,25.187],[90.679,25.17],[90.704,25.155],[90.72,25.167],[90.74,25.162],[90.764,25.17],[90.785,25.184],[90.798,25.179],[90.814,25.163],[90.854,25.156],[90.876,25.158],[90.886,25.164],[90.908,25.16],[90.93,25.161],[91.005,25.18],[91.071,25.191],[91.082,25.197],[91.138,25.194],[91.172,25.194],[91.199,25.2],[91.256,25.195],[91.274,25.204],[91.308,25.183],[91.326,25.182],[91.341,25.173],[91.368,25.176],[91.378,25.166],[91.4,25.164],[91.425,25.166],[91.432,25.155],[91.451,25.148],[91.471,25.15],[91.474,25.134],[91.504,25.137],[91.514,25.145],[91.538,25.144],[91.559,25.149],[91.575,25.161],[91.58,25.173],[91.617,25.176],[91.603,25.16],[91.607,25.143],[91.626,25.145],[91.628,25.128],[91.645,25.123],[91.679,25.138],[91.696,25.139],[91.708,25.151],[91.707,25.159],[91.738,25.151],[91.757,25.18],[91.779,25.169],[91.809,25.173],[91.837,25.182],[91.858,25.178],[91.897,25.181],[91.922,25.187],[91.973,25.182],[91.989,25.176],[92.003,25.187],[92.018,25.19],[92.031,25.182],[92.066,25.19],[92.102,25.181],[92.132,25.167],[92.141,25.157],[92.139,25.146],[92.168,25.132],[92.184,25.128],[92.192,25.121],[92.203,25.128],[92.216,25.12],[92.215,25.112],[92.229,25.101],[92.261,25.088],[92.31,25.073],[92.339,25.081],[92.356,25.073],[92.347,25.052],[92.37,25.051],[92.375,25.044],[92.401,25.041],[92.405,25.036],[92.426,25.032]]]},"properties":{"ID_0":105,"ISO":"IND","NAME_0":"India","ID_1":23,"NAME_1":"Meghalaya","NL_NAME_1":null,"VARNAME_1":null,"TYPE_1":"State","ENGTYPE_1":"State"}},
{"type":"Feature","geometry":{"type":"Polygon","coordinates":[[[93,24.403],[92.98,24.41],[92.96,24.396],[92.951,24.405],[92.936,24.396],[92.912,24.413],[92.905,24.394],[92.884,24.403],[92.863,24.399],[92.847,24.382],[92.833,24.376],[92.827,24.394],[92.832,24.399],[92.804,24.422],[92.782,24.475],[92.765,24.521],[92.744,24.475],[92.731,24.453],[92.714,24.405],[92.697,24.374],[92.692,24.356],[92.658,24.343],[92.645,24.328],[92.626,24.334],[92.619,24.312],[92.619,24.287],[92.612,24.253],[92.588,24.245],[92.565,24.25],[92.551,24.246],[92.547,24.224],[92.53,24.175],[92.514,24.174],[92.509,24.169],[92.513,24.163],[92.51,24.163],[92.505,24.167],[92.502,24.162],[92.488,24.162],[92.485,24.159],[92.483,24.157],[92.484,24.154],[92.473,24.142],[92.467,24.135],[92.463,24.136],[92.442,24.153],[92.437,24.151],[92.435,24.163],[92.434,24.174],[92.433,24.183],[92.419,24.194],[92.419,24.222],[92.422,24.253],[92.377,24.251],[92.314,24.253],[92.297,24.252],[92.295,24.248],[92.295,24.241],[92.297,24.238],[92.296,24.234],[92.299,24.232],[92.298,24.227],[92.301,24.225],[92.31,24.215],[92.316,24.213],[92.325,24.206],[92.329,24.191],[92.327,24.186],[92.33,24.175],[92.332,24.164],[92.334,24.151],[92.336,24.144],[92.335,24.144],[92.332,24.144],[92.329,24.14],[92.328,24.135],[92.328,24.125],[92.332,24.113],[92.329,24.11],[92.332,24.105],[92.33,24.101],[92.327,24.076],[92.317,24.067],[92.322,24.059],[92.32,24.051],[92.315,24.049],[92.317,24.038],[92.319,24.031],[92.317,24.028],[92.322,24.019],[92.319,24.019],[92.317,24.018],[92.327,24.002],[92.329,23.99],[92.32,23.975],[92.313,23.97],[92.313,23.961],[92.313,23.957],[92.313,23.935],[92.321,23.926],[92.331,23.921],[92.33,23.906],[92.324,23.905],[92.322,23.891],[92.318,23.888],[92.319,23.884],[92.317,23.882],[92.317,23.879],[92.32,23.878],[92.322,23.87],[92.318,23.867],[92.32,23.865],[92.307,23.864],[92.301,23.866],[92.295,23.87],[92.294,23.871],[92.288,23.867],[92.274,23.844],[92.277,23.837],[92.282,23.831],[92.284,23.824],[92.283,23.823],[92.287,23.817],[92.281,23.815],[92.269,23.818],[92.262,23.805],[92.267,23.762],[92.266,23.739],[92.269,23.729],[92.295,23.694],[92.295,23.676],[92.28,23.644],[92.3,23.625],[92.293,23.616],[92.294,23.596],[92.306,23.591],[92.318,23.555],[92.313,23.534],[92.326,23.508],[92.331,23.477],[92.338,23.464],[92.335,23.456],[92.341,23.431],[92.353,23.429],[92.353,23.415],[92.361,23.41],[92.36,23.381],[92.365,23.368],[92.38,23.362],[92.384,23.354],[92.374,23.321],[92.388,23.309],[92.391,23.285],[92.4,23.269],[92.409,23.242],[92.361,23.238],[92.364,23.22],[92.362,23.197],[92.372,23.16],[92.365,23.137],[92.373,23.128],[92.365,23.11],[92.369,23.099],[92.386,23.084],[92.394,23.058],[92.385,23.038],[92.382,23.01],[92.385,22.987],[92.381,22.982],[92.38,22.955],[92.376,22.94],[92.381,22.93],[92.395,22.932],[92.404,22.917],[92.419,22.913],[92.431,22.89],[92.458,22.872],[92.464,22.856],[92.458,22.826],[92.463,22.814],[92.478,22.798],[92.485,22.764],[92.503,22.741],[92.518,22.708],[92.532,22.656],[92.536,22.618],[92.54,22.604],[92.54,22.579],[92.533,22.566],[92.542,22.554],[92.549,22.522],[92.553,22.481],[92.558,22.463],[92.566,22.392],[92.576,22.363],[92.588,22.321],[92.586,22.289],[92.598,22.257],[92.598,22.232],[92.605,22.183],[92.614,22.173],[92.615,22.147],[92.61,22.121],[92.596,22.137],[92.571,22.132],[92.584,22.106],[92.605,22.058],[92.599,22.038],[92.605,22.031],[92.605,22.01],[92.61,22.004],[92.612,21.98],[92.638,21.989],[92.659,22.015],[92.681,22.014],[92.69,22.041],[92.684,22.105],[92.697,22.099],[92.703,22.154],[92.733,22.15],[92.738,22.139],[92.766,22.126],[92.774,22.111],[92.789,22.109],[92.817,22.096],[92.826,22.08],[92.837,22.076],[92.849,22.062],[92.863,22.068],[92.87,22.061],[92.875,22.03],[92.894,22.012],[92.905,21.981],[92.916,21.965],[92.928,21.996],[92.942,22.018],[92.956,22.03],[92.967,22.027],[92.98,22.006],[92.988,21.983],[92.999,21.978],[93.009,21.984],[93.01,22.011],[93,22.04],[93.001,22.056],[93.014,22.085],[93.016,22.105],[93.039,22.105],[93.052,22.099],[93.066,22.102],[93.066,22.113],[93.059,22.128],[93.047,22.139],[93.055,22.165],[93.045,22.194],[93.054,22.203],[93.077,22.21],[93.102,22.199],[93.117,22.201],[93.131,22.179],[93.154,22.178],[93.163,22.182],[93.17,22.2],[93.159,22.21],[93.157,22.229],[93.147,22.247],[93.19,22.25],[93.209,22.261],[93.202,22.281],[93.201,22.313],[93.196,22.325],[93.199,22.337],[93.193,22.371],[93.197,22.38],[93.189,22.414],[93.191,22.427],[93.175,22.451],[93.157,22.452],[93.146,22.458],[93.135,22.475],[93.138,22.495],[93.129,22.51],[93.131,22.526],[93.112,22.532],[93.116,22.555],[93.129,22.574],[93.146,22.586],[93.143,22.608],[93.136,22.623],[93.115,22.639],[93.118,22.651],[93.104,22.674],[93.104,22.696],[93.092,22.709],[93.113,22.744],[93.099,22.81],[93.116,22.816],[93.111,22.828],[93.121,22.837],[93.122,22.863],[93.13,22.869],[93.138,22.893],[93.139,22.913],[93.163,22.914],[93.166,22.922],[93.153,22.931],[93.152,22.95],[93.143,22.964],[93.148,22.981],[93.143,22.994],[93.129,23.001],[93.136,23.013],[93.132,23.026],[93.133,23.048],[93.142,23.061],[93.156,23.058],[93.168,23.049],[93.183,23.058],[93.206,23.057],[93.22,23.045],[93.234,23.022],[93.253,23.006],[93.268,23.012],[93.279,23.006],[93.302,23.008],[93.333,23.036],[93.345,23.065],[93.358,23.078],[93.352,23.085],[93.362,23.095],[93.365,23.117],[93.394,23.139],[93.374,23.15],[93.385,23.188],[93.387,23.211],[93.395,23.224],[93.378,23.256],[93.375,23.283],[93.381,23.29],[93.377,23.319],[93.379,23.333],[93.366,23.354],[93.376,23.363],[93.399,23.364],[93.396,23.374],[93.414,23.388],[93.398,23.411],[93.397,23.433],[93.407,23.475],[93.404,23.485],[93.408,23.508],[93.428,23.534],[93.424,23.569],[93.433,23.582],[93.433,23.619],[93.428,23.654],[93.445,23.682],[93.437,23.696],[93.417,23.712],[93.418,23.733],[93.407,23.756],[93.404,23.775],[93.41,23.799],[93.41,23.814],[93.399,23.824],[93.396,23.887],[93.399,23.93],[93.376,23.938],[93.365,23.946],[93.356,23.961],[93.352,23.978],[93.337,23.983],[93.342,24.031],[93.333,24.04],[93.337,24.053],[93.288,24.052],[93.274,24.034],[93.252,24.034],[93.262,24.058],[93.264,24.073],[93.248,24.085],[93.227,24.087],[93.217,24.05],[93.194,24.056],[93.176,24.054],[93.167,24.061],[93.17,24.075],[93.148,24.088],[93.135,24.079],[93.129,24.064],[93.112,24.055],[93.101,24.056],[93.102,24.074],[93.09,24.084],[93.079,24.103],[93.054,24.091],[93.021,24.101],[92.996,24.117],[92.976,24.115],[92.986,24.129],[92.993,24.153],[93.005,24.161],[93.003,24.174],[93.011,24.182],[93.003,24.194],[93.017,24.2],[93.024,24.218],[93.018,24.236],[93.007,24.254],[93.014,24.272],[93.008,24.28],[93.035,24.318],[93.043,24.343],[93.022,24.347],[93.024,24.39],[93,24.403]]]},"properties":{"ID_0":105,"ISO":"IND","NAME_0":"India","ID_1":24,"NAME_1":"Mizoram","NL_NAME_1":null,"VARNAME_1":null,"TYPE_1":"State","ENGTYPE_1":"State"}},
{"type":"Feature","geometry":{"type":"Polygon","coordinates":[[[95.238,26.686],[95.236,26.712],[95.216,26.735],[95.219,26.756],[95.243,26.785],[95.215,26.798],[95.207,26.812],[95.199,26.84],[95.185,26.865],[95.213,26.886],[95.23,26.886],[95.234,26.921],[95.226,26.934],[95.217,26.934],[95.207,26.963],[95.215,26.97],[95.195,26.99],[95.2,27.006],[95.196,27.043],[95.155,27.006],[95.126,26.987],[95.117,26.984],[95.11,26.967],[95.087,26.953],[95.065,26.948],[95.055,26.941],[95.038,26.938],[95.021,26.925],[94.999,26.924],[94.986,26.918],[94.971,26.928],[94.957,26.944],[94.934,26.939],[94.928,26.952],[94.914,26.943],[94.886,26.932],[94.87,26.915],[94.852,26.881],[94.839,26.874],[94.821,26.854],[94.813,26.825],[94.797,26.819],[94.802,26.806],[94.773,26.795],[94.756,26.772],[94.746,26.782],[94.732,26.764],[94.711,26.753],[94.687,26.733],[94.653,26.724],[94.621,26.721],[94.61,26.74],[94.6,26.738],[94.593,26.726],[94.592,26.703],[94.545,26.711],[94.52,26.701],[94.516,26.687],[94.498,26.674],[94.468,26.67],[94.459,26.655],[94.455,26.639],[94.434,26.625],[94.41,26.616],[94.406,26.602],[94.415,26.583],[94.405,26.555],[94.407,26.548],[94.397,26.53],[94.378,26.525],[94.378,26.513],[94.351,26.509],[94.352,26.496],[94.324,26.479],[94.317,26.463],[94.303,26.467],[94.294,26.481],[94.287,26.509],[94.282,26.564],[94.263,26.544],[94.24,26.511],[94.211,26.49],[94.201,26.47],[94.187,26.461],[94.176,26.432],[94.179,26.389],[94.174,26.368],[94.164,26.36],[94.176,26.344],[94.165,26.339],[94.139,26.342],[94.124,26.336],[94.118,26.323],[94.108,26.326],[94.103,26.309],[94.087,26.29],[94.07,26.26],[94.053,26.256],[94.042,26.234],[94.036,26.203],[94.013,26.186],[94,26.158],[94.006,26.147],[93.996,26.122],[93.986,26.084],[93.991,26.073],[93.966,26.042],[93.963,26.022],[93.955,26.007],[93.961,25.997],[93.956,25.974],[93.969,25.961],[93.971,25.945],[93.983,25.926],[93.96,25.905],[93.94,25.901],[93.935,25.891],[93.916,25.888],[93.893,25.865],[93.883,25.846],[93.852,25.863],[93.842,25.863],[93.824,25.847],[93.819,25.826],[93.808,25.816],[93.796,25.814],[93.78,25.846],[93.781,25.859],[93.792,25.87],[93.787,25.879],[93.798,25.91],[93.792,25.923],[93.793,25.937],[93.785,25.958],[93.768,25.955],[93.75,25.937],[93.717,25.922],[93.705,25.921],[93.688,25.909],[93.691,25.889],[93.706,25.853],[93.683,25.841],[93.678,25.829],[93.648,25.824],[93.629,25.804],[93.622,25.78],[93.611,25.776],[93.584,25.758],[93.573,25.757],[93.565,25.741],[93.545,25.727],[93.55,25.719],[93.544,25.702],[93.52,25.684],[93.502,25.662],[93.483,25.646],[93.466,25.644],[93.418,25.621],[93.409,25.612],[93.407,25.596],[93.39,25.595],[93.373,25.569],[93.361,25.56],[93.345,25.561],[93.333,25.549],[93.34,25.537],[93.358,25.528],[93.372,25.501],[93.383,25.498],[93.391,25.486],[93.39,25.469],[93.417,25.453],[93.435,25.455],[93.457,25.442],[93.465,25.423],[93.463,25.411],[93.478,25.38],[93.452,25.344],[93.462,25.337],[93.457,25.325],[93.474,25.309],[93.473,25.285],[93.477,25.279],[93.511,25.276],[93.504,25.253],[93.541,25.245],[93.563,25.247],[93.575,25.228],[93.59,25.22],[93.593,25.204],[93.608,25.202],[93.65,25.269],[93.652,25.279],[93.673,25.312],[93.672,25.329],[93.687,25.331],[93.693,25.362],[93.712,25.358],[93.723,25.376],[93.74,25.384],[93.747,25.406],[93.764,25.418],[93.781,25.425],[93.79,25.443],[93.809,25.466],[93.814,25.485],[93.808,25.496],[93.788,25.506],[93.766,25.5],[93.764,25.515],[93.772,25.541],[93.779,25.538],[93.82,25.544],[93.825,25.556],[93.836,25.563],[93.862,25.558],[93.892,25.568],[93.944,25.563],[93.965,25.557],[93.98,25.571],[94.012,25.575],[94.01,25.595],[94.044,25.577],[94.054,25.577],[94.069,25.559],[94.086,25.56],[94.096,25.542],[94.092,25.533],[94.139,25.524],[94.148,25.532],[94.153,25.548],[94.192,25.551],[94.191,25.531],[94.223,25.497],[94.274,25.503],[94.287,25.512],[94.303,25.495],[94.314,25.494],[94.329,25.508],[94.365,25.521],[94.389,25.537],[94.411,25.544],[94.426,25.553],[94.422,25.576],[94.43,25.593],[94.444,25.596],[94.474,25.622],[94.491,25.62],[94.515,25.63],[94.532,25.65],[94.54,25.651],[94.565,25.681],[94.573,25.698],[94.597,25.687],[94.587,25.672],[94.576,25.645],[94.584,25.634],[94.573,25.611],[94.556,25.586],[94.563,25.54],[94.557,25.513],[94.575,25.505],[94.587,25.492],[94.607,25.482],[94.625,25.469],[94.659,25.457],[94.682,25.46],[94.689,25.465],[94.747,25.479],[94.757,25.492],[94.773,25.481],[94.785,25.49],[94.812,25.495],[94.829,25.528],[94.837,25.55],[94.853,25.563],[94.905,25.567],[94.888,25.588],[94.896,25.598],[94.911,25.603],[94.921,25.615],[94.935,25.665],[94.943,25.675],[94.984,25.704],[95.009,25.739],[95.034,25.741],[95.053,25.763],[95.046,25.783],[95.051,25.799],[95.049,25.81],[95.037,25.82],[95.033,25.847],[95.015,25.872],[95.022,25.888],[95.019,25.901],[95.028,25.92],[95.057,25.947],[95.079,25.951],[95.106,25.968],[95.118,25.988],[95.141,26.006],[95.165,26.035],[95.166,26.053],[95.184,26.075],[95.185,26.085],[95.166,26.099],[95.152,26.095],[95.138,26.103],[95.127,26.101],[95.121,26.122],[95.128,26.137],[95.117,26.163],[95.126,26.183],[95.128,26.203],[95.143,26.214],[95.121,26.239],[95.13,26.256],[95.121,26.275],[95.131,26.292],[95.128,26.336],[95.128,26.355],[95.136,26.388],[95.122,26.398],[95.105,26.401],[95.109,26.424],[95.087,26.452],[95.066,26.45],[95.069,26.467],[95.091,26.495],[95.102,26.503],[95.103,26.513],[95.121,26.53],[95.115,26.548],[95.127,26.562],[95.139,26.56],[95.154,26.581],[95.152,26.598],[95.155,26.619],[95.171,26.63],[95.182,26.643],[95.206,26.649],[95.219,26.661],[95.238,26.686]]]},"properties":{"ID_0":105,"ISO":"IND","NAME_0":"India","ID_1":25,"NAME_1":"Nagaland","NL_NAME_1":null,"VARNAME_1":null,"TYPE_1":"State","ENGTYPE_1":"State"}},
{"type":"Feature","geometry":{"type":"MultiPolygon","coordinates":[[[[84.73,19.089],[84.761,19.071],[84.781,19.103],[84.757,19.098],[84.758,19.087],[84.73,19.089]]],[[[86.27,20.058],[86.256,20.051],[86.246,20.038],[86.254,20.03],[86.267,20.035],[86.28,20.027],[86.297,20.029],[86.293,20.046],[86.27,20.058]]],[[[86.803,20.421],[86.8,20.398],[86.815,20.404],[86.803,20.421]]],[[[86.871,20.772],[86.85,20.774],[86.83,20.76],[86.818,20.718],[86.806,20.705],[86.802,20.683],[86.776,20.651],[86.786,20.644],[86.822,20.647],[86.808,20.667],[86.795,20.666],[86.803,20.677],[86.817,20.677],[86.828,20.674],[86.836,20.666],[86.84,20.654],[86.854,20.657],[86.893,20.695],[86.935,20.717],[86.981,20.714],[86.995,20.71],[87.001,20.716],[87.007,20.743],[86.991,20.772],[86.963,20.767],[86.916,20.769],[86.891,20.767],[86.871,20.772]]],[[[86.882,20.789],[86.883,20.773],[86.908,20.775],[86.947,20.773],[86.942,20.78],[86.882,20.789]]],[[[87.017,20.803],[87.019,20.823],[87.001,20.828],[87.005,20.812],[87.017,20.803]]],[[[86.723,22.215],[86.682,22.22],[86.67,22.237],[86.648,22.236],[86.646,22.261],[86.627,22.267],[86.616,22.276],[86.59,22.282],[86.578,22.298],[86.552,22.295],[86.54,22.304],[86.525,22.303],[86.524,22.319],[86.508,22.324],[86.5,22.341],[86.484,22.344],[86.479,22.334],[86.458,22.322],[86.438,22.323],[86.439,22.306],[86.424,22.306],[86.391,22.325],[86.376,22.337],[86.353,22.345],[86.339,22.366],[86.325,22.373],[86.318,22.391],[86.302,22.405],[86.301,22.415],[86.288,22.425],[86.28,22.446],[86.265,22.44],[86.228,22.45],[86.22,22.449],[86.202,22.47],[86.197,22.468],[86.174,22.476],[86.146,22.479],[86.101,22.49],[86.092,22.509],[86.069,22.543],[86.058,22.553],[86.038,22.564],[86.018,22.544],[86.028,22.534],[85.996,22.509],[85.981,22.51],[85.969,22.5],[85.967,22.482],[85.954,22.456],[85.963,22.445],[85.993,22.422],[86.009,22.424],[86.021,22.382],[86.017,22.362],[85.993,22.338],[86.02,22.329],[86.006,22.316],[86.018,22.305],[85.985,22.267],[85.985,22.257],[85.97,22.243],[85.993,22.215],[86.017,22.199],[86.027,22.185],[86.015,22.173],[86.011,22.158],[85.999,22.145],[85.995,22.132],[86.003,22.113],[85.979,22.083],[85.975,22.072],[85.943,22.019],[85.929,22.019],[85.912,22.005],[85.913,21.997],[85.903,21.967],[85.894,21.978],[85.871,21.975],[85.84,21.976],[85.822,21.97],[85.815,21.98],[85.784,21.979],[85.761,21.99],[85.756,22.008],[85.776,22.028],[85.779,22.036],[85.77,22.051],[85.788,22.077],[85.814,22.07],[85.831,22.077],[85.815,22.093],[85.815,22.102],[85.802,22.111],[85.791,22.1],[85.758,22.085],[85.746,22.07],[85.722,22.058],[85.688,22.056],[85.682,22.049],[85.645,22.09],[85.631,22.082],[85.591,22.074],[85.582,22.081],[85.536,22.094],[85.506,22.111],[85.486,22.116],[85.457,22.136],[85.41,22.156],[85.394,22.159],[85.385,22.152],[85.363,22.155],[85.358,22.138],[85.362,22.125],[85.323,22.125],[85.3,22.107],[85.274,22.08],[85.241,22.013],[85.231,22],[85.215,22.011],[85.215,22.037],[85.211,22.043],[85.183,22.055],[85.179,22.065],[85.164,22.065],[85.141,22.074],[85.119,22.066],[85.1,22.085],[85.099,22.096],[85.069,22.107],[85.044,22.111],[85.027,22.101],[85.02,22.103],[85.002,22.08],[84.987,22.077],[84.98,22.091],[85.024,22.112],[85.031,22.137],[85.025,22.154],[85.05,22.179],[85.047,22.186],[85.069,22.231],[85.074,22.251],[85.071,22.272],[85.105,22.291],[85.114,22.29],[85.114,22.314],[85.095,22.312],[85.086,22.317],[85.093,22.341],[85.074,22.349],[85.083,22.378],[85.075,22.413],[85.064,22.423],[85.057,22.445],[85.071,22.456],[85.073,22.473],[85.051,22.479],[85.032,22.47],[84.994,22.458],[84.96,22.444],[84.952,22.453],[84.917,22.434],[84.908,22.42],[84.88,22.418],[84.878,22.443],[84.855,22.432],[84.836,22.428],[84.813,22.432],[84.801,22.444],[84.753,22.442],[84.744,22.415],[84.726,22.417],[84.691,22.413],[84.662,22.414],[84.632,22.429],[84.572,22.423],[84.543,22.417],[84.527,22.42],[84.521,22.415],[84.502,22.415],[84.474,22.402],[84.473,22.383],[84.456,22.375],[84.448,22.379],[84.427,22.365],[84.426,22.352],[84.394,22.344],[84.372,22.349],[84.334,22.343],[84.324,22.339],[84.289,22.337],[84.266,22.348],[84.247,22.374],[84.194,22.372],[84.183,22.384],[84.152,22.401],[84.136,22.421],[84.133,22.445],[84.137,22.467],[84.129,22.473],[84.106,22.474],[84.079,22.489],[84.058,22.51],[84.033,22.512],[84.019,22.521],[84.003,22.521],[83.994,22.529],[83.977,22.518],[83.976,22.502],[84.013,22.485],[84.022,22.472],[84.042,22.464],[84.04,22.433],[84.014,22.404],[84.002,22.38],[84.001,22.37],[83.978,22.365],[83.967,22.358],[83.952,22.361],[83.93,22.356],[83.916,22.36],[83.897,22.34],[83.872,22.339],[83.861,22.344],[83.843,22.326],[83.829,22.324],[83.822,22.316],[83.821,22.296],[83.798,22.29],[83.779,22.275],[83.771,22.257],[83.746,22.241],[83.693,22.246],[83.679,22.241],[83.657,22.225],[83.646,22.225],[83.619,22.196],[83.606,22.158],[83.593,22.14],[83.557,22.1],[83.574,22.089],[83.6,22.066],[83.584,22.055],[83.538,22.055],[83.532,22.034],[83.534,22.022],[83.549,22.007],[83.534,21.976],[83.535,21.964],[83.558,21.944],[83.553,21.932],[83.588,21.926],[83.6,21.911],[83.583,21.891],[83.572,21.872],[83.584,21.853],[83.584,21.844],[83.574,21.83],[83.557,21.834],[83.531,21.832],[83.536,21.818],[83.537,21.794],[83.522,21.794],[83.491,21.809],[83.484,21.794],[83.467,21.783],[83.476,21.774],[83.479,21.759],[83.474,21.75],[83.484,21.742],[83.478,21.728],[83.456,21.694],[83.432,21.694],[83.421,21.687],[83.42,21.675],[83.441,21.655],[83.483,21.64],[83.485,21.626],[83.47,21.627],[83.463,21.606],[83.449,21.608],[83.441,21.618],[83.441,21.649],[83.414,21.636],[83.381,21.613],[83.368,21.597],[83.362,21.573],[83.366,21.55],[83.354,21.535],[83.346,21.508],[83.335,21.496],[83.342,21.485],[83.343,21.465],[83.35,21.444],[83.37,21.436],[83.381,21.41],[83.394,21.399],[83.394,21.361],[83.403,21.348],[83.388,21.339],[83.375,21.34],[83.31,21.365],[83.27,21.375],[83.271,21.359],[83.266,21.345],[83.255,21.332],[83.259,21.302],[83.273,21.296],[83.275,21.286],[83.268,21.269],[83.257,21.276],[83.242,21.276],[83.225,21.267],[83.214,21.251],[83.219,21.224],[83.208,21.201],[83.211,21.191],[83.2,21.174],[83.194,21.158],[83.193,21.139],[83.177,21.131],[83.161,21.131],[83.134,21.105],[83.12,21.101],[83.108,21.108],[83.095,21.104],[83.071,21.108],[83.06,21.116],[83.041,21.119],[83.01,21.145],[82.98,21.157],[82.965,21.156],[82.956,21.175],[82.942,21.163],[82.922,21.158],[82.902,21.163],[82.879,21.149],[82.847,21.158],[82.84,21.163],[82.812,21.159],[82.782,21.141],[82.758,21.159],[82.721,21.159],[82.701,21.153],[82.685,21.158],[82.662,21.151],[82.636,21.149],[82.634,21.136],[82.648,21.125],[82.64,21.117],[82.645,21.102],[82.626,21.077],[82.609,21.071],[82.609,21.064],[82.622,21.037],[82.609,21.018],[82.604,21.006],[82.582,20.987],[82.567,20.967],[82.553,20.941],[82.536,20.93],[82.519,20.925],[82.513,20.917],[82.494,20.909],[82.483,20.9],[82.485,20.873],[82.478,20.847],[82.46,20.836],[82.454,20.821],[82.437,20.83],[82.416,20.826],[82.406,20.837],[82.407,20.848],[82.401,20.862],[82.383,20.87],[82.368,20.864],[82.356,20.87],[82.359,20.883],[82.347,20.884],[82.334,20.841],[82.333,20.82],[82.339,20.79],[82.335,20.759],[82.346,20.729],[82.343,20.699],[82.351,20.678],[82.366,20.661],[82.362,20.65],[82.368,20.63],[82.356,20.603],[82.339,20.594],[82.343,20.575],[82.324,20.554],[82.342,20.538],[82.349,20.523],[82.359,20.516],[82.38,20.51],[82.388,20.453],[82.397,20.452],[82.41,20.473],[82.419,20.457],[82.418,20.438],[82.429,20.426],[82.424,20.41],[82.41,20.403],[82.41,20.377],[82.398,20.356],[82.394,20.336],[82.4,20.325],[82.422,20.31],[82.428,20.279],[82.405,20.264],[82.414,20.242],[82.404,20.24],[82.414,20.202],[82.406,20.179],[82.383,20.16],[82.379,20.145],[82.391,20.119],[82.395,20.089],[82.391,20.06],[82.396,20.049],[82.425,20.044],[82.441,20.035],[82.476,20.03],[82.502,20.014],[82.524,20.01],[82.544,20.012],[82.576,19.999],[82.582,19.99],[82.598,19.986],[82.614,19.987],[82.624,19.998],[82.65,19.999],[82.701,19.993],[82.711,19.983],[82.709,19.947],[82.7,19.907],[82.701,19.893],[82.709,19.87],[82.711,19.849],[82.698,19.827],[82.683,19.824],[82.646,19.825],[82.642,19.814],[82.629,19.804],[82.619,19.786],[82.599,19.781],[82.585,19.771],[82.578,19.776],[82.579,19.797],[82.572,19.802],[82.572,19.828],[82.597,19.86],[82.578,19.863],[82.567,19.872],[82.544,19.869],[82.53,19.882],[82.523,19.873],[82.512,19.884],[82.498,19.885],[82.498,19.895],[82.476,19.901],[82.458,19.895],[82.442,19.903],[82.414,19.897],[82.389,19.882],[82.368,19.854],[82.339,19.83],[82.327,19.838],[82.318,19.859],[82.298,19.883],[82.295,19.899],[82.269,19.945],[82.262,19.972],[82.253,19.976],[82.231,19.998],[82.211,19.991],[82.204,19.98],[82.184,19.981],[82.166,19.996],[82.132,20.013],[82.116,20.01],[82.083,20.033],[82.076,20.044],[82.058,20.05],[82.049,20.035],[82.031,20.023],[82.024,20.01],[82.015,20.02],[82.013,20.041],[81.993,20.048],[81.983,20.057],[81.974,20.076],[81.944,20.102],[81.934,20.099],[81.915,20.074],[81.889,20.043],[81.874,20.046],[81.86,20.023],[81.852,19.996],[81.847,19.97],[81.837,19.95],[81.849,19.939],[81.846,19.915],[81.858,19.9],[81.898,19.879],[81.939,19.865],[81.96,19.855],[81.957,19.836],[81.961,19.824],[81.98,19.796],[81.999,19.798],[82.029,19.792],[82.052,19.791],[82.06,19.783],[82.057,19.753],[82.044,19.738],[82.044,19.714],[82.038,19.704],[82.047,19.669],[82.046,19.644],[82.051,19.624],[82.037,19.598],[82.035,19.583],[82.044,19.565],[82.04,19.552],[82.046,19.539],[82.032,19.521],[82.022,19.502],[82.06,19.504],[82.071,19.516],[82.092,19.51],[82.091,19.494],[82.099,19.49],[82.102,19.474],[82.097,19.461],[82.107,19.453],[82.107,19.443],[82.119,19.424],[82.17,19.429],[82.183,19.412],[82.178,19.406],[82.174,19.377],[82.166,19.366],[82.151,19.37],[82.141,19.366],[82.142,19.348],[82.18,19.332],[82.183,19.32],[82.174,19.316],[82.169,19.291],[82.158,19.281],[82.152,19.265],[82.152,19.224],[82.161,19.208],[82.156,19.197],[82.173,19.184],[82.173,19.165],[82.179,19.159],[82.168,19.134],[82.16,19.126],[82.17,19.113],[82.176,19.125],[82.191,19.116],[82.2,19.092],[82.212,19.091],[82.209,19.079],[82.194,19.06],[82.222,19.021],[82.24,18.91],[82.234,18.905],[82.214,18.912],[82.171,18.892],[82.17,18.878],[82.158,18.852],[82.165,18.83],[82.156,18.8],[82.161,18.791],[82.145,18.773],[82.131,18.77],[82.129,18.758],[82.114,18.761],[82.091,18.756],[82.079,18.712],[82.067,18.717],[82.034,18.719],[82.016,18.714],[81.992,18.698],[81.976,18.695],[81.955,18.68],[81.961,18.668],[81.947,18.656],[81.947,18.629],[81.916,18.636],[81.893,18.654],[81.888,18.621],[81.9,18.62],[81.926,18.603],[81.93,18.596],[81.955,18.587],[81.946,18.575],[81.947,18.559],[81.92,18.557],[81.909,18.564],[81.901,18.557],[81.897,18.528],[81.883,18.529],[81.863,18.517],[81.849,18.501],[81.85,18.489],[81.798,18.44],[81.762,18.411],[81.76,18.4],[81.745,18.345],[81.699,18.344],[81.658,18.339],[81.649,18.331],[81.66,18.316],[81.616,18.301],[81.593,18.301],[81.568,18.273],[81.548,18.262],[81.528,18.259],[81.526,18.237],[81.505,18.184],[81.523,18.157],[81.512,18.129],[81.509,18.092],[81.495,18.069],[81.495,18.058],[81.481,18.05],[81.474,18.029],[81.479,18.004],[81.473,17.983],[81.477,17.974],[81.467,17.955],[81.455,17.947],[81.444,17.922],[81.448,17.903],[81.437,17.876],[81.43,17.875],[81.404,17.889],[81.396,17.888],[81.39,17.859],[81.398,17.847],[81.384,17.826],[81.385,17.807],[81.409,17.805],[81.414,17.816],[81.426,17.821],[81.438,17.815],[81.459,17.825],[81.47,17.823],[81.481,17.803],[81.511,17.807],[81.554,17.816],[81.575,17.827],[81.6,17.815],[81.611,17.815],[81.643,17.839],[81.646,17.856],[81.663,17.877],[81.678,17.878],[81.688,17.885],[81.698,17.876],[81.703,17.861],[81.776,17.905],[81.786,17.914],[81.801,17.936],[81.833,17.951],[81.847,17.951],[81.899,17.969],[81.914,17.98],[81.936,17.984],[81.952,17.992],[82.002,18.024],[82.002,18.045],[82.025,18.058],[82.045,18.046],[82.06,18.045],[82.072,18.066],[82.092,18.053],[82.108,18.054],[82.129,18.049],[82.132,18.036],[82.164,18.042],[82.177,18.021],[82.177,18.011],[82.197,18.009],[82.218,17.994],[82.237,17.992],[82.242,17.98],[82.267,17.986],[82.271,18.011],[82.258,18.035],[82.267,18.048],[82.288,18.061],[82.304,18.04],[82.322,18.05],[82.336,18.047],[82.343,18.068],[82.343,18.082],[82.332,18.094],[82.33,18.119],[82.335,18.127],[82.333,18.142],[82.358,18.125],[82.365,18.14],[82.349,18.162],[82.333,18.163],[82.31,18.175],[82.306,18.196],[82.32,18.201],[82.333,18.216],[82.321,18.222],[82.33,18.231],[82.337,18.266],[82.344,18.272],[82.367,18.271],[82.382,18.284],[82.393,18.306],[82.384,18.319],[82.365,18.316],[82.358,18.308],[82.343,18.307],[82.345,18.322],[82.36,18.344],[82.376,18.353],[82.384,18.372],[82.375,18.383],[82.373,18.398],[82.361,18.41],[82.378,18.422],[82.397,18.452],[82.427,18.477],[82.437,18.497],[82.453,18.517],[82.474,18.537],[82.481,18.515],[82.498,18.506],[82.523,18.504],[82.528,18.468],[82.516,18.456],[82.529,18.443],[82.554,18.438],[82.545,18.417],[82.536,18.408],[82.535,18.39],[82.549,18.384],[82.556,18.389],[82.577,18.377],[82.589,18.377],[82.601,18.366],[82.597,18.341],[82.604,18.32],[82.59,18.319],[82.576,18.307],[82.588,18.302],[82.586,18.281],[82.589,18.257],[82.609,18.249],[82.613,18.239],[82.632,18.229],[82.648,18.245],[82.645,18.257],[82.665,18.291],[82.698,18.296],[82.703,18.308],[82.717,18.315],[82.734,18.313],[82.751,18.328],[82.767,18.331],[82.784,18.354],[82.778,18.371],[82.788,18.378],[82.787,18.39],[82.776,18.42],[82.799,18.439],[82.819,18.433],[82.849,18.415],[82.87,18.406],[82.885,18.413],[82.891,18.392],[82.885,18.379],[82.903,18.356],[82.928,18.361],[82.933,18.351],[82.946,18.35],[82.96,18.357],[82.976,18.355],[82.992,18.375],[83.012,18.378],[83.04,18.37],[83.056,18.377],[83.066,18.392],[83.055,18.408],[83.062,18.421],[83.058,18.429],[83.043,18.418],[83.037,18.435],[83.018,18.44],[83.016,18.448],[83.052,18.477],[83.055,18.488],[83.069,18.502],[83.073,18.515],[83.089,18.533],[83.087,18.541],[83.071,18.542],[83.051,18.535],[83.032,18.548],[83.025,18.564],[83.037,18.578],[83.054,18.586],[83.041,18.597],[83.028,18.582],[83.008,18.588],[83.02,18.605],[83.012,18.639],[83.051,18.654],[83.056,18.667],[83.071,18.689],[83.078,18.705],[83.088,18.712],[83.106,18.738],[83.118,18.75],[83.112,18.758],[83.133,18.772],[83.151,18.759],[83.169,18.759],[83.185,18.744],[83.202,18.742],[83.206,18.729],[83.223,18.748],[83.223,18.766],[83.24,18.759],[83.266,18.757],[83.269,18.771],[83.28,18.79],[83.304,18.799],[83.323,18.798],[83.333,18.793],[83.339,18.803],[83.356,18.8],[83.36,18.807],[83.35,18.822],[83.362,18.832],[83.373,18.821],[83.399,18.834],[83.397,18.849],[83.411,18.859],[83.388,18.871],[83.367,18.9],[83.356,18.905],[83.348,18.921],[83.349,18.934],[83.363,18.93],[83.371,18.917],[83.38,18.923],[83.364,18.938],[83.361,18.953],[83.345,18.956],[83.341,18.918],[83.329,18.917],[83.319,18.928],[83.331,18.938],[83.327,18.957],[83.313,18.967],[83.308,18.991],[83.329,18.988],[83.335,19.007],[83.355,19.009],[83.362,18.995],[83.389,19],[83.409,18.996],[83.415,18.978],[83.436,18.958],[83.443,18.948],[83.455,18.946],[83.462,18.959],[83.45,18.982],[83.449,19],[83.475,19],[83.477,19.026],[83.465,19.036],[83.459,19.07],[83.477,19.075],[83.492,19.055],[83.505,19.065],[83.514,19.025],[83.494,19.027],[83.495,19.011],[83.515,19.005],[83.531,19.005],[83.535,19.029],[83.551,19.05],[83.545,19.062],[83.561,19.066],[83.558,19.051],[83.579,19.05],[83.582,19.076],[83.6,19.085],[83.604,19.093],[83.594,19.111],[83.594,19.12],[83.619,19.142],[83.645,19.113],[83.657,19.088],[83.657,19.075],[83.684,19.044],[83.7,19.015],[83.717,19.014],[83.72,19.004],[83.705,18.999],[83.706,18.985],[83.726,18.976],[83.736,18.939],[83.746,18.918],[83.756,18.917],[83.771,18.901],[83.78,18.908],[83.777,18.919],[83.761,18.945],[83.75,18.944],[83.749,18.958],[83.742,18.967],[83.741,18.984],[83.751,18.993],[83.767,18.998],[83.776,19.009],[83.788,19.008],[83.791,18.992],[83.803,18.982],[83.816,18.949],[83.813,18.934],[83.821,18.922],[83.817,18.909],[83.835,18.909],[83.842,18.888],[83.837,18.873],[83.844,18.851],[83.864,18.839],[83.87,18.818],[83.908,18.816],[83.934,18.807],[83.94,18.797],[83.956,18.803],[83.982,18.8],[84.007,18.804],[84.048,18.783],[84.049,18.771],[84.059,18.768],[84.066,18.752],[84.092,18.745],[84.114,18.755],[84.123,18.748],[84.135,18.767],[84.159,18.775],[84.18,18.769],[84.19,18.777],[84.217,18.787],[84.246,18.773],[84.259,18.775],[84.284,18.791],[84.3,18.782],[84.332,18.792],[84.329,18.809],[84.344,18.812],[84.344,18.833],[84.338,18.836],[84.334,18.864],[84.362,18.851],[84.372,18.867],[84.383,18.869],[84.386,18.883],[84.41,18.891],[84.429,18.914],[84.416,18.938],[84.42,18.949],[84.441,18.967],[84.435,18.977],[84.426,18.984],[84.426,18.989],[84.425,18.995],[84.415,19.012],[84.42,19.013],[84.422,19.009],[84.437,18.997],[84.472,18.981],[84.476,18.992],[84.478,19.008],[84.489,19.021],[84.498,19.025],[84.51,19.037],[84.527,19.039],[84.548,19.046],[84.56,19.06],[84.568,19.063],[84.571,19.06],[84.578,19.062],[84.574,19.035],[84.578,19.019],[84.588,19.013],[84.597,19.02],[84.6,19.033],[84.609,19.047],[84.612,19.05],[84.623,19.056],[84.625,19.053],[84.63,19.05],[84.634,19.056],[84.648,19.056],[84.655,19.052],[84.663,19.064],[84.654,19.081],[84.645,19.084],[84.634,19.075],[84.624,19.074],[84.617,19.09],[84.606,19.093],[84.596,19.115],[84.629,19.121],[84.647,19.12],[84.661,19.122],[84.666,19.135],[84.665,19.157],[84.681,19.15],[84.698,19.15],[84.702,19.151],[84.706,19.144],[84.697,19.125],[84.694,19.122],[84.698,19.11],[84.698,19.109],[84.719,19.096],[84.703,19.119],[84.722,19.133],[84.724,19.14],[84.747,19.143],[84.746,19.118],[84.768,19.109],[84.777,19.11],[84.796,19.129],[84.805,19.148],[84.844,19.196],[84.886,19.238],[84.932,19.278],[84.985,19.319],[85.036,19.35],[85.061,19.363],[85.066,19.372],[85.085,19.384],[85.106,19.415],[85.139,19.443],[85.265,19.532],[85.295,19.554],[85.338,19.58],[85.419,19.623],[85.493,19.654],[85.531,19.675],[85.582,19.698],[85.614,19.714],[85.68,19.746],[85.791,19.784],[85.846,19.801],[85.953,19.83],[86.045,19.847],[86.048,19.852],[86.095,19.86],[86.132,19.87],[86.228,19.901],[86.238,19.913],[86.247,19.911],[86.296,19.936],[86.322,19.944],[86.363,19.953],[86.355,19.962],[86.329,19.979],[86.319,19.989],[86.305,20.014],[86.295,20.024],[86.275,20.018],[86.255,20.018],[86.241,20.029],[86.248,20.053],[86.262,20.062],[86.274,20.062],[86.286,20.05],[86.294,20.054],[86.328,20.03],[86.336,20.011],[86.339,19.99],[86.348,19.982],[86.387,19.976],[86.411,20],[86.407,20.02],[86.414,20.041],[86.432,20.06],[86.453,20.077],[86.476,20.101],[86.481,20.115],[86.494,20.124],[86.498,20.134],[86.522,20.171],[86.514,20.174],[86.495,20.153],[86.488,20.167],[86.496,20.181],[86.51,20.177],[86.536,20.2],[86.546,20.202],[86.576,20.218],[86.582,20.218],[86.618,20.237],[86.675,20.258],[86.677,20.267],[86.716,20.286],[86.708,20.298],[86.722,20.306],[86.734,20.308],[86.769,20.331],[86.79,20.359],[86.782,20.388],[86.769,20.398],[86.749,20.406],[86.733,20.403],[86.733,20.455],[86.745,20.47],[86.752,20.494],[86.759,20.506],[86.771,20.504],[86.784,20.536],[86.793,20.545],[86.819,20.56],[86.873,20.598],[86.92,20.627],[86.938,20.64],[86.973,20.661],[87.027,20.696],[87.006,20.696],[86.97,20.709],[86.935,20.711],[86.901,20.696],[86.872,20.669],[86.85,20.652],[86.843,20.651],[86.838,20.657],[86.826,20.674],[86.813,20.676],[86.806,20.669],[86.816,20.661],[86.823,20.646],[86.807,20.643],[86.767,20.644],[86.789,20.675],[86.788,20.682],[86.801,20.708],[86.816,20.724],[86.818,20.761],[86.835,20.777],[86.863,20.792],[86.881,20.798],[86.919,20.791],[86.939,20.79],[86.958,20.785],[86.965,20.798],[86.97,20.828],[86.959,20.864],[86.945,20.885],[86.939,20.9],[86.911,20.955],[86.91,20.965],[86.899,20.998],[86.889,21.016],[86.858,21.055],[86.844,21.085],[86.824,21.138],[86.828,21.176],[86.823,21.192],[86.838,21.206],[86.845,21.22],[86.846,21.237],[86.868,21.276],[86.884,21.294],[86.892,21.316],[86.908,21.328],[86.947,21.374],[86.978,21.406],[86.996,21.421],[87.026,21.439],[87.053,21.462],[87.064,21.464],[87.086,21.481],[87.114,21.508],[87.13,21.513],[87.155,21.527],[87.207,21.546],[87.241,21.552],[87.303,21.556],[87.333,21.554],[87.383,21.549],[87.387,21.565],[87.404,21.556],[87.412,21.567],[87.456,21.597],[87.464,21.606],[87.482,21.609],[87.482,21.614],[87.482,21.626],[87.471,21.643],[87.461,21.644],[87.46,21.657],[87.468,21.677],[87.468,21.696],[87.469,21.698],[87.463,21.717],[87.466,21.724],[87.465,21.726],[87.444,21.732],[87.451,21.735],[87.443,21.742],[87.444,21.761],[87.439,21.764],[87.425,21.766],[87.412,21.764],[87.392,21.769],[87.383,21.771],[87.37,21.768],[87.355,21.779],[87.34,21.784],[87.337,21.779],[87.333,21.787],[87.326,21.786],[87.323,21.786],[87.317,21.789],[87.318,21.791],[87.306,21.794],[87.297,21.795],[87.295,21.804],[87.281,21.799],[87.273,21.804],[87.273,21.806],[87.262,21.814],[87.268,21.82],[87.262,21.833],[87.255,21.844],[87.245,21.856],[87.249,21.867],[87.235,21.896],[87.239,21.907],[87.252,21.918],[87.235,21.934],[87.232,21.94],[87.235,21.954],[87.224,21.954],[87.221,21.953],[87.203,21.956],[87.195,21.954],[87.175,21.966],[87.167,21.973],[87.16,21.949],[87.158,21.931],[87.152,21.928],[87.131,21.918],[87.114,21.922],[87.11,21.918],[87.105,21.918],[87.091,21.899],[87.089,21.895],[87.089,21.892],[87.096,21.886],[87.096,21.882],[87.095,21.86],[87.078,21.86],[87.03,21.865],[87.02,21.886],[87.005,21.896],[86.998,21.908],[87.006,21.941],[87.034,21.989],[87.022,22.012],[87.026,22.029],[87.018,22.041],[86.995,22.046],[86.972,22.066],[86.957,22.083],[86.909,22.086],[86.848,22.098],[86.832,22.095],[86.823,22.113],[86.806,22.114],[86.8,22.13],[86.8,22.146],[86.79,22.154],[86.772,22.147],[86.752,22.144],[86.715,22.143],[86.717,22.164],[86.713,22.178],[86.723,22.215]]]]},"properties":{"ID_0":105,"ISO":"IND","NAME_0":"India","ID_1":26,"NAME_1":"Orissa","NL_NAME_1":null,"VARNAME_1":null,"TYPE_1":"State","ENGTYPE_1":"State"}},
{"type":"Feature","geometry":{"type":"MultiPolygon","coordinates":[[[[79.761,10.981],[79.743,10.985],[79.73,10.985],[79.732,10.975],[79.738,10.969],[79.74,10.966],[79.741,10.963],[79.74,10.956],[79.746,10.949],[79.74,10.944],[79.727,10.952],[79.715,10.953],[79.704,10.948],[79.716,10.938],[79.721,10.935],[79.708,10.923],[79.704,10.921],[79.71,10.919],[79.708,10.915],[79.709,10.914],[79.721,10.911],[79.72,10.906],[79.724,10.908],[79.726,10.907],[79.728,10.902],[79.743,10.899],[79.748,10.895],[79.754,10.887],[79.76,10.883],[79.773,10.89],[79.776,10.882],[79.77,10.878],[79.776,10.876],[79.785,10.874],[79.79,10.862],[79.807,10.853],[79.792,10.849],[79.793,10.839],[79.803,10.834],[79.808,10.831],[79.813,10.829],[79.814,10.818],[79.813,10.814],[79.836,10.812],[79.851,10.814],[79.853,10.831],[79.852,10.909],[79.854,10.918],[79.853,10.969],[79.851,10.976],[79.835,10.977],[79.834,10.977],[79.825,10.985],[79.81,10.982],[79.803,10.985],[79.796,10.983],[79.79,10.973],[79.774,10.977],[79.761,10.981]]],[[[79.706,11.977],[79.691,11.996],[79.692,12.017],[79.679,12.019],[79.669,12.007],[79.659,11.997],[79.652,11.998],[79.647,11.993],[79.642,11.976],[79.695,11.975],[79.695,11.961],[79.702,11.952],[79.683,11.947],[79.678,11.939],[79.684,11.927],[79.706,11.929],[79.704,11.913],[79.725,11.892],[79.708,11.874],[79.692,11.878],[79.692,11.898],[79.683,11.905],[79.68,11.879],[79.66,11.877],[79.659,11.866],[79.682,11.873],[79.696,11.873],[79.693,11.854],[79.707,11.847],[79.73,11.847],[79.744,11.86],[79.755,11.858],[79.754,11.842],[79.747,11.833],[79.76,11.823],[79.767,11.84],[79.786,11.838],[79.793,11.818],[79.8,11.808],[79.812,11.852],[79.824,11.882],[79.838,11.941],[79.825,11.94],[79.808,11.947],[79.805,11.963],[79.798,11.964],[79.792,11.957],[79.79,11.943],[79.776,11.946],[79.773,11.947],[79.769,11.941],[79.764,11.935],[79.748,11.929],[79.748,11.915],[79.741,11.907],[79.734,11.947],[79.714,11.955],[79.716,11.967],[79.718,11.969],[79.727,11.962],[79.745,11.971],[79.752,11.976],[79.75,11.986],[79.735,11.994],[79.729,11.986],[79.725,11.978],[79.717,11.975],[79.706,11.977]]],[[[75.378,12.146],[75.372,12.146],[75.367,12.135],[75.346,12.139],[75.325,12.145],[75.321,12.144],[75.311,12.136],[75.31,12.132],[75.311,12.125],[75.284,12.115],[75.278,12.102],[75.266,12.104],[75.256,12.109],[75.247,12.104],[75.241,12.109],[75.237,12.11],[75.221,12.101],[75.224,12.054],[75.227,12.044],[75.225,12.032],[75.231,12.024],[75.251,12.006],[75.288,11.956],[75.291,11.967],[75.283,11.985],[75.263,12.003],[75.268,12.025],[75.299,12.029],[75.312,12.049],[75.305,12.053],[75.301,12.058],[75.297,12.064],[75.315,12.088],[75.309,12.103],[75.32,12.107],[75.33,12.103],[75.336,12.099],[75.352,12.109],[75.369,12.121],[75.379,12.122],[75.382,12.129],[75.392,12.126],[75.402,12.134],[75.4,12.141],[75.389,12.146],[75.378,12.146]]],[[[82.285,16.698],[82.266,16.703],[82.259,16.69],[82.285,16.698]]],[[[82.3,16.714],[82.303,16.723],[82.298,16.74],[82.289,16.741],[82.281,16.723],[82.264,16.719],[82.22,16.718],[82.21,16.731],[82.197,16.736],[82.179,16.716],[82.194,16.708],[82.215,16.71],[82.247,16.691],[82.258,16.69],[82.243,16.708],[82.253,16.718],[82.272,16.708],[82.291,16.707],[82.299,16.714],[82.3,16.714]]]]},"properties":{"ID_0":105,"ISO":"IND","NAME_0":"India","ID_1":27,"NAME_1":"Puducherry","NL_NAME_1":null,"VARNAME_1":"Pondicherry|Puduchcheri|Pondichry","TYPE_1":"Union Territor","ENGTYPE_1":"Union Territory"}},
{"type":"Feature","geometry":{"type":"Polygon","coordinates":[[[76.77,30.906],[76.754,30.918],[76.749,30.929],[76.726,30.939],[76.724,30.951],[76.713,30.963],[76.694,30.972],[76.668,30.97],[76.653,30.982],[76.626,30.992],[76.61,31.004],[76.614,31.022],[76.605,31.034],[76.599,31.054],[76.61,31.061],[76.605,31.078],[76.612,31.096],[76.626,31.11],[76.624,31.118],[76.607,31.12],[76.589,31.128],[76.599,31.151],[76.59,31.157],[76.59,31.183],[76.612,31.203],[76.635,31.213],[76.616,31.229],[76.587,31.216],[76.576,31.226],[76.585,31.24],[76.602,31.251],[76.571,31.28],[76.546,31.256],[76.535,31.255],[76.528,31.27],[76.511,31.283],[76.489,31.273],[76.467,31.31],[76.448,31.306],[76.428,31.325],[76.391,31.379],[76.379,31.391],[76.39,31.397],[76.363,31.441],[76.357,31.43],[76.359,31.416],[76.347,31.406],[76.316,31.402],[76.318,31.381],[76.33,31.38],[76.33,31.345],[76.316,31.347],[76.296,31.342],[76.302,31.326],[76.29,31.316],[76.261,31.306],[76.256,31.315],[76.223,31.313],[76.206,31.305],[76.173,31.307],[76.166,31.326],[76.166,31.341],[76.14,31.353],[76.134,31.383],[76.157,31.405],[76.143,31.432],[76.128,31.444],[76.115,31.474],[76.108,31.495],[76.091,31.519],[76.084,31.537],[76.043,31.592],[76.044,31.603],[76.023,31.615],[76.003,31.647],[76.005,31.663],[75.995,31.682],[75.976,31.695],[75.977,31.705],[75.945,31.781],[75.936,31.784],[75.922,31.817],[75.953,31.824],[75.95,31.848],[75.913,31.917],[75.896,31.94],[75.895,31.95],[75.866,31.969],[75.842,31.974],[75.836,31.982],[75.795,31.989],[75.774,32.001],[75.748,32.027],[75.734,32.037],[75.71,32.036],[75.7,32.044],[75.692,32.059],[75.649,32.077],[75.599,32.066],[75.579,32.082],[75.611,32.1],[75.655,32.146],[75.662,32.165],[75.656,32.177],[75.62,32.185],[75.618,32.197],[75.623,32.235],[75.652,32.255],[75.676,32.264],[75.736,32.274],[75.755,32.286],[75.763,32.302],[75.844,32.379],[75.872,32.398],[75.926,32.412],[75.935,32.425],[75.915,32.449],[75.895,32.462],[75.887,32.472],[75.855,32.5],[75.851,32.521],[75.856,32.538],[75.87,32.559],[75.873,32.576],[75.838,32.538],[75.825,32.509],[75.804,32.487],[75.779,32.475],[75.746,32.476],[75.73,32.445],[75.712,32.418],[75.685,32.401],[75.648,32.389],[75.593,32.382],[75.545,32.361],[75.524,32.34],[75.516,32.298],[75.505,32.28],[75.49,32.288],[75.49,32.31],[75.468,32.318],[75.474,32.339],[75.433,32.327],[75.415,32.324],[75.379,32.329],[75.332,32.345],[75.322,32.337],[75.337,32.323],[75.334,32.304],[75.34,32.289],[75.367,32.269],[75.359,32.259],[75.364,32.238],[75.359,32.227],[75.346,32.218],[75.318,32.218],[75.323,32.201],[75.317,32.193],[75.318,32.171],[75.309,32.155],[75.283,32.142],[75.277,32.135],[75.272,32.113],[75.239,32.087],[75.224,32.091],[75.225,32.107],[75.212,32.119],[75.193,32.115],[75.194,32.101],[75.185,32.084],[75.158,32.068],[75.152,32.08],[75.12,32.083],[75.086,32.063],[75.069,32.058],[75.051,32.041],[75.023,32.039],[74.998,32.029],[74.977,32.042],[74.968,32.042],[74.96,32.055],[74.926,32.066],[74.907,32.063],[74.9,32.05],[74.879,32.052],[74.862,32.045],[74.868,32.031],[74.852,32.022],[74.844,32.008],[74.828,32.005],[74.818,31.994],[74.82,31.976],[74.81,31.956],[74.801,31.962],[74.769,31.952],[74.736,31.937],[74.727,31.942],[74.718,31.958],[74.709,31.958],[74.703,31.925],[74.676,31.922],[74.652,31.91],[74.651,31.898],[74.638,31.897],[74.623,31.881],[74.598,31.884],[74.596,31.865],[74.556,31.829],[74.56,31.815],[74.549,31.799],[74.555,31.79],[74.544,31.776],[74.552,31.757],[74.545,31.75],[74.518,31.745],[74.517,31.723],[74.53,31.698],[74.578,31.623],[74.601,31.568],[74.605,31.541],[74.599,31.528],[74.573,31.52],[74.572,31.506],[74.58,31.496],[74.595,31.5],[74.604,31.49],[74.642,31.462],[74.625,31.424],[74.595,31.397],[74.552,31.298],[74.53,31.299],[74.511,31.272],[74.522,31.248],[74.511,31.223],[74.515,31.209],[74.509,31.186],[74.501,31.18],[74.506,31.136],[74.536,31.125],[74.544,31.117],[74.546,31.089],[74.566,31.084],[74.588,31.093],[74.596,31.091],[74.6,31.111],[74.592,31.127],[74.626,31.136],[74.625,31.123],[74.653,31.135],[74.664,31.127],[74.679,31.129],[74.691,31.116],[74.694,31.095],[74.684,31.086],[74.683,31.072],[74.672,31.062],[74.656,31.055],[74.634,31.053],[74.623,31.047],[74.6,31.044],[74.572,31.067],[74.553,31.063],[74.55,31.043],[74.538,31.032],[74.532,31.009],[74.539,30.997],[74.504,30.978],[74.497,30.967],[74.485,30.97],[74.471,30.966],[74.446,30.949],[74.421,30.926],[74.419,30.912],[74.395,30.904],[74.383,30.892],[74.366,30.885],[74.362,30.872],[74.372,30.853],[74.363,30.846],[74.331,30.852],[74.316,30.848],[74.308,30.821],[74.286,30.797],[74.299,30.786],[74.291,30.778],[74.265,30.773],[74.274,30.743],[74.268,30.731],[74.254,30.723],[74.232,30.72],[74.197,30.672],[74.151,30.633],[74.124,30.629],[74.105,30.607],[74.092,30.598],[74.091,30.573],[74.068,30.555],[74.084,30.545],[74.078,30.529],[74.067,30.52],[74.056,30.522],[74.04,30.538],[74.026,30.525],[73.989,30.505],[73.973,30.488],[73.963,30.458],[73.947,30.462],[73.932,30.458],[73.937,30.443],[73.928,30.421],[73.903,30.417],[73.894,30.402],[73.873,30.383],[73.876,30.361],[73.897,30.349],[73.934,30.303],[73.947,30.275],[73.958,30.262],[73.964,30.231],[73.966,30.195],[73.961,30.143],[73.962,30.128],[73.943,30.099],[73.918,30.068],[73.898,30.054],[73.886,30.017],[73.881,29.996],[73.891,29.97],[73.933,29.971],[74.069,29.969],[74.186,29.96],[74.224,29.96],[74.252,29.955],[74.29,29.956],[74.356,29.95],[74.404,29.947],[74.428,29.95],[74.467,29.945],[74.519,29.943],[74.53,29.945],[74.549,29.933],[74.573,29.926],[74.586,29.915],[74.64,29.904],[74.64,29.922],[74.649,29.931],[74.681,29.949],[74.683,29.961],[74.696,29.972],[74.724,29.962],[74.737,29.969],[74.776,29.974],[74.801,29.993],[74.817,29.985],[74.821,29.973],[74.85,29.959],[74.872,29.959],[74.881,29.968],[74.894,29.953],[74.894,29.939],[74.916,29.949],[74.924,29.942],[74.943,29.903],[74.97,29.89],[74.969,29.881],[74.99,29.856],[75.006,29.868],[75.014,29.865],[75.037,29.882],[75.052,29.875],[75.065,29.879],[75.078,29.912],[75.085,29.915],[75.103,29.897],[75.101,29.868],[75.085,29.859],[75.086,29.845],[75.104,29.838],[75.107,29.827],[75.093,29.819],[75.09,29.807],[75.102,29.803],[75.125,29.806],[75.131,29.785],[75.142,29.777],[75.15,29.792],[75.155,29.82],[75.175,29.83],[75.182,29.839],[75.201,29.83],[75.198,29.796],[75.212,29.787],[75.217,29.771],[75.231,29.752],[75.221,29.733],[75.198,29.731],[75.187,29.712],[75.198,29.696],[75.189,29.681],[75.159,29.669],[75.158,29.663],[75.173,29.649],[75.173,29.63],[75.185,29.623],[75.199,29.623],[75.221,29.607],[75.223,29.599],[75.211,29.582],[75.228,29.559],[75.238,29.552],[75.275,29.561],[75.291,29.562],[75.303,29.579],[75.305,29.588],[75.28,29.603],[75.288,29.62],[75.308,29.633],[75.318,29.671],[75.346,29.671],[75.334,29.688],[75.362,29.713],[75.379,29.711],[75.384,29.734],[75.397,29.749],[75.397,29.761],[75.41,29.775],[75.42,29.774],[75.444,29.786],[75.435,29.799],[75.444,29.808],[75.506,29.774],[75.512,29.76],[75.53,29.773],[75.556,29.766],[75.563,29.744],[75.593,29.749],[75.613,29.746],[75.623,29.754],[75.625,29.773],[75.641,29.771],[75.656,29.776],[75.666,29.773],[75.678,29.757],[75.697,29.755],[75.706,29.809],[75.71,29.812],[75.748,29.812],[75.772,29.825],[75.796,29.807],[75.82,29.815],[75.844,29.776],[75.855,29.77],[75.864,29.752],[75.879,29.747],[75.897,29.756],[75.914,29.739],[75.934,29.733],[75.973,29.732],[76.004,29.751],[76.024,29.756],[76.041,29.749],[76.058,29.773],[76.074,29.781],[76.078,29.806],[76.094,29.812],[76.116,29.796],[76.139,29.817],[76.167,29.818],[76.186,29.831],[76.194,29.845],[76.211,29.843],[76.212,29.853],[76.229,29.855],[76.242,29.869],[76.225,29.885],[76.197,29.884],[76.183,29.894],[76.182,29.923],[76.166,29.929],[76.179,29.946],[76.204,29.944],[76.195,29.966],[76.199,29.973],[76.189,30.004],[76.193,30.019],[76.209,30.023],[76.199,30.035],[76.23,30.081],[76.254,30.106],[76.231,30.109],[76.205,30.128],[76.213,30.137],[76.203,30.153],[76.211,30.156],[76.251,30.119],[76.28,30.114],[76.293,30.119],[76.313,30.109],[76.328,30.11],[76.349,30.128],[76.326,30.149],[76.348,30.151],[76.364,30.128],[76.375,30.124],[76.39,30.128],[76.385,30.146],[76.402,30.158],[76.381,30.183],[76.399,30.199],[76.42,30.198],[76.429,30.18],[76.422,30.164],[76.426,30.148],[76.444,30.123],[76.452,30.101],[76.491,30.097],[76.501,30.077],[76.534,30.083],[76.555,30.099],[76.566,30.096],[76.59,30.079],[76.601,30.08],[76.619,30.095],[76.628,30.11],[76.629,30.135],[76.623,30.145],[76.628,30.155],[76.623,30.17],[76.639,30.185],[76.639,30.206],[76.604,30.215],[76.612,30.226],[76.59,30.254],[76.576,30.256],[76.548,30.234],[76.546,30.259],[76.581,30.27],[76.614,30.275],[76.651,30.299],[76.662,30.3],[76.671,30.319],[76.698,30.325],[76.724,30.344],[76.739,30.36],[76.718,30.377],[76.705,30.381],[76.7,30.394],[76.727,30.405],[76.725,30.42],[76.749,30.427],[76.764,30.425],[76.781,30.415],[76.808,30.412],[76.832,30.434],[76.847,30.415],[76.865,30.409],[76.866,30.395],[76.88,30.383],[76.876,30.363],[76.898,30.363],[76.917,30.383],[76.927,30.389],[76.926,30.402],[76.909,30.403],[76.902,30.428],[76.89,30.437],[76.895,30.456],[76.894,30.49],[76.912,30.494],[76.92,30.525],[76.885,30.54],[76.902,30.551],[76.899,30.567],[76.913,30.6],[76.902,30.608],[76.9,30.62],[76.884,30.627],[76.873,30.64],[76.859,30.641],[76.863,30.672],[76.855,30.673],[76.819,30.661],[76.82,30.686],[76.811,30.685],[76.806,30.68],[76.794,30.669],[76.745,30.69],[76.738,30.689],[76.733,30.697],[76.725,30.704],[76.727,30.708],[76.715,30.713],[76.715,30.715],[76.71,30.735],[76.693,30.757],[76.691,30.76],[76.708,30.77],[76.718,30.769],[76.729,30.776],[76.735,30.783],[76.738,30.79],[76.74,30.791],[76.746,30.795],[76.751,30.797],[76.768,30.795],[76.776,30.784],[76.773,30.783],[76.781,30.774],[76.796,30.786],[76.802,30.782],[76.803,30.778],[76.793,30.767],[76.828,30.764],[76.847,30.793],[76.834,30.805],[76.828,30.833],[76.801,30.843],[76.769,30.877],[76.763,30.893],[76.77,30.906]]]},"properties":{"ID_0":105,"ISO":"IND","NAME_0":"India","ID_1":28,"NAME_1":"Punjab","NL_NAME_1":null,"VARNAME_1":null,"TYPE_1":"State","ENGTYPE_1":"State"}},
{"type":"Feature","geometry":{"type":"Polygon","coordinates":[[[74.519,29.943],[74.467,29.945],[74.428,29.95],[74.404,29.947],[74.356,29.95],[74.29,29.956],[74.252,29.955],[74.224,29.96],[74.186,29.96],[74.069,29.969],[73.933,29.971],[73.891,29.97],[73.881,29.996],[73.886,30.017],[73.898,30.054],[73.918,30.068],[73.943,30.099],[73.962,30.128],[73.961,30.143],[73.966,30.195],[73.958,30.186],[73.923,30.168],[73.883,30.139],[73.838,30.109],[73.794,30.07],[73.754,30.057],[73.709,30.047],[73.653,30.031],[73.611,30.022],[73.562,30.006],[73.533,29.994],[73.413,29.949],[73.391,29.938],[73.385,29.926],[73.366,29.853],[73.359,29.836],[73.34,29.769],[73.312,29.686],[73.298,29.634],[73.286,29.605],[73.271,29.557],[73.222,29.479],[73.202,29.442],[73.191,29.429],[73.171,29.389],[73.147,29.35],[73.137,29.329],[73.078,29.233],[73.036,29.188],[73,29.147],[72.954,29.053],[72.944,29.03],[72.928,29.02],[72.741,28.948],[72.711,28.935],[72.651,28.903],[72.588,28.866],[72.552,28.848],[72.52,28.829],[72.485,28.81],[72.447,28.793],[72.403,28.778],[72.385,28.764],[72.326,28.699],[72.302,28.665],[72.209,28.4],[72.184,28.358],[72.156,28.337],[72.126,28.304],[72.019,28.227],[71.996,28.207],[71.966,28.165],[71.943,28.14],[71.931,28.122],[71.912,28.048],[71.912,28.026],[71.902,27.969],[71.897,27.957],[71.859,27.941],[71.766,27.91],[71.698,27.883],[71.658,27.869],[71.604,27.868],[71.587,27.87],[71.531,27.865],[71.41,27.866],[71.381,27.862],[71.273,27.842],[71.23,27.829],[71.209,27.824],[71.174,27.812],[71.087,27.777],[71.07,27.768],[71.034,27.757],[70.952,27.72],[70.907,27.701],[70.884,27.698],[70.858,27.702],[70.819,27.704],[70.758,27.717],[70.738,27.742],[70.689,27.819],[70.678,27.839],[70.673,27.87],[70.672,27.914],[70.661,27.931],[70.599,27.988],[70.563,28.02],[70.53,28.032],[70.51,28.036],[70.479,28.034],[70.432,28.022],[70.366,28.008],[70.336,27.983],[70.303,27.946],[70.281,27.93],[70.208,27.885],[70.181,27.856],[70.157,27.834],[70.108,27.767],[70.051,27.635],[70.025,27.57],[70.016,27.556],[69.936,27.502],[69.908,27.46],[69.862,27.403],[69.813,27.36],[69.725,27.295],[69.699,27.278],[69.666,27.251],[69.587,27.178],[69.565,27.138],[69.537,27.069],[69.513,27.017],[69.504,26.943],[69.501,26.9],[69.486,26.823],[69.484,26.806],[69.508,26.748],[69.522,26.736],[69.575,26.716],[69.608,26.7],[69.722,26.654],[69.743,26.638],[69.772,26.614],[69.795,26.6],[69.815,26.592],[69.856,26.583],[69.879,26.581],[69.918,26.583],[69.955,26.587],[70.025,26.599],[70.066,26.599],[70.107,26.59],[70.15,26.568],[70.168,26.551],[70.179,26.514],[70.184,26.487],[70.176,26.433],[70.179,26.375],[70.178,26.35],[70.167,26.307],[70.165,26.277],[70.173,26.245],[70.159,26.194],[70.145,26.166],[70.094,26.097],[70.083,26.074],[70.08,26.058],[70.087,26.031],[70.091,25.997],[70.091,25.965],[70.096,25.944],[70.107,25.924],[70.165,25.844],[70.178,25.819],[70.203,25.805],[70.224,25.788],[70.245,25.766],[70.261,25.742],[70.272,25.709],[70.285,25.699],[70.375,25.668],[70.4,25.664],[70.425,25.67],[70.49,25.676],[70.533,25.676],[70.566,25.686],[70.602,25.703],[70.617,25.707],[70.647,25.707],[70.666,25.697],[70.676,25.68],[70.681,25.661],[70.677,25.589],[70.676,25.524],[70.688,25.518],[70.68,25.447],[70.68,25.417],[70.674,25.389],[70.723,25.345],[70.744,25.321],[70.759,25.275],[70.766,25.265],[70.796,25.24],[70.809,25.224],[70.856,25.182],[70.894,25.144],[70.905,25.095],[70.914,25.046],[70.926,24.995],[70.945,24.935],[70.956,24.914],[70.979,24.89],[71.004,24.853],[71.035,24.799],[71.05,24.761],[71.063,24.739],[71.073,24.712],[71.1,24.683],[71.107,24.681],[71.119,24.669],[71.172,24.649],[71.207,24.64],[71.242,24.627],[71.261,24.621],[71.298,24.608],[71.326,24.643],[71.357,24.654],[71.368,24.627],[71.381,24.621],[71.4,24.627],[71.407,24.635],[71.422,24.638],[71.451,24.659],[71.474,24.663],[71.488,24.674],[71.523,24.675],[71.537,24.679],[71.551,24.671],[71.583,24.677],[71.598,24.664],[71.617,24.671],[71.645,24.653],[71.65,24.64],[71.662,24.633],[71.686,24.64],[71.716,24.654],[71.746,24.654],[71.785,24.669],[71.799,24.671],[71.813,24.661],[71.817,24.646],[71.812,24.622],[71.821,24.617],[71.847,24.615],[71.858,24.604],[71.869,24.623],[71.863,24.649],[71.871,24.672],[71.881,24.676],[71.894,24.666],[71.912,24.67],[71.926,24.662],[71.919,24.646],[71.935,24.627],[71.967,24.638],[71.993,24.657],[71.994,24.678],[72.007,24.686],[72.041,24.695],[72.052,24.706],[72.085,24.697],[72.092,24.675],[72.082,24.668],[72.085,24.653],[72.117,24.633],[72.151,24.634],[72.162,24.616],[72.186,24.609],[72.216,24.62],[72.23,24.633],[72.249,24.621],[72.275,24.622],[72.294,24.613],[72.315,24.609],[72.331,24.612],[72.34,24.623],[72.354,24.618],[72.342,24.594],[72.314,24.585],[72.3,24.6],[72.277,24.599],[72.251,24.58],[72.272,24.55],[72.29,24.558],[72.295,24.538],[72.332,24.542],[72.334,24.556],[72.358,24.553],[72.386,24.501],[72.398,24.5],[72.421,24.508],[72.442,24.504],[72.448,24.493],[72.439,24.479],[72.437,24.461],[72.456,24.438],[72.464,24.421],[72.465,24.407],[72.487,24.405],[72.508,24.41],[72.51,24.418],[72.501,24.45],[72.512,24.447],[72.514,24.465],[72.542,24.505],[72.574,24.488],[72.589,24.473],[72.659,24.456],[72.693,24.46],[72.693,24.419],[72.707,24.391],[72.733,24.361],[72.749,24.358],[72.773,24.361],[72.815,24.358],[72.829,24.365],[72.868,24.366],[72.901,24.351],[72.924,24.326],[72.934,24.336],[72.946,24.339],[72.977,24.359],[72.991,24.364],[72.987,24.375],[72.964,24.392],[72.991,24.421],[72.981,24.451],[73.013,24.482],[73.022,24.465],[73.051,24.465],[73.057,24.473],[73.094,24.495],[73.099,24.473],[73.107,24.457],[73.106,24.42],[73.097,24.417],[73.085,24.394],[73.098,24.386],[73.111,24.387],[73.127,24.369],[73.145,24.363],[73.162,24.353],[73.18,24.351],[73.19,24.356],[73.211,24.375],[73.231,24.365],[73.216,24.35],[73.211,24.334],[73.187,24.335],[73.185,24.309],[73.173,24.301],[73.151,24.311],[73.145,24.308],[73.139,24.28],[73.116,24.263],[73.101,24.238],[73.111,24.231],[73.092,24.221],[73.083,24.185],[73.117,24.153],[73.123,24.14],[73.147,24.123],[73.172,24.111],[73.2,24.108],[73.224,24.098],[73.209,24.067],[73.201,24.057],[73.201,24.045],[73.223,24.032],[73.229,24.024],[73.253,24.011],[73.275,24.028],[73.291,24.027],[73.307,24.051],[73.327,24.063],[73.335,24.083],[73.332,24.104],[73.335,24.115],[73.37,24.112],[73.37,24.088],[73.397,24.073],[73.414,24.051],[73.409,24.016],[73.411,23.998],[73.421,23.975],[73.419,23.954],[73.42,23.923],[73.408,23.916],[73.396,23.917],[73.386,23.906],[73.36,23.855],[73.37,23.839],[73.373,23.822],[73.361,23.792],[73.376,23.767],[73.39,23.769],[73.4,23.784],[73.42,23.779],[73.432,23.762],[73.451,23.753],[73.455,23.74],[73.473,23.726],[73.479,23.709],[73.502,23.707],[73.51,23.697],[73.511,23.673],[73.507,23.658],[73.512,23.645],[73.501,23.635],[73.513,23.617],[73.527,23.611],[73.553,23.631],[73.571,23.654],[73.609,23.654],[73.619,23.651],[73.642,23.631],[73.661,23.623],[73.65,23.608],[73.65,23.575],[73.638,23.563],[73.637,23.531],[73.658,23.514],[73.658,23.504],[73.644,23.497],[73.641,23.473],[73.633,23.452],[73.653,23.44],[73.669,23.452],[73.694,23.459],[73.704,23.456],[73.717,23.419],[73.726,23.413],[73.734,23.425],[73.765,23.459],[73.783,23.435],[73.794,23.436],[73.827,23.447],[73.836,23.431],[73.867,23.396],[73.879,23.368],[73.895,23.353],[73.894,23.337],[73.914,23.336],[73.939,23.341],[73.947,23.374],[73.962,23.381],[73.971,23.377],[73.983,23.36],[73.991,23.338],[74.033,23.332],[74.03,23.32],[74.049,23.295],[74.09,23.298],[74.107,23.294],[74.114,23.277],[74.13,23.273],[74.136,23.265],[74.139,23.227],[74.125,23.207],[74.123,23.192],[74.127,23.179],[74.146,23.175],[74.155,23.158],[74.183,23.152],[74.19,23.172],[74.208,23.192],[74.25,23.178],[74.262,23.172],[74.272,23.156],[74.28,23.13],[74.288,23.119],[74.283,23.095],[74.31,23.08],[74.323,23.063],[74.348,23.071],[74.36,23.08],[74.361,23.09],[74.391,23.112],[74.414,23.111],[74.433,23.106],[74.445,23.093],[74.467,23.085],[74.512,23.089],[74.514,23.096],[74.535,23.102],[74.548,23.118],[74.546,23.132],[74.608,23.145],[74.626,23.163],[74.655,23.182],[74.669,23.201],[74.688,23.197],[74.716,23.195],[74.746,23.212],[74.751,23.23],[74.719,23.219],[74.703,23.22],[74.696,23.229],[74.722,23.243],[74.701,23.272],[74.673,23.275],[74.652,23.261],[74.632,23.263],[74.627,23.276],[74.615,23.285],[74.587,23.284],[74.577,23.297],[74.567,23.298],[74.558,23.285],[74.549,23.287],[74.536,23.31],[74.534,23.323],[74.52,23.332],[74.543,23.339],[74.546,23.364],[74.56,23.364],[74.572,23.383],[74.573,23.419],[74.598,23.43],[74.613,23.452],[74.613,23.461],[74.659,23.467],[74.669,23.484],[74.681,23.485],[74.687,23.496],[74.711,23.506],[74.734,23.501],[74.742,23.519],[74.764,23.525],[74.774,23.543],[74.796,23.546],[74.803,23.534],[74.83,23.55],[74.851,23.557],[74.869,23.575],[74.875,23.59],[74.886,23.606],[74.906,23.623],[74.922,23.622],[74.94,23.63],[74.939,23.643],[74.931,23.648],[74.924,23.669],[74.91,23.677],[74.91,23.688],[74.923,23.697],[74.924,23.719],[74.941,23.735],[74.932,23.758],[74.94,23.766],[74.928,23.798],[74.91,23.801],[74.916,23.846],[74.905,23.868],[74.915,23.912],[74.941,23.961],[74.963,23.974],[74.973,23.991],[74.972,24.004],[74.988,24.014],[74.993,24.03],[74.981,24.041],[74.979,24.072],[74.965,24.083],[74.96,24.11],[74.939,24.121],[74.937,24.139],[74.925,24.145],[74.928,24.157],[74.9,24.174],[74.897,24.187],[74.88,24.216],[74.887,24.225],[74.906,24.234],[74.894,24.262],[74.875,24.278],[74.853,24.27],[74.815,24.277],[74.79,24.272],[74.773,24.272],[74.755,24.279],[74.757,24.296],[74.784,24.317],[74.786,24.349],[74.785,24.367],[74.802,24.387],[74.812,24.409],[74.825,24.408],[74.827,24.424],[74.857,24.452],[74.857,24.463],[74.841,24.467],[74.834,24.46],[74.818,24.462],[74.825,24.479],[74.815,24.492],[74.792,24.493],[74.779,24.483],[74.757,24.489],[74.731,24.51],[74.716,24.508],[74.716,24.523],[74.729,24.535],[74.748,24.536],[74.749,24.552],[74.757,24.564],[74.748,24.597],[74.79,24.611],[74.783,24.637],[74.795,24.655],[74.817,24.672],[74.813,24.686],[74.776,24.686],[74.777,24.697],[74.79,24.727],[74.78,24.743],[74.803,24.755],[74.799,24.796],[74.81,24.796],[74.819,24.765],[74.835,24.732],[74.849,24.709],[74.85,24.699],[74.867,24.691],[74.873,24.669],[74.888,24.658],[74.902,24.656],[74.944,24.662],[74.965,24.695],[74.964,24.7],[75,24.708],[74.991,24.734],[74.993,24.753],[75.02,24.753],[75.021,24.773],[75.013,24.794],[74.998,24.798],[74.97,24.791],[74.929,24.795],[74.91,24.788],[74.905,24.797],[74.885,24.802],[74.878,24.813],[74.859,24.813],[74.858,24.795],[74.849,24.793],[74.838,24.808],[74.859,24.82],[74.856,24.853],[74.84,24.881],[74.838,24.897],[74.827,24.899],[74.824,24.94],[74.833,24.967],[74.853,24.975],[74.862,24.966],[74.867,24.937],[74.901,24.94],[74.913,24.928],[74.907,24.907],[74.913,24.899],[74.931,24.894],[74.949,24.895],[74.945,24.878],[74.964,24.874],[74.977,24.877],[75.013,24.874],[75.034,24.859],[75.043,24.859],[75.074,24.887],[75.09,24.88],[75.119,24.889],[75.115,24.912],[75.119,24.918],[75.116,24.965],[75.12,24.976],[75.134,24.975],[75.138,24.986],[75.164,24.992],[75.169,25.01],[75.165,25.022],[75.155,25.029],[75.159,25.045],[75.174,25.054],[75.201,25.034],[75.205,25.042],[75.227,25.039],[75.256,25.04],[75.278,25.045],[75.31,25.046],[75.35,25.042],[75.352,25.025],[75.329,25.018],[75.319,25.007],[75.323,24.982],[75.337,24.963],[75.325,24.938],[75.318,24.907],[75.303,24.931],[75.3,24.947],[75.29,24.952],[75.285,24.977],[75.276,24.977],[75.266,24.962],[75.276,24.94],[75.288,24.926],[75.267,24.914],[75.26,24.9],[75.261,24.89],[75.288,24.88],[75.294,24.871],[75.311,24.869],[75.326,24.887],[75.35,24.885],[75.372,24.878],[75.408,24.892],[75.424,24.893],[75.417,24.864],[75.4,24.855],[75.364,24.843],[75.344,24.833],[75.33,24.832],[75.313,24.814],[75.3,24.815],[75.298,24.826],[75.284,24.85],[75.271,24.856],[75.242,24.861],[75.25,24.896],[75.241,24.903],[75.223,24.89],[75.219,24.906],[75.208,24.898],[75.201,24.884],[75.228,24.848],[75.241,24.847],[75.252,24.837],[75.247,24.822],[75.217,24.82],[75.206,24.81],[75.203,24.789],[75.192,24.789],[75.187,24.76],[75.196,24.76],[75.217,24.722],[75.228,24.735],[75.25,24.729],[75.267,24.733],[75.304,24.721],[75.351,24.717],[75.364,24.71],[75.396,24.705],[75.452,24.693],[75.483,24.698],[75.506,24.709],[75.535,24.72],[75.552,24.714],[75.582,24.723],[75.613,24.688],[75.634,24.691],[75.659,24.702],[75.68,24.728],[75.742,24.76],[75.76,24.765],[75.786,24.766],[75.805,24.756],[75.839,24.73],[75.842,24.717],[75.828,24.668],[75.844,24.669],[75.849,24.653],[75.846,24.631],[75.828,24.613],[75.839,24.609],[75.853,24.614],[75.874,24.607],[75.876,24.591],[75.884,24.582],[75.911,24.577],[75.907,24.55],[75.925,24.538],[75.922,24.527],[75.909,24.515],[75.893,24.522],[75.891,24.51],[75.905,24.505],[75.912,24.492],[75.908,24.478],[75.909,24.456],[75.903,24.446],[75.861,24.423],[75.847,24.419],[75.829,24.423],[75.813,24.437],[75.815,24.465],[75.791,24.475],[75.786,24.458],[75.756,24.428],[75.755,24.409],[75.736,24.403],[75.74,24.389],[75.738,24.348],[75.756,24.327],[75.765,24.311],[75.781,24.309],[75.797,24.314],[75.813,24.301],[75.813,24.261],[75.826,24.243],[75.808,24.241],[75.805,24.23],[75.792,24.223],[75.774,24.221],[75.764,24.19],[75.751,24.162],[75.743,24.14],[75.762,24.141],[75.779,24.135],[75.79,24.11],[75.802,24.118],[75.812,24.103],[75.831,24.108],[75.833,24.096],[75.83,24.072],[75.78,24.062],[75.78,24.036],[75.771,24.012],[75.762,23.998],[75.738,23.995],[75.736,23.981],[75.723,23.973],[75.7,23.969],[75.695,23.986],[75.684,23.998],[75.686,24.018],[75.677,24.02],[75.669,24.034],[75.659,24.031],[75.641,24.018],[75.635,24],[75.597,23.999],[75.584,23.992],[75.569,23.999],[75.572,24.017],[75.532,24.031],[75.514,24.049],[75.492,24.005],[75.465,23.981],[75.456,23.921],[75.487,23.911],[75.504,23.892],[75.517,23.889],[75.538,23.877],[75.562,23.858],[75.569,23.835],[75.556,23.826],[75.566,23.816],[75.583,23.815],[75.583,23.8],[75.617,23.806],[75.624,23.801],[75.649,23.799],[75.659,23.789],[75.687,23.773],[75.698,23.788],[75.69,23.82],[75.713,23.816],[75.722,23.827],[75.716,23.846],[75.724,23.848],[75.728,23.865],[75.707,23.868],[75.698,23.877],[75.702,23.904],[75.728,23.902],[75.759,23.881],[75.762,23.857],[75.78,23.855],[75.794,23.874],[75.803,23.871],[75.853,23.894],[75.867,23.894],[75.879,23.885],[75.889,23.892],[75.921,23.904],[75.932,23.902],[75.948,23.922],[75.976,23.933],[75.981,23.943],[75.98,23.974],[75.96,23.997],[75.96,24.025],[75.973,24.031],[75.99,24.03],[76.027,24.05],[76.043,24.074],[76.064,24.078],[76.099,24.089],[76.105,24.096],[76.123,24.092],[76.135,24.095],[76.129,24.119],[76.137,24.131],[76.132,24.144],[76.131,24.169],[76.121,24.178],[76.123,24.205],[76.152,24.235],[76.154,24.244],[76.142,24.281],[76.15,24.292],[76.169,24.296],[76.172,24.316],[76.185,24.332],[76.206,24.311],[76.195,24.285],[76.204,24.269],[76.206,24.233],[76.216,24.217],[76.223,24.223],[76.248,24.228],[76.276,24.217],[76.287,24.218],[76.29,24.237],[76.318,24.251],[76.335,24.254],[76.353,24.249],[76.391,24.226],[76.412,24.21],[76.423,24.214],[76.424,24.227],[76.453,24.217],[76.463,24.229],[76.475,24.229],[76.479,24.218],[76.497,24.212],[76.508,24.2],[76.51,24.179],[76.523,24.163],[76.555,24.168],[76.58,24.181],[76.577,24.191],[76.566,24.201],[76.571,24.213],[76.597,24.23],[76.587,24.246],[76.614,24.242],[76.616,24.263],[76.64,24.262],[76.647,24.272],[76.658,24.268],[76.679,24.271],[76.693,24.285],[76.697,24.261],[76.702,24.249],[76.688,24.232],[76.677,24.211],[76.674,24.193],[76.684,24.189],[76.701,24.171],[76.721,24.162],[76.729,24.171],[76.755,24.172],[76.769,24.165],[76.791,24.126],[76.801,24.12],[76.815,24.127],[76.828,24.126],[76.856,24.139],[76.873,24.14],[76.886,24.132],[76.9,24.131],[76.911,24.177],[76.916,24.189],[76.933,24.187],[76.944,24.199],[76.919,24.221],[76.916,24.232],[76.897,24.247],[76.874,24.271],[76.864,24.29],[76.859,24.312],[76.845,24.328],[76.837,24.361],[76.849,24.368],[76.85,24.389],[76.842,24.409],[76.851,24.437],[76.841,24.443],[76.851,24.469],[76.847,24.488],[76.835,24.498],[76.815,24.534],[76.846,24.551],[76.866,24.549],[76.875,24.54],[76.876,24.526],[76.889,24.527],[76.9,24.548],[76.918,24.536],[76.915,24.488],[76.941,24.467],[76.96,24.46],[76.975,24.465],[76.98,24.475],[76.993,24.473],[77.024,24.501],[77.025,24.517],[77.032,24.529],[77.05,24.527],[77.053,24.544],[77.064,24.564],[77.064,24.585],[77.058,24.595],[77.061,24.611],[77.059,24.642],[77.037,24.683],[77.033,24.703],[77.019,24.715],[76.992,24.717],[76.972,24.732],[76.963,24.76],[76.946,24.764],[76.922,24.749],[76.903,24.746],[76.887,24.754],[76.861,24.749],[76.845,24.752],[76.847,24.77],[76.836,24.785],[76.816,24.804],[76.802,24.827],[76.838,24.841],[76.895,24.84],[76.927,24.85],[76.943,24.86],[76.949,24.873],[76.914,24.888],[76.913,24.897],[76.925,24.91],[76.907,24.923],[76.891,24.92],[76.893,24.935],[76.872,24.955],[76.866,24.972],[76.869,25.011],[76.877,25.016],[76.882,25.034],[76.901,25.034],[76.953,25.048],[76.969,25.056],[76.972,25.067],[76.984,25.078],[77.006,25.079],[77.018,25.072],[77.077,25.058],[77.09,25.066],[77.114,25.069],[77.128,25.089],[77.158,25.088],[77.17,25.114],[77.189,25.112],[77.197,25.117],[77.221,25.11],[77.262,25.119],[77.284,25.104],[77.303,25.084],[77.332,25.097],[77.349,25.098],[77.387,25.122],[77.391,25.188],[77.403,25.187],[77.418,25.193],[77.406,25.226],[77.392,25.231],[77.38,25.245],[77.363,25.25],[77.35,25.272],[77.367,25.285],[77.375,25.306],[77.364,25.333],[77.349,25.324],[77.344,25.337],[77.356,25.368],[77.344,25.388],[77.361,25.413],[77.354,25.424],[77.344,25.422],[77.305,25.436],[77.283,25.424],[77.26,25.399],[77.226,25.379],[77.22,25.373],[77.218,25.331],[77.198,25.331],[77.2,25.319],[77.191,25.312],[77.173,25.315],[77.154,25.313],[77.116,25.335],[77.075,25.34],[77.063,25.324],[77.039,25.325],[77.024,25.301],[76.993,25.302],[76.959,25.297],[76.953,25.279],[76.929,25.279],[76.929,25.297],[76.905,25.318],[76.893,25.322],[76.843,25.331],[76.773,25.316],[76.76,25.323],[76.767,25.336],[76.74,25.348],[76.715,25.342],[76.703,25.348],[76.681,25.345],[76.658,25.361],[76.636,25.38],[76.625,25.375],[76.603,25.389],[76.589,25.431],[76.564,25.442],[76.56,25.473],[76.542,25.497],[76.538,25.51],[76.52,25.53],[76.522,25.55],[76.51,25.58],[76.516,25.607],[76.515,25.634],[76.499,25.648],[76.511,25.673],[76.489,25.683],[76.478,25.695],[76.482,25.718],[76.503,25.729],[76.527,25.731],[76.53,25.744],[76.522,25.766],[76.529,25.798],[76.549,25.825],[76.567,25.84],[76.585,25.868],[76.597,25.876],[76.617,25.871],[76.632,25.875],[76.641,25.906],[76.674,25.912],[76.715,25.901],[76.733,25.903],[76.762,25.922],[76.753,25.932],[76.761,25.943],[76.777,25.939],[76.795,25.944],[76.806,25.953],[76.819,25.971],[76.818,25.984],[76.837,26.002],[76.84,26.011],[76.83,26.03],[76.87,26.056],[76.888,26.093],[76.906,26.101],[76.939,26.106],[76.994,26.138],[77.005,26.159],[77.024,26.176],[77.053,26.186],[77.085,26.187],[77.096,26.195],[77.114,26.231],[77.13,26.24],[77.158,26.239],[77.165,26.245],[77.194,26.236],[77.238,26.263],[77.267,26.276],[77.29,26.296],[77.308,26.315],[77.318,26.346],[77.335,26.357],[77.366,26.372],[77.386,26.362],[77.402,26.369],[77.432,26.365],[77.44,26.379],[77.426,26.396],[77.428,26.407],[77.475,26.415],[77.506,26.413],[77.523,26.415],[77.537,26.423],[77.551,26.441],[77.569,26.443],[77.579,26.451],[77.599,26.454],[77.615,26.466],[77.627,26.483],[77.655,26.497],[77.671,26.51],[77.695,26.501],[77.714,26.504],[77.727,26.515],[77.739,26.543],[77.767,26.553],[77.798,26.55],[77.813,26.555],[77.825,26.573],[77.82,26.6],[77.842,26.615],[77.879,26.62],[77.889,26.633],[77.891,26.655],[77.904,26.666],[77.94,26.663],[77.969,26.677],[77.992,26.703],[78.012,26.7],[78.032,26.691],[78.049,26.69],[78.075,26.678],[78.088,26.687],[78.087,26.724],[78.089,26.738],[78.112,26.75],[78.111,26.762],[78.096,26.772],[78.095,26.789],[78.106,26.801],[78.119,26.803],[78.146,26.792],[78.176,26.791],[78.179,26.801],[78.161,26.827],[78.173,26.833],[78.192,26.83],[78.21,26.836],[78.214,26.849],[78.204,26.856],[78.19,26.883],[78.205,26.877],[78.227,26.883],[78.23,26.894],[78.248,26.901],[78.26,26.916],[78.261,26.932],[78.233,26.934],[78.216,26.954],[78.208,26.94],[78.19,26.947],[78.139,26.957],[78.115,26.955],[78.113,26.927],[78.095,26.929],[78.103,26.91],[78.087,26.902],[78.061,26.916],[78.042,26.915],[78.044,26.885],[78.035,26.875],[78.018,26.882],[78.022,26.89],[78.014,26.908],[77.992,26.911],[77.975,26.898],[77.963,26.913],[77.942,26.9],[77.929,26.913],[77.91,26.914],[77.903,26.901],[77.89,26.889],[77.871,26.906],[77.836,26.92],[77.815,26.923],[77.805,26.929],[77.789,26.922],[77.765,26.938],[77.753,26.938],[77.749,26.927],[77.724,26.923],[77.711,26.903],[77.721,26.893],[77.716,26.881],[77.672,26.874],[77.657,26.856],[77.625,26.847],[77.616,26.848],[77.609,26.835],[77.572,26.832],[77.565,26.825],[77.547,26.822],[77.536,26.825],[77.521,26.822],[77.512,26.828],[77.514,26.845],[77.498,26.848],[77.489,26.809],[77.481,26.788],[77.493,26.767],[77.48,26.754],[77.448,26.747],[77.464,26.77],[77.451,26.781],[77.429,26.77],[77.429,26.786],[77.439,26.819],[77.417,26.843],[77.426,26.853],[77.422,26.867],[77.451,26.875],[77.455,26.89],[77.482,26.904],[77.519,26.915],[77.58,26.931],[77.642,26.967],[77.66,26.968],[77.67,26.977],[77.692,26.979],[77.715,26.992],[77.736,26.988],[77.745,27.013],[77.736,27.034],[77.722,27.026],[77.722,27],[77.704,27],[77.694,27.02],[77.682,27.033],[77.684,27.045],[77.671,27.049],[77.657,27.023],[77.634,27.027],[77.627,27.016],[77.616,27.027],[77.599,27.029],[77.575,27.042],[77.561,27.036],[77.559,27.049],[77.567,27.06],[77.566,27.078],[77.546,27.081],[77.527,27.067],[77.514,27.07],[77.518,27.088],[77.502,27.099],[77.514,27.108],[77.529,27.104],[77.544,27.116],[77.597,27.129],[77.592,27.14],[77.607,27.154],[77.605,27.168],[77.615,27.175],[77.631,27.17],[77.655,27.176],[77.673,27.2],[77.657,27.213],[77.642,27.215],[77.644,27.239],[77.623,27.264],[77.613,27.26],[77.607,27.273],[77.609,27.288],[77.592,27.301],[77.614,27.315],[77.616,27.338],[77.593,27.338],[77.575,27.327],[77.568,27.333],[77.543,27.342],[77.509,27.368],[77.497,27.381],[77.476,27.388],[77.467,27.384],[77.432,27.399],[77.427,27.417],[77.415,27.425],[77.421,27.447],[77.43,27.462],[77.415,27.466],[77.407,27.476],[77.394,27.482],[77.392,27.502],[77.376,27.519],[77.352,27.52],[77.34,27.525],[77.333,27.539],[77.33,27.571],[77.35,27.593],[77.335,27.602],[77.326,27.597],[77.311,27.612],[77.342,27.653],[77.335,27.681],[77.334,27.708],[77.324,27.713],[77.302,27.713],[77.296,27.73],[77.311,27.737],[77.301,27.756],[77.304,27.788],[77.295,27.8],[77.276,27.807],[77.262,27.816],[77.253,27.798],[77.235,27.786],[77.222,27.798],[77.207,27.801],[77.194,27.822],[77.187,27.815],[77.189,27.798],[77.176,27.787],[77.162,27.791],[77.181,27.809],[77.172,27.816],[77.15,27.812],[77.154,27.802],[77.147,27.787],[77.122,27.788],[77.101,27.785],[77.072,27.81],[77.056,27.811],[77.038,27.82],[77.024,27.798],[77.023,27.787],[77.039,27.775],[77.05,27.761],[77.062,27.766],[77.071,27.759],[77.078,27.737],[77.053,27.728],[77.032,27.748],[76.994,27.742],[76.979,27.706],[76.97,27.657],[76.934,27.675],[76.924,27.661],[76.909,27.657],[76.892,27.68],[76.895,27.69],[76.915,27.701],[76.903,27.716],[76.889,27.72],[76.884,27.731],[76.891,27.742],[76.896,27.786],[76.907,27.808],[76.9,27.821],[76.908,27.836],[76.927,27.834],[76.93,27.855],[76.925,27.877],[76.926,27.894],[76.938,27.896],[76.939,27.919],[76.919,27.925],[76.92,27.953],[76.925,27.978],[76.919,27.998],[76.927,28.013],[76.932,28.042],[76.947,28.071],[76.962,28.144],[76.942,28.149],[76.884,28.192],[76.9,28.205],[76.887,28.21],[76.866,28.212],[76.864,28.225],[76.833,28.225],[76.824,28.215],[76.806,28.216],[76.806,28.2],[76.79,28.194],[76.796,28.17],[76.791,28.157],[76.755,28.147],[76.739,28.129],[76.71,28.132],[76.699,28.116],[76.69,28.115],[76.682,28.098],[76.651,28.097],[76.648,28.092],[76.651,28.044],[76.66,28.034],[76.66,28.019],[76.637,28.011],[76.599,28.01],[76.584,28],[76.567,27.984],[76.547,27.971],[76.531,27.979],[76.539,28.017],[76.539,28.039],[76.526,28.045],[76.511,28.035],[76.499,28.036],[76.492,28.047],[76.476,28.044],[76.456,28.046],[76.458,28.062],[76.484,28.058],[76.498,28.065],[76.47,28.086],[76.449,28.093],[76.457,28.11],[76.477,28.106],[76.498,28.107],[76.498,28.123],[76.49,28.134],[76.47,28.139],[76.472,28.15],[76.437,28.152],[76.427,28.146],[76.397,28.148],[76.377,28.138],[76.36,28.143],[76.353,28.166],[76.336,28.177],[76.309,28.183],[76.279,28.179],[76.278,28.169],[76.299,28.163],[76.323,28.149],[76.331,28.139],[76.356,28.128],[76.344,28.113],[76.332,28.107],[76.308,28.111],[76.297,28.101],[76.321,28.094],[76.337,28.073],[76.353,28.066],[76.337,28.03],[76.317,28.021],[76.29,28.03],[76.29,28.049],[76.272,28.066],[76.251,28.071],[76.233,28.056],[76.208,28.056],[76.2,28.061],[76.177,28.059],[76.177,28.049],[76.203,28.03],[76.196,28.022],[76.174,28.022],[76.159,28.005],[76.154,27.993],[76.161,27.98],[76.179,27.973],[76.175,27.941],[76.168,27.928],[76.17,27.91],[76.199,27.899],[76.2,27.888],[76.19,27.882],[76.193,27.864],[76.206,27.848],[76.223,27.841],[76.208,27.828],[76.194,27.831],[76.173,27.807],[76.143,27.828],[76.128,27.833],[76.122,27.854],[76.088,27.868],[76.08,27.851],[76.06,27.857],[76.05,27.848],[76.009,27.863],[76.005,27.857],[75.975,27.865],[75.977,27.909],[75.956,27.92],[75.929,27.917],[75.924,27.933],[75.939,27.951],[75.945,27.94],[75.963,27.937],[75.973,27.958],[75.968,27.962],[75.987,27.985],[75.955,27.989],[75.956,28.001],[75.989,28.004],[75.986,28.015],[75.973,28.018],[75.974,28.037],[75.991,28.04],[76.01,28.037],[76.017,28.056],[76.033,28.069],[76.031,28.084],[76.015,28.081],[76.002,28.061],[75.985,28.051],[75.975,28.057],[75.988,28.071],[75.977,28.084],[75.959,28.084],[75.936,28.094],[75.942,28.106],[75.977,28.127],[75.991,28.128],[75.995,28.151],[76.011,28.158],[76.028,28.173],[76.066,28.168],[76.065,28.144],[76.083,28.142],[76.093,28.155],[76.075,28.172],[76.066,28.199],[76.045,28.203],[76.053,28.224],[76.036,28.227],[76.011,28.242],[76.007,28.253],[76.019,28.281],[75.987,28.296],[75.968,28.324],[75.955,28.319],[75.956,28.338],[75.927,28.345],[75.922,28.369],[75.872,28.391],[75.835,28.398],[75.828,28.409],[75.803,28.414],[75.788,28.404],[75.77,28.408],[75.765,28.421],[75.785,28.439],[75.778,28.458],[75.735,28.473],[75.737,28.487],[75.69,28.499],[75.664,28.521],[75.665,28.533],[75.637,28.548],[75.629,28.546],[75.619,28.589],[75.62,28.599],[75.609,28.606],[75.585,28.606],[75.577,28.617],[75.556,28.615],[75.549,28.643],[75.54,28.649],[75.531,28.733],[75.516,28.772],[75.499,28.788],[75.504,28.797],[75.513,28.837],[75.498,28.856],[75.488,28.86],[75.488,28.898],[75.467,28.926],[75.469,28.938],[75.498,28.941],[75.503,28.961],[75.517,28.975],[75.511,29.011],[75.505,29.015],[75.473,29.02],[75.435,29.017],[75.441,29.042],[75.43,29.056],[75.43,29.065],[75.381,29.07],[75.383,29.095],[75.381,29.111],[75.396,29.128],[75.361,29.143],[75.368,29.15],[75.369,29.17],[75.389,29.171],[75.401,29.189],[75.396,29.213],[75.387,29.229],[75.399,29.24],[75.396,29.262],[75.38,29.264],[75.35,29.247],[75.345,29.226],[75.315,29.236],[75.323,29.252],[75.325,29.278],[75.319,29.293],[75.3,29.282],[75.277,29.273],[75.272,29.254],[75.249,29.256],[75.235,29.252],[75.223,29.235],[75.212,29.235],[75.195,29.244],[75.18,29.269],[75.164,29.264],[75.161,29.254],[75.147,29.246],[75.114,29.243],[75.108,29.227],[75.078,29.232],[75.063,29.239],[75.065,29.247],[75.051,29.264],[75.04,29.287],[75.024,29.292],[75.006,29.284],[74.991,29.272],[74.977,29.281],[74.953,29.282],[74.94,29.305],[74.951,29.319],[74.946,29.333],[74.936,29.338],[74.927,29.365],[74.91,29.371],[74.888,29.387],[74.871,29.385],[74.864,29.396],[74.85,29.403],[74.81,29.398],[74.776,29.36],[74.732,29.354],[74.711,29.369],[74.689,29.365],[74.65,29.372],[74.644,29.354],[74.642,29.331],[74.596,29.328],[74.6,29.354],[74.591,29.371],[74.573,29.386],[74.57,29.406],[74.552,29.422],[74.531,29.425],[74.529,29.45],[74.535,29.465],[74.572,29.462],[74.579,29.459],[74.592,29.48],[74.593,29.492],[74.612,29.52],[74.611,29.531],[74.572,29.556],[74.57,29.586],[74.575,29.627],[74.586,29.635],[74.579,29.655],[74.594,29.691],[74.603,29.721],[74.602,29.741],[74.605,29.753],[74.593,29.767],[74.578,29.767],[74.571,29.753],[74.538,29.754],[74.526,29.741],[74.472,29.744],[74.465,29.788],[74.471,29.802],[74.492,29.827],[74.533,29.839],[74.554,29.866],[74.534,29.903],[74.505,29.908],[74.519,29.943]]]},"properties":{"ID_0":105,"ISO":"IND","NAME_0":"India","ID_1":29,"NAME_1":"Rajasthan","NL_NAME_1":null,"VARNAME_1":"Greater Rajasthan|Rajputana","TYPE_1":"State","ENGTYPE_1":"State"}},
{"type":"Feature","geometry":{"type":"Polygon","coordinates":[[[88.752,27.148],[88.761,27.158],[88.758,27.172],[88.766,27.179],[88.785,27.182],[88.79,27.202],[88.801,27.221],[88.801,27.248],[88.835,27.263],[88.864,27.262],[88.872,27.259],[88.883,27.269],[88.899,27.275],[88.911,27.293],[88.909,27.306],[88.922,27.326],[88.89,27.336],[88.879,27.364],[88.867,27.368],[88.857,27.387],[88.838,27.379],[88.809,27.405],[88.803,27.427],[88.794,27.437],[88.795,27.447],[88.783,27.456],[88.783,27.496],[88.789,27.529],[88.775,27.538],[88.767,27.565],[88.786,27.576],[88.787,27.586],[88.805,27.603],[88.81,27.642],[88.822,27.643],[88.847,27.669],[88.846,27.7],[88.839,27.711],[88.85,27.718],[88.862,27.739],[88.855,27.759],[88.852,27.778],[88.857,27.799],[88.856,27.818],[88.873,27.827],[88.881,27.839],[88.88,27.895],[88.87,27.902],[88.859,27.925],[88.836,27.932],[88.841,27.991],[88.829,28.015],[88.799,28.031],[88.782,28.051],[88.751,28.073],[88.686,28.079],[88.667,28.074],[88.638,28.104],[88.633,28.121],[88.621,28.131],[88.607,28.128],[88.616,28.104],[88.596,28.097],[88.575,28.086],[88.554,28.085],[88.552,28.065],[88.533,28.037],[88.501,28.049],[88.482,28.045],[88.472,28.037],[88.462,28.02],[88.427,28.008],[88.402,27.984],[88.389,27.978],[88.364,27.988],[88.338,27.988],[88.316,27.98],[88.305,27.97],[88.28,27.968],[88.272,27.958],[88.244,27.949],[88.233,27.966],[88.203,27.967],[88.195,27.946],[88.174,27.945],[88.139,27.963],[88.124,27.951],[88.129,27.938],[88.117,27.926],[88.114,27.912],[88.126,27.895],[88.13,27.882],[88.151,27.877],[88.181,27.856],[88.199,27.854],[88.204,27.837],[88.19,27.825],[88.188,27.81],[88.2,27.791],[88.184,27.775],[88.181,27.747],[88.161,27.741],[88.158,27.717],[88.151,27.702],[88.157,27.69],[88.147,27.665],[88.123,27.645],[88.116,27.61],[88.095,27.597],[88.078,27.572],[88.063,27.54],[88.064,27.512],[88.049,27.501],[88.047,27.478],[88.059,27.467],[88.081,27.432],[88.053,27.413],[88.044,27.371],[88.06,27.355],[88.069,27.336],[88.055,27.324],[88.034,27.286],[88.033,27.25],[88.022,27.236],[88.017,27.219],[88.033,27.221],[88.058,27.214],[88.075,27.199],[88.067,27.19],[88.073,27.174],[88.083,27.165],[88.086,27.142],[88.137,27.117],[88.158,27.114],[88.179,27.135],[88.214,27.135],[88.233,27.12],[88.278,27.131],[88.3,27.128],[88.304,27.129],[88.32,27.117],[88.324,27.105],[88.345,27.107],[88.352,27.101],[88.371,27.099],[88.388,27.098],[88.411,27.091],[88.432,27.082],[88.454,27.09],[88.467,27.114],[88.487,27.127],[88.496,27.125],[88.522,27.15],[88.532,27.154],[88.52,27.175],[88.541,27.184],[88.591,27.194],[88.619,27.188],[88.639,27.168],[88.66,27.162],[88.674,27.177],[88.684,27.18],[88.702,27.174],[88.712,27.165],[88.718,27.144],[88.733,27.137],[88.752,27.148]]]},"properties":{"ID_0":105,"ISO":"IND","NAME_0":"India","ID_1":30,"NAME_1":"Sikkim","NL_NAME_1":null,"VARNAME_1":null,"TYPE_1":"State","ENGTYPE_1":"State"}},
{"type":"Feature","geometry":{"type":"MultiPolygon","coordinates":[[[[79.312,9.328],[79.289,9.32],[79.278,9.31],[79.268,9.293],[79.22,9.292],[79.205,9.28],[79.221,9.267],[79.217,9.259],[79.248,9.26],[79.277,9.255],[79.322,9.237],[79.397,9.189],[79.41,9.192],[79.379,9.215],[79.328,9.26],[79.316,9.285],[79.327,9.295],[79.335,9.312],[79.331,9.318],[79.312,9.328]]],[[[80.076,13.527],[80.069,13.538],[80.051,13.531],[80.045,13.522],[80.018,13.525],[80.008,13.532],[79.99,13.527],[79.99,13.51],[80.006,13.515],[80.019,13.502],[80.037,13.499],[80.036,13.484],[80.006,13.488],[79.995,13.459],[79.987,13.462],[79.962,13.451],[79.963,13.418],[79.951,13.408],[79.932,13.404],[79.936,13.385],[79.95,13.382],[79.954,13.374],[79.926,13.336],[79.911,13.344],[79.904,13.333],[79.871,13.312],[79.859,13.314],[79.851,13.303],[79.824,13.302],[79.8,13.304],[79.787,13.285],[79.78,13.282],[79.754,13.303],[79.746,13.28],[79.721,13.272],[79.722,13.266],[79.753,13.244],[79.783,13.228],[79.774,13.218],[79.744,13.195],[79.733,13.215],[79.716,13.214],[79.7,13.203],[79.689,13.211],[79.696,13.224],[79.692,13.239],[79.681,13.228],[79.671,13.236],[79.674,13.247],[79.684,13.257],[79.669,13.282],[79.663,13.268],[79.653,13.275],[79.633,13.274],[79.63,13.261],[79.621,13.259],[79.601,13.268],[79.589,13.26],[79.585,13.247],[79.565,13.249],[79.541,13.279],[79.536,13.311],[79.523,13.316],[79.498,13.315],[79.479,13.321],[79.455,13.324],[79.417,13.322],[79.375,13.303],[79.405,13.285],[79.422,13.287],[79.419,13.266],[79.412,13.258],[79.407,13.238],[79.411,13.212],[79.436,13.23],[79.446,13.217],[79.422,13.209],[79.421,13.184],[79.384,13.185],[79.369,13.176],[79.371,13.169],[79.361,13.156],[79.348,13.163],[79.347,13.135],[79.35,13.125],[79.317,13.119],[79.308,13.097],[79.297,13.097],[79.299,13.115],[79.285,13.123],[79.274,13.121],[79.271,13.138],[79.243,13.133],[79.226,13.135],[79.215,13.128],[79.222,13.116],[79.214,13.097],[79.193,13.09],[79.169,13.053],[79.177,13.038],[79.171,13.016],[79.153,13.007],[79.142,13.01],[79.119,13.023],[79.104,13.024],[79.083,13.012],[79.069,13.014],[79.054,13.028],[79.053,13.038],[79.026,13.05],[79.023,13.056],[79,13.058],[78.982,13.076],[78.946,13.064],[78.914,13.068],[78.909,13.05],[78.901,13.052],[78.893,13.035],[78.917,13.033],[78.927,13.023],[78.882,13.02],[78.879,13.026],[78.88,13.07],[78.884,13.082],[78.865,13.085],[78.858,13.071],[78.832,13.07],[78.801,13.076],[78.778,13.053],[78.74,13.045],[78.726,13.053],[78.702,13.056],[78.694,13.004],[78.651,13.018],[78.642,13.002],[78.62,12.983],[78.62,12.974],[78.647,12.919],[78.625,12.914],[78.606,12.874],[78.604,12.857],[78.592,12.839],[78.598,12.811],[78.588,12.805],[78.59,12.792],[78.583,12.785],[78.58,12.767],[78.558,12.752],[78.546,12.729],[78.554,12.726],[78.546,12.707],[78.552,12.697],[78.541,12.685],[78.524,12.68],[78.516,12.704],[78.494,12.73],[78.48,12.73],[78.494,12.711],[78.509,12.705],[78.493,12.694],[78.493,12.67],[78.474,12.659],[78.458,12.662],[78.46,12.617],[78.425,12.615],[78.418,12.621],[78.4,12.613],[78.368,12.612],[78.361,12.615],[78.329,12.638],[78.322,12.637],[78.309,12.65],[78.29,12.653],[78.284,12.668],[78.264,12.692],[78.239,12.692],[78.227,12.689],[78.228,12.674],[78.2,12.676],[78.189,12.684],[78.195,12.695],[78.22,12.703],[78.229,12.72],[78.219,12.747],[78.221,12.753],[78.199,12.755],[78.19,12.761],[78.166,12.765],[78.158,12.76],[78.136,12.769],[78.121,12.77],[78.114,12.787],[78.086,12.803],[78.076,12.821],[78.065,12.83],[78.022,12.841],[78.009,12.834],[78.008,12.823],[77.993,12.814],[78.006,12.803],[78.001,12.795],[77.981,12.796],[77.981,12.81],[77.971,12.823],[77.957,12.822],[77.958,12.836],[77.94,12.829],[77.933,12.813],[77.909,12.822],[77.915,12.844],[77.928,12.85],[77.914,12.874],[77.887,12.867],[77.882,12.858],[77.826,12.859],[77.822,12.85],[77.8,12.838],[77.792,12.84],[77.784,12.828],[77.801,12.821],[77.788,12.781],[77.772,12.76],[77.785,12.745],[77.778,12.734],[77.758,12.729],[77.763,12.714],[77.75,12.687],[77.734,12.691],[77.727,12.683],[77.731,12.664],[77.718,12.662],[77.704,12.674],[77.695,12.651],[77.668,12.651],[77.67,12.671],[77.654,12.674],[77.633,12.67],[77.59,12.658],[77.588,12.643],[77.598,12.621],[77.582,12.605],[77.581,12.584],[77.57,12.558],[77.576,12.537],[77.579,12.507],[77.605,12.503],[77.602,12.492],[77.575,12.468],[77.597,12.465],[77.617,12.486],[77.625,12.477],[77.617,12.425],[77.616,12.405],[77.604,12.354],[77.591,12.349],[77.586,12.336],[77.569,12.324],[77.556,12.297],[77.543,12.284],[77.524,12.281],[77.518,12.27],[77.502,12.266],[77.493,12.273],[77.478,12.27],[77.47,12.262],[77.463,12.236],[77.474,12.225],[77.466,12.202],[77.482,12.19],[77.511,12.184],[77.539,12.194],[77.556,12.187],[77.591,12.191],[77.604,12.195],[77.629,12.186],[77.655,12.188],[77.701,12.173],[77.726,12.167],[77.739,12.148],[77.74,12.129],[77.767,12.109],[77.746,12.069],[77.72,12.053],[77.689,12.01],[77.664,11.953],[77.665,11.94],[77.637,11.94],[77.591,11.926],[77.573,11.924],[77.548,11.931],[77.524,11.921],[77.49,11.93],[77.484,11.921],[77.476,11.89],[77.454,11.891],[77.455,11.867],[77.451,11.844],[77.456,11.839],[77.442,11.806],[77.441,11.791],[77.431,11.772],[77.412,11.762],[77.401,11.764],[77.382,11.776],[77.355,11.778],[77.346,11.764],[77.326,11.759],[77.285,11.798],[77.278,11.79],[77.242,11.802],[77.237,11.788],[77.227,11.784],[77.19,11.783],[77.166,11.774],[77.137,11.772],[77.131,11.762],[77.114,11.762],[77.103,11.746],[77.109,11.713],[77.096,11.723],[77.076,11.724],[77.05,11.758],[77.062,11.772],[77.053,11.779],[77.041,11.778],[77.028,11.762],[77.022,11.765],[77.032,11.784],[77.023,11.795],[77.004,11.803],[76.99,11.799],[76.973,11.801],[76.975,11.791],[76.96,11.765],[76.944,11.781],[76.9,11.783],[76.888,11.766],[76.889,11.75],[76.881,11.725],[76.854,11.699],[76.83,11.649],[76.83,11.629],[76.839,11.623],[76.851,11.602],[76.847,11.589],[76.836,11.584],[76.817,11.597],[76.808,11.596],[76.781,11.604],[76.751,11.607],[76.626,11.604],[76.608,11.6],[76.575,11.606],[76.554,11.613],[76.54,11.671],[76.513,11.694],[76.504,11.698],[76.485,11.682],[76.474,11.678],[76.451,11.655],[76.423,11.659],[76.434,11.634],[76.421,11.625],[76.38,11.622],[76.371,11.593],[76.336,11.578],[76.329,11.589],[76.311,11.578],[76.298,11.564],[76.291,11.581],[76.278,11.584],[76.271,11.593],[76.226,11.564],[76.243,11.524],[76.233,11.519],[76.245,11.494],[76.24,11.46],[76.258,11.473],[76.266,11.469],[76.278,11.475],[76.321,11.445],[76.334,11.459],[76.361,11.448],[76.391,11.428],[76.41,11.434],[76.408,11.415],[76.448,11.381],[76.473,11.375],[76.51,11.361],[76.509,11.347],[76.538,11.352],[76.54,11.321],[76.53,11.31],[76.53,11.296],[76.514,11.262],[76.488,11.252],[76.446,11.23],[76.443,11.2],[76.438,11.195],[76.453,11.18],[76.467,11.186],[76.466,11.199],[76.488,11.203],[76.506,11.202],[76.521,11.19],[76.578,11.197],[76.602,11.195],[76.623,11.186],[76.678,11.219],[76.679,11.227],[76.697,11.231],[76.727,11.206],[76.718,11.198],[76.721,11.185],[76.706,11.18],[76.689,11.165],[76.686,11.158],[76.697,11.133],[76.722,11.123],[76.735,11.125],[76.741,11.11],[76.734,11.093],[76.746,11.084],[76.746,11.071],[76.734,11.064],[76.737,11.048],[76.751,11.047],[76.767,11.032],[76.757,11.025],[76.712,11.032],[76.69,11.017],[76.68,10.999],[76.678,10.98],[76.66,10.96],[76.653,10.92],[76.685,10.902],[76.7,10.901],[76.733,10.881],[76.749,10.885],[76.773,10.882],[76.785,10.871],[76.818,10.862],[76.839,10.838],[76.845,10.827],[76.837,10.816],[76.853,10.809],[76.86,10.8],[76.888,10.8],[76.898,10.771],[76.893,10.75],[76.875,10.707],[76.855,10.672],[76.87,10.664],[76.875,10.639],[76.873,10.629],[76.852,10.624],[76.845,10.626],[76.805,10.626],[76.803,10.614],[76.815,10.588],[76.83,10.585],[76.825,10.562],[76.83,10.553],[76.825,10.538],[76.832,10.529],[76.82,10.491],[76.817,10.438],[76.807,10.415],[76.823,10.394],[76.816,10.387],[76.839,10.36],[76.828,10.338],[76.82,10.295],[76.832,10.284],[76.862,10.283],[76.862,10.267],[76.885,10.255],[76.892,10.233],[76.909,10.223],[76.928,10.23],[76.939,10.221],[76.959,10.219],[76.971,10.209],[76.981,10.22],[77.019,10.242],[77.039,10.248],[77.046,10.274],[77.073,10.296],[77.114,10.311],[77.163,10.346],[77.222,10.34],[77.223,10.329],[77.214,10.306],[77.232,10.277],[77.251,10.254],[77.245,10.245],[77.251,10.224],[77.27,10.224],[77.28,10.207],[77.274,10.201],[77.264,10.18],[77.259,10.155],[77.261,10.129],[77.253,10.111],[77.231,10.12],[77.188,10.096],[77.195,10.074],[77.204,10.068],[77.231,10.04],[77.249,10.016],[77.241,10.003],[77.25,9.973],[77.261,9.964],[77.25,9.943],[77.24,9.943],[77.222,9.923],[77.217,9.906],[77.204,9.894],[77.207,9.878],[77.199,9.866],[77.224,9.843],[77.209,9.815],[77.219,9.813],[77.233,9.797],[77.234,9.789],[77.21,9.78],[77.212,9.755],[77.206,9.737],[77.208,9.722],[77.19,9.716],[77.192,9.686],[77.18,9.66],[77.166,9.648],[77.155,9.614],[77.156,9.602],[77.175,9.597],[77.186,9.606],[77.223,9.573],[77.23,9.576],[77.251,9.565],[77.261,9.567],[77.286,9.587],[77.304,9.593],[77.321,9.567],[77.341,9.578],[77.345,9.567],[77.336,9.557],[77.351,9.54],[77.351,9.526],[77.371,9.509],[77.386,9.507],[77.396,9.497],[77.384,9.479],[77.387,9.467],[77.377,9.459],[77.372,9.445],[77.352,9.45],[77.334,9.431],[77.335,9.424],[77.322,9.406],[77.327,9.394],[77.32,9.376],[77.321,9.351],[77.3,9.325],[77.284,9.327],[77.287,9.308],[77.278,9.295],[77.267,9.291],[77.274,9.263],[77.268,9.262],[77.264,9.232],[77.259,9.224],[77.267,9.209],[77.25,9.19],[77.24,9.19],[77.237,9.179],[77.248,9.176],[77.252,9.165],[77.252,9.143],[77.238,9.13],[77.233,9.118],[77.212,9.106],[77.209,9.098],[77.196,9.088],[77.19,9.075],[77.193,9.065],[77.18,9.045],[77.154,9.037],[77.147,9.022],[77.132,9.012],[77.134,9],[77.158,8.978],[77.163,8.962],[77.18,8.947],[77.18,8.916],[77.194,8.922],[77.206,8.893],[77.224,8.885],[77.227,8.872],[77.24,8.868],[77.247,8.832],[77.231,8.812],[77.227,8.801],[77.217,8.797],[77.215,8.776],[77.198,8.769],[77.198,8.758],[77.183,8.761],[77.184,8.748],[77.177,8.735],[77.155,8.738],[77.167,8.708],[77.179,8.7],[77.19,8.671],[77.187,8.662],[77.198,8.641],[77.228,8.613],[77.228,8.598],[77.252,8.571],[77.265,8.537],[77.252,8.517],[77.248,8.501],[77.223,8.488],[77.206,8.504],[77.199,8.504],[77.191,8.488],[77.199,8.46],[77.209,8.451],[77.21,8.438],[77.189,8.435],[77.183,8.427],[77.18,8.409],[77.154,8.377],[77.135,8.379],[77.157,8.345],[77.15,8.322],[77.122,8.323],[77.109,8.313],[77.105,8.302],[77.091,8.297],[77.161,8.246],[77.184,8.22],[77.216,8.202],[77.23,8.185],[77.248,8.173],[77.275,8.163],[77.297,8.15],[77.306,8.128],[77.35,8.123],[77.41,8.104],[77.448,8.094],[77.465,8.092],[77.536,8.078],[77.552,8.078],[77.56,8.09],[77.559,8.12],[77.576,8.136],[77.613,8.15],[77.651,8.159],[77.658,8.158],[77.716,8.166],[77.743,8.175],[77.766,8.194],[77.775,8.196],[77.784,8.207],[77.783,8.22],[77.813,8.246],[77.856,8.259],[77.887,8.273],[77.901,8.286],[77.954,8.314],[77.956,8.323],[77.98,8.34],[78.023,8.359],[78.067,8.37],[78.055,8.382],[78.067,8.423],[78.1,8.465],[78.121,8.484],[78.13,8.498],[78.122,8.517],[78.124,8.532],[78.133,8.557],[78.139,8.589],[78.131,8.604],[78.113,8.61],[78.104,8.603],[78.11,8.586],[78.097,8.581],[78.095,8.598],[78.101,8.612],[78.101,8.638],[78.111,8.64],[78.117,8.662],[78.128,8.658],[78.135,8.689],[78.155,8.712],[78.162,8.737],[78.175,8.747],[78.2,8.753],[78.198,8.766],[78.175,8.768],[78.163,8.773],[78.159,8.804],[78.165,8.822],[78.168,8.86],[78.168,8.881],[78.181,8.895],[78.184,8.919],[78.195,8.938],[78.211,8.961],[78.237,8.985],[78.31,9.032],[78.344,9.057],[78.382,9.09],[78.412,9.112],[78.458,9.127],[78.49,9.128],[78.51,9.135],[78.552,9.137],[78.576,9.132],[78.614,9.152],[78.652,9.159],[78.643,9.169],[78.649,9.186],[78.667,9.197],[78.677,9.198],[78.704,9.191],[78.718,9.19],[78.718,9.201],[78.735,9.212],[78.757,9.216],[78.817,9.237],[78.86,9.253],[78.882,9.256],[78.907,9.25],[78.923,9.265],[78.955,9.272],[78.979,9.273],[79.027,9.268],[79.064,9.261],[79.094,9.26],[79.12,9.269],[79.169,9.28],[79.145,9.291],[79.132,9.287],[79.106,9.289],[79.065,9.3],[79.022,9.328],[78.989,9.354],[78.968,9.375],[78.935,9.411],[78.921,9.432],[78.901,9.468],[78.898,9.489],[78.915,9.494],[78.915,9.509],[78.922,9.532],[78.918,9.537],[78.929,9.594],[78.934,9.607],[78.956,9.625],[78.971,9.656],[78.972,9.668],[78.98,9.687],[78.998,9.713],[79.018,9.733],[79.021,9.742],[79.039,9.764],[79.058,9.773],[79.068,9.791],[79.078,9.799],[79.091,9.828],[79.108,9.838],[79.119,9.852],[79.124,9.865],[79.119,9.874],[79.128,9.894],[79.154,9.92],[79.155,9.932],[79.192,9.968],[79.204,9.982],[79.242,10.025],[79.262,10.041],[79.252,10.049],[79.252,10.067],[79.237,10.074],[79.227,10.098],[79.232,10.124],[79.23,10.15],[79.24,10.154],[79.241,10.181],[79.266,10.198],[79.281,10.214],[79.268,10.23],[79.274,10.241],[79.294,10.26],[79.326,10.282],[79.351,10.286],[79.371,10.296],[79.382,10.315],[79.397,10.318],[79.439,10.315],[79.477,10.311],[79.512,10.309],[79.501,10.32],[79.502,10.334],[79.512,10.338],[79.516,10.32],[79.543,10.324],[79.535,10.335],[79.547,10.348],[79.575,10.341],[79.59,10.34],[79.587,10.328],[79.56,10.333],[79.55,10.317],[79.527,10.305],[79.57,10.299],[79.727,10.274],[79.708,10.283],[79.686,10.29],[79.672,10.302],[79.665,10.29],[79.625,10.295],[79.62,10.299],[79.582,10.303],[79.613,10.317],[79.627,10.345],[79.637,10.328],[79.647,10.32],[79.672,10.319],[79.687,10.325],[79.721,10.319],[79.73,10.311],[79.761,10.313],[79.764,10.301],[79.78,10.292],[79.75,10.284],[79.744,10.275],[79.796,10.273],[79.836,10.275],[79.867,10.286],[79.884,10.306],[79.872,10.368],[79.866,10.416],[79.86,10.55],[79.856,10.587],[79.854,10.653],[79.853,10.722],[79.851,10.761],[79.851,10.814],[79.836,10.812],[79.813,10.814],[79.814,10.818],[79.813,10.829],[79.808,10.831],[79.803,10.834],[79.793,10.839],[79.792,10.849],[79.807,10.853],[79.79,10.862],[79.785,10.874],[79.776,10.876],[79.77,10.878],[79.776,10.882],[79.773,10.89],[79.76,10.883],[79.754,10.887],[79.748,10.895],[79.743,10.899],[79.728,10.902],[79.726,10.907],[79.724,10.908],[79.72,10.906],[79.721,10.911],[79.709,10.914],[79.708,10.915],[79.71,10.919],[79.704,10.921],[79.708,10.923],[79.721,10.935],[79.716,10.938],[79.704,10.948],[79.715,10.953],[79.727,10.952],[79.74,10.944],[79.746,10.949],[79.74,10.956],[79.741,10.963],[79.74,10.966],[79.738,10.969],[79.732,10.975],[79.73,10.985],[79.743,10.985],[79.761,10.981],[79.774,10.977],[79.79,10.973],[79.796,10.983],[79.803,10.985],[79.81,10.982],[79.825,10.985],[79.834,10.977],[79.835,10.977],[79.851,10.976],[79.855,10.978],[79.857,11.071],[79.859,11.14],[79.855,11.184],[79.849,11.233],[79.839,11.283],[79.837,11.315],[79.839,11.348],[79.829,11.355],[79.823,11.375],[79.807,11.445],[79.788,11.476],[79.78,11.501],[79.773,11.508],[79.759,11.552],[79.757,11.584],[79.761,11.621],[79.777,11.71],[79.783,11.722],[79.794,11.768],[79.8,11.808],[79.793,11.818],[79.786,11.838],[79.767,11.84],[79.76,11.823],[79.747,11.833],[79.754,11.842],[79.755,11.858],[79.744,11.86],[79.73,11.847],[79.707,11.847],[79.693,11.854],[79.696,11.873],[79.682,11.873],[79.659,11.866],[79.66,11.877],[79.68,11.879],[79.683,11.905],[79.692,11.898],[79.692,11.878],[79.708,11.874],[79.725,11.892],[79.704,11.913],[79.706,11.929],[79.684,11.927],[79.678,11.939],[79.683,11.947],[79.702,11.952],[79.695,11.961],[79.695,11.975],[79.642,11.976],[79.647,11.993],[79.652,11.998],[79.659,11.997],[79.669,12.007],[79.679,12.019],[79.692,12.017],[79.691,11.996],[79.706,11.977],[79.717,11.975],[79.725,11.978],[79.729,11.986],[79.735,11.994],[79.75,11.986],[79.752,11.976],[79.745,11.971],[79.727,11.962],[79.718,11.969],[79.716,11.967],[79.714,11.955],[79.734,11.947],[79.741,11.907],[79.748,11.915],[79.748,11.929],[79.764,11.935],[79.769,11.941],[79.773,11.947],[79.776,11.946],[79.79,11.943],[79.792,11.957],[79.798,11.964],[79.805,11.963],[79.808,11.947],[79.825,11.94],[79.838,11.941],[79.847,11.98],[79.866,12.026],[79.885,12.065],[79.911,12.103],[79.931,12.138],[79.947,12.16],[79.99,12.224],[80.005,12.252],[79.998,12.253],[79.98,12.234],[79.963,12.223],[79.957,12.212],[79.946,12.222],[79.983,12.244],[79.985,12.25],[80.013,12.263],[80.017,12.275],[80.05,12.324],[80.045,12.337],[80.036,12.338],[80.019,12.326],[80.017,12.341],[80.04,12.353],[80.044,12.364],[80.07,12.353],[80.116,12.405],[80.144,12.445],[80.157,12.471],[80.166,12.525],[80.185,12.576],[80.162,12.585],[80.166,12.606],[80.176,12.599],[80.172,12.583],[80.185,12.578],[80.199,12.615],[80.202,12.633],[80.212,12.658],[80.254,12.779],[80.247,12.806],[80.25,12.86],[80.259,12.934],[80.265,12.969],[80.279,13.025],[80.282,13.057],[80.304,13.094],[80.298,13.097],[80.302,13.118],[80.298,13.124],[80.3,13.143],[80.31,13.163],[80.337,13.253],[80.346,13.295],[80.346,13.328],[80.34,13.362],[80.33,13.4],[80.328,13.43],[80.313,13.428],[80.315,13.371],[80.276,13.389],[80.278,13.408],[80.268,13.414],[80.26,13.447],[80.246,13.465],[80.23,13.477],[80.216,13.482],[80.194,13.476],[80.163,13.478],[80.157,13.479],[80.152,13.479],[80.151,13.48],[80.145,13.485],[80.135,13.492],[80.133,13.496],[80.121,13.502],[80.1,13.505],[80.096,13.51],[80.089,13.526],[80.079,13.529],[80.076,13.527]]]]},"properties":{"ID_0":105,"ISO":"IND","NAME_0":"India","ID_1":31,"NAME_1":"Tamil Nadu","NL_NAME_1":null,"VARNAME_1":"Madras|Tamilnad","TYPE_1":"State","ENGTYPE_1":"State"}},
{"type":"Feature","geometry":{"type":"Polygon","coordinates":[[[92.231,24.504],[92.207,24.507],[92.193,24.521],[92.179,24.523],[92.173,24.534],[92.156,24.524],[92.161,24.512],[92.155,24.48],[92.164,24.469],[92.158,24.46],[92.173,24.431],[92.139,24.424],[92.138,24.41],[92.123,24.395],[92.119,24.384],[92.103,24.383],[92.097,24.375],[92.072,24.375],[92.01,24.382],[91.999,24.391],[91.978,24.381],[91.985,24.361],[91.998,24.339],[91.995,24.321],[91.975,24.332],[91.971,24.349],[91.957,24.356],[91.94,24.344],[91.92,24.336],[91.942,24.268],[91.912,24.172],[91.914,24.16],[91.91,24.142],[91.888,24.137],[91.879,24.148],[91.872,24.174],[91.842,24.198],[91.851,24.222],[91.843,24.222],[91.816,24.209],[91.808,24.219],[91.791,24.221],[91.743,24.247],[91.752,24.204],[91.762,24.143],[91.74,24.141],[91.71,24.152],[91.703,24.163],[91.692,24.159],[91.685,24.169],[91.677,24.199],[91.668,24.21],[91.668,24.23],[91.648,24.214],[91.653,24.196],[91.66,24.188],[91.656,24.176],[91.644,24.169],[91.646,24.155],[91.636,24.139],[91.642,24.116],[91.634,24.103],[91.612,24.095],[91.6,24.098],[91.596,24.08],[91.545,24.076],[91.519,24.086],[91.496,24.089],[91.49,24.098],[91.464,24.098],[91.41,24.111],[91.375,24.108],[91.377,24.081],[91.397,24.051],[91.391,24.029],[91.374,24.008],[91.379,23.979],[91.361,23.987],[91.339,23.986],[91.335,23.992],[91.306,23.999],[91.3,23.973],[91.289,23.968],[91.282,23.98],[91.266,23.949],[91.276,23.936],[91.276,23.926],[91.244,23.924],[91.249,23.909],[91.232,23.899],[91.238,23.88],[91.258,23.84],[91.238,23.812],[91.231,23.792],[91.234,23.769],[91.225,23.74],[91.211,23.752],[91.172,23.752],[91.164,23.746],[91.156,23.723],[91.158,23.691],[91.201,23.692],[91.208,23.683],[91.207,23.651],[91.176,23.657],[91.165,23.665],[91.163,23.628],[91.169,23.595],[91.194,23.575],[91.199,23.566],[91.198,23.549],[91.211,23.547],[91.204,23.524],[91.211,23.514],[91.227,23.514],[91.228,23.5],[91.254,23.49],[91.26,23.448],[91.271,23.437],[91.271,23.426],[91.283,23.41],[91.283,23.386],[91.292,23.366],[91.309,23.355],[91.297,23.321],[91.316,23.314],[91.322,23.302],[91.306,23.291],[91.316,23.277],[91.325,23.254],[91.331,23.216],[91.33,23.158],[91.339,23.151],[91.353,23.101],[91.378,23.064],[91.402,23.052],[91.422,23.059],[91.408,23.095],[91.41,23.107],[91.403,23.129],[91.391,23.153],[91.389,23.179],[91.393,23.193],[91.396,23.223],[91.403,23.238],[91.416,23.245],[91.422,23.257],[91.458,23.256],[91.462,23.242],[91.482,23.216],[91.49,23.202],[91.474,23.189],[91.506,23.187],[91.509,23.18],[91.498,23.151],[91.509,23.138],[91.509,23.127],[91.521,23.12],[91.516,23.106],[91.526,23.092],[91.539,23.062],[91.539,23.035],[91.554,23.034],[91.553,23.016],[91.547,22.999],[91.563,22.99],[91.563,22.976],[91.587,22.964],[91.604,22.972],[91.605,22.956],[91.624,22.951],[91.634,22.968],[91.657,22.987],[91.686,22.988],[91.698,23.003],[91.728,22.997],[91.756,23.016],[91.771,23.037],[91.787,23.037],[91.787,23.049],[91.778,23.065],[91.795,23.066],[91.823,23.076],[91.824,23.086],[91.835,23.092],[91.812,23.131],[91.815,23.139],[91.807,23.169],[91.8,23.179],[91.799,23.197],[91.788,23.214],[91.792,23.229],[91.779,23.241],[91.771,23.264],[91.775,23.278],[91.79,23.309],[91.808,23.339],[91.844,23.38],[91.838,23.384],[91.85,23.403],[91.872,23.415],[91.904,23.441],[91.922,23.443],[91.942,23.438],[91.947,23.444],[91.941,23.461],[91.964,23.482],[91.973,23.481],[91.976,23.496],[91.968,23.514],[91.961,23.516],[91.961,23.538],[91.966,23.554],[91.96,23.567],[91.964,23.579],[91.955,23.596],[91.957,23.618],[91.951,23.633],[91.95,23.658],[91.942,23.682],[91.957,23.699],[91.957,23.719],[91.962,23.728],[91.984,23.73],[92.002,23.689],[92.014,23.669],[92.027,23.657],[92.036,23.662],[92.054,23.65],[92.071,23.645],[92.087,23.654],[92.091,23.677],[92.106,23.676],[92.135,23.71],[92.15,23.732],[92.168,23.741],[92.181,23.742],[92.18,23.721],[92.218,23.695],[92.213,23.664],[92.228,23.659],[92.238,23.67],[92.247,23.692],[92.241,23.708],[92.247,23.724],[92.269,23.729],[92.266,23.739],[92.267,23.762],[92.262,23.805],[92.269,23.818],[92.281,23.815],[92.287,23.817],[92.283,23.823],[92.284,23.824],[92.282,23.831],[92.277,23.837],[92.274,23.844],[92.288,23.867],[92.294,23.871],[92.295,23.87],[92.301,23.866],[92.307,23.864],[92.32,23.865],[92.318,23.867],[92.322,23.87],[92.32,23.878],[92.317,23.879],[92.317,23.882],[92.319,23.884],[92.318,23.888],[92.322,23.891],[92.324,23.905],[92.33,23.906],[92.331,23.921],[92.321,23.926],[92.313,23.935],[92.313,23.957],[92.313,23.961],[92.313,23.97],[92.32,23.975],[92.329,23.99],[92.327,24.002],[92.317,24.018],[92.319,24.019],[92.322,24.019],[92.317,24.028],[92.319,24.031],[92.317,24.038],[92.315,24.049],[92.32,24.051],[92.322,24.059],[92.317,24.067],[92.327,24.076],[92.33,24.101],[92.332,24.105],[92.329,24.11],[92.332,24.113],[92.328,24.125],[92.328,24.135],[92.329,24.14],[92.332,24.144],[92.335,24.144],[92.336,24.144],[92.334,24.151],[92.332,24.164],[92.33,24.175],[92.327,24.186],[92.329,24.191],[92.325,24.206],[92.316,24.213],[92.31,24.215],[92.301,24.225],[92.298,24.227],[92.299,24.232],[92.296,24.234],[92.297,24.238],[92.295,24.241],[92.295,24.248],[92.297,24.252],[92.213,24.249],[92.264,24.362],[92.273,24.388],[92.264,24.398],[92.256,24.419],[92.257,24.436],[92.239,24.447],[92.231,24.46],[92.23,24.48],[92.239,24.49],[92.231,24.504]]]},"properties":{"ID_0":105,"ISO":"IND","NAME_0":"India","ID_1":32,"NAME_1":"Tripura","NL_NAME_1":null,"VARNAME_1":null,"TYPE_1":"State","ENGTYPE_1":"State"}},
{"type":"Feature","geometry":{"type":"Polygon","coordinates":[[[79.762,28.89],[79.75,28.893],[79.74,28.883],[79.728,28.885],[79.71,28.879],[79.705,28.87],[79.686,28.867],[79.666,28.848],[79.654,28.849],[79.619,28.868],[79.592,28.867],[79.577,28.85],[79.551,28.846],[79.548,28.854],[79.554,28.879],[79.543,28.891],[79.533,28.89],[79.507,28.863],[79.477,28.867],[79.46,28.859],[79.433,28.862],[79.411,28.856],[79.404,28.875],[79.396,28.885],[79.401,28.902],[79.401,28.932],[79.379,28.936],[79.36,28.97],[79.35,28.952],[79.307,28.958],[79.295,28.954],[79.279,28.965],[79.264,28.982],[79.239,29],[79.238,29.007],[79.204,29.029],[79.198,29.022],[79.183,29.024],[79.169,29.016],[79.155,29.027],[79.165,29.051],[79.144,29.06],[79.135,29.082],[79.143,29.099],[79.142,29.12],[79.118,29.134],[79.101,29.132],[79.073,29.152],[79.046,29.155],[79.034,29.171],[79.022,29.167],[79.029,29.152],[79.013,29.149],[79.012,29.135],[79.028,29.133],[79.017,29.118],[79.001,29.117],[78.993,29.134],[78.984,29.137],[78.979,29.155],[78.967,29.166],[78.951,29.16],[78.944,29.15],[78.924,29.157],[78.914,29.149],[78.9,29.151],[78.905,29.163],[78.899,29.203],[78.891,29.216],[78.864,29.249],[78.831,29.261],[78.814,29.252],[78.8,29.258],[78.759,29.287],[78.766,29.29],[78.728,29.313],[78.726,29.33],[78.742,29.336],[78.757,29.35],[78.77,29.341],[78.784,29.343],[78.814,29.37],[78.857,29.386],[78.863,29.395],[78.887,29.409],[78.896,29.424],[78.9,29.456],[78.866,29.46],[78.766,29.484],[78.742,29.501],[78.727,29.509],[78.693,29.509],[78.64,29.548],[78.621,29.553],[78.576,29.581],[78.531,29.624],[78.512,29.651],[78.507,29.691],[78.5,29.715],[78.49,29.725],[78.488,29.741],[78.474,29.748],[78.452,29.752],[78.424,29.762],[78.413,29.772],[78.386,29.774],[78.351,29.786],[78.332,29.796],[78.303,29.758],[78.265,29.727],[78.231,29.704],[78.221,29.718],[78.194,29.71],[78.182,29.692],[78.166,29.68],[78.139,29.676],[78.134,29.659],[78.115,29.645],[78.107,29.633],[78.091,29.625],[78.079,29.6],[78.059,29.602],[78.044,29.593],[78.037,29.581],[78.043,29.572],[78.033,29.552],[78.004,29.556],[77.979,29.554],[77.985,29.585],[77.948,29.59],[77.953,29.602],[77.977,29.614],[77.973,29.632],[77.977,29.642],[77.965,29.655],[77.963,29.67],[77.945,29.687],[77.941,29.715],[77.916,29.712],[77.9,29.698],[77.874,29.702],[77.859,29.688],[77.834,29.672],[77.821,29.669],[77.793,29.682],[77.797,29.698],[77.783,29.708],[77.758,29.716],[77.769,29.735],[77.762,29.744],[77.766,29.764],[77.765,29.785],[77.742,29.81],[77.739,29.83],[77.729,29.838],[77.73,29.853],[77.713,29.856],[77.703,29.868],[77.72,29.903],[77.733,29.913],[77.729,29.929],[77.718,29.935],[77.74,29.959],[77.744,29.972],[77.73,29.987],[77.741,29.994],[77.753,30.017],[77.768,30.023],[77.774,30.032],[77.758,30.047],[77.786,30.1],[77.808,30.09],[77.82,30.094],[77.855,30.134],[77.872,30.163],[77.896,30.186],[77.904,30.215],[77.918,30.225],[77.929,30.24],[77.917,30.256],[77.871,30.274],[77.866,30.27],[77.812,30.291],[77.751,30.325],[77.711,30.339],[77.698,30.35],[77.674,30.385],[77.663,30.385],[77.636,30.41],[77.622,30.405],[77.609,30.41],[77.586,30.408],[77.578,30.412],[77.563,30.404],[77.575,30.385],[77.592,30.371],[77.57,30.337],[77.575,30.326],[77.57,30.311],[77.532,30.287],[77.52,30.26],[77.496,30.234],[77.473,30.189],[77.456,30.181],[77.447,30.169],[77.424,30.168],[77.411,30.146],[77.413,30.128],[77.398,30.119],[77.414,30.111],[77.392,30.094],[77.373,30.093],[77.357,30.084],[77.332,30.064],[77.298,30.06],[77.27,30.048],[77.273,30.034],[77.262,30.006],[77.25,29.988],[77.235,29.981],[77.232,29.966],[77.203,29.931],[77.189,29.922],[77.18,29.902],[77.185,29.895],[77.182,29.873],[77.168,29.846],[77.169,29.83],[77.156,29.817],[77.152,29.793],[77.132,29.779],[77.118,29.776],[77.113,29.749],[77.14,29.717],[77.143,29.702],[77.126,29.697],[77.12,29.68],[77.131,29.666],[77.129,29.659],[77.11,29.647],[77.086,29.601],[77.102,29.577],[77.11,29.553],[77.089,29.545],[77.085,29.534],[77.098,29.512],[77.115,29.503],[77.123,29.486],[77.115,29.475],[77.118,29.456],[77.139,29.442],[77.125,29.422],[77.139,29.384],[77.117,29.377],[77.12,29.35],[77.128,29.344],[77.146,29.345],[77.154,29.317],[77.129,29.273],[77.142,29.252],[77.143,29.238],[77.127,29.228],[77.136,29.207],[77.14,29.182],[77.127,29.163],[77.127,29.154],[77.139,29.135],[77.124,29.113],[77.124,29.101],[77.157,29.078],[77.163,29.049],[77.192,29.021],[77.214,29.006],[77.191,28.962],[77.191,28.947],[77.205,28.936],[77.197,28.921],[77.221,28.908],[77.217,28.9],[77.182,28.89],[77.178,28.88],[77.187,28.867],[77.193,28.865],[77.205,28.863],[77.217,28.835],[77.214,28.813],[77.195,28.815],[77.194,28.802],[77.197,28.795],[77.208,28.787],[77.213,28.786],[77.225,28.788],[77.221,28.778],[77.229,28.772],[77.246,28.757],[77.253,28.753],[77.256,28.74],[77.266,28.739],[77.271,28.738],[77.284,28.719],[77.293,28.71],[77.296,28.713],[77.317,28.717],[77.322,28.712],[77.328,28.692],[77.318,28.672],[77.311,28.645],[77.33,28.631],[77.337,28.622],[77.328,28.605],[77.31,28.599],[77.295,28.582],[77.294,28.58],[77.295,28.561],[77.303,28.55],[77.315,28.541],[77.331,28.524],[77.337,28.516],[77.338,28.509],[77.36,28.498],[77.364,28.486],[77.376,28.476],[77.398,28.471],[77.398,28.459],[77.426,28.455],[77.436,28.432],[77.475,28.414],[77.47,28.394],[77.486,28.38],[77.494,28.358],[77.466,28.341],[77.466,28.334],[77.482,28.324],[77.496,28.307],[77.493,28.281],[77.472,28.281],[77.467,28.27],[77.512,28.254],[77.539,28.254],[77.536,28.241],[77.516,28.23],[77.523,28.207],[77.519,28.202],[77.498,28.213],[77.489,28.212],[77.492,28.185],[77.506,28.195],[77.538,28.191],[77.542,28.182],[77.532,28.17],[77.499,28.163],[77.495,28.146],[77.499,28.123],[77.491,28.113],[77.473,28.104],[77.469,28.086],[77.483,28.061],[77.478,28.049],[77.507,28.022],[77.512,28.01],[77.535,27.993],[77.51,27.973],[77.515,27.965],[77.536,27.966],[77.536,27.949],[77.519,27.932],[77.511,27.937],[77.492,27.932],[77.485,27.944],[77.469,27.933],[77.475,27.912],[77.47,27.895],[77.442,27.878],[77.422,27.894],[77.411,27.895],[77.402,27.882],[77.412,27.859],[77.393,27.859],[77.374,27.864],[77.353,27.856],[77.339,27.86],[77.329,27.852],[77.313,27.83],[77.289,27.829],[77.291,27.82],[77.276,27.807],[77.295,27.8],[77.304,27.788],[77.301,27.756],[77.311,27.737],[77.296,27.73],[77.302,27.713],[77.324,27.713],[77.334,27.708],[77.335,27.681],[77.342,27.653],[77.311,27.612],[77.326,27.597],[77.335,27.602],[77.35,27.593],[77.33,27.571],[77.333,27.539],[77.34,27.525],[77.352,27.52],[77.376,27.519],[77.392,27.502],[77.394,27.482],[77.407,27.476],[77.415,27.466],[77.43,27.462],[77.421,27.447],[77.415,27.425],[77.427,27.417],[77.432,27.399],[77.467,27.384],[77.476,27.388],[77.497,27.381],[77.509,27.368],[77.543,27.342],[77.568,27.333],[77.575,27.327],[77.593,27.338],[77.616,27.338],[77.614,27.315],[77.592,27.301],[77.609,27.288],[77.607,27.273],[77.613,27.26],[77.623,27.264],[77.644,27.239],[77.642,27.215],[77.657,27.213],[77.673,27.2],[77.655,27.176],[77.631,27.17],[77.615,27.175],[77.605,27.168],[77.607,27.154],[77.592,27.14],[77.597,27.129],[77.544,27.116],[77.529,27.104],[77.514,27.108],[77.502,27.099],[77.518,27.088],[77.514,27.07],[77.527,27.067],[77.546,27.081],[77.566,27.078],[77.567,27.06],[77.559,27.049],[77.561,27.036],[77.575,27.042],[77.599,27.029],[77.616,27.027],[77.627,27.016],[77.634,27.027],[77.657,27.023],[77.671,27.049],[77.684,27.045],[77.682,27.033],[77.694,27.02],[77.704,27],[77.722,27],[77.722,27.026],[77.736,27.034],[77.745,27.013],[77.736,26.988],[77.715,26.992],[77.692,26.979],[77.67,26.977],[77.66,26.968],[77.642,26.967],[77.58,26.931],[77.519,26.915],[77.482,26.904],[77.455,26.89],[77.451,26.875],[77.422,26.867],[77.426,26.853],[77.417,26.843],[77.439,26.819],[77.429,26.786],[77.429,26.77],[77.451,26.781],[77.464,26.77],[77.448,26.747],[77.48,26.754],[77.493,26.767],[77.481,26.788],[77.489,26.809],[77.498,26.848],[77.514,26.845],[77.512,26.828],[77.521,26.822],[77.536,26.825],[77.547,26.822],[77.565,26.825],[77.572,26.832],[77.609,26.835],[77.616,26.848],[77.625,26.847],[77.657,26.856],[77.672,26.874],[77.716,26.881],[77.721,26.893],[77.711,26.903],[77.724,26.923],[77.749,26.927],[77.753,26.938],[77.765,26.938],[77.789,26.922],[77.805,26.929],[77.815,26.923],[77.836,26.92],[77.871,26.906],[77.89,26.889],[77.903,26.901],[77.91,26.914],[77.929,26.913],[77.942,26.9],[77.963,26.913],[77.975,26.898],[77.992,26.911],[78.014,26.908],[78.022,26.89],[78.018,26.882],[78.035,26.875],[78.044,26.885],[78.042,26.915],[78.061,26.916],[78.087,26.902],[78.103,26.91],[78.095,26.929],[78.113,26.927],[78.115,26.955],[78.139,26.957],[78.19,26.947],[78.208,26.94],[78.216,26.954],[78.233,26.934],[78.261,26.932],[78.26,26.916],[78.248,26.901],[78.23,26.894],[78.227,26.883],[78.205,26.877],[78.19,26.883],[78.204,26.856],[78.214,26.849],[78.21,26.836],[78.223,26.837],[78.256,26.82],[78.265,26.825],[78.268,26.85],[78.282,26.864],[78.295,26.868],[78.324,26.869],[78.341,26.874],[78.363,26.871],[78.386,26.828],[78.4,26.826],[78.426,26.832],[78.446,26.803],[78.458,26.795],[78.516,26.785],[78.534,26.772],[78.566,26.758],[78.602,26.756],[78.62,26.775],[78.659,26.769],[78.668,26.774],[78.677,26.792],[78.715,26.8],[78.718,26.782],[78.726,26.78],[78.741,26.793],[78.762,26.767],[78.799,26.769],[78.811,26.765],[78.841,26.726],[78.865,26.705],[78.883,26.704],[78.904,26.713],[78.948,26.697],[78.937,26.672],[78.948,26.663],[78.964,26.677],[78.984,26.686],[79.001,26.674],[78.987,26.647],[79.003,26.627],[79.006,26.61],[78.991,26.605],[78.982,26.594],[78.998,26.574],[78.998,26.551],[79.033,26.536],[79.031,26.525],[79.05,26.507],[79.061,26.503],[79.063,26.485],[79.047,26.461],[79.069,26.447],[79.093,26.457],[79.127,26.445],[79.119,26.433],[79.117,26.417],[79.101,26.412],[79.087,26.418],[79.081,26.406],[79.09,26.388],[79.089,26.377],[79.077,26.363],[79.117,26.354],[79.123,26.345],[79.127,26.316],[79.109,26.309],[79.098,26.315],[79.078,26.287],[79.058,26.284],[79.047,26.271],[79.047,26.255],[79.063,26.247],[79.041,26.229],[79.017,26.232],[79.018,26.213],[79.002,26.197],[78.992,26.204],[78.976,26.193],[78.992,26.177],[79.003,26.173],[79.001,26.155],[78.986,26.151],[78.96,26.154],[78.944,26.138],[78.967,26.126],[78.972,26.109],[78.99,26.096],[79,26.097],[79.003,26.082],[78.997,26.074],[78.982,26.074],[78.944,26.037],[78.951,26.026],[78.945,26.014],[78.943,25.991],[78.925,25.965],[78.93,25.952],[78.915,25.949],[78.904,25.941],[78.894,25.926],[78.876,25.916],[78.887,25.899],[78.881,25.888],[78.884,25.876],[78.858,25.872],[78.847,25.861],[78.844,25.845],[78.866,25.834],[78.863,25.802],[78.856,25.794],[78.841,25.805],[78.841,25.821],[78.816,25.831],[78.821,25.799],[78.8,25.799],[78.78,25.775],[78.776,25.761],[78.762,25.752],[78.747,25.749],[78.746,25.738],[78.761,25.721],[78.791,25.711],[78.796,25.696],[78.811,25.674],[78.811,25.645],[78.805,25.625],[78.795,25.618],[78.766,25.613],[78.733,25.603],[78.711,25.607],[78.688,25.595],[78.677,25.594],[78.649,25.566],[78.62,25.574],[78.618,25.587],[78.604,25.587],[78.598,25.576],[78.581,25.564],[78.56,25.568],[78.547,25.565],[78.528,25.573],[78.511,25.573],[78.491,25.582],[78.481,25.58],[78.449,25.553],[78.434,25.565],[78.426,25.561],[78.409,25.533],[78.409,25.508],[78.422,25.48],[78.407,25.479],[78.394,25.471],[78.386,25.454],[78.361,25.447],[78.348,25.455],[78.335,25.431],[78.332,25.405],[78.311,25.385],[78.3,25.384],[78.294,25.368],[78.323,25.355],[78.331,25.337],[78.328,25.328],[78.308,25.311],[78.316,25.305],[78.345,25.298],[78.345,25.283],[78.362,25.265],[78.355,25.25],[78.369,25.242],[78.375,25.226],[78.396,25.221],[78.386,25.209],[78.385,25.195],[78.404,25.189],[78.417,25.173],[78.444,25.173],[78.442,25.157],[78.421,25.158],[78.423,25.145],[78.443,25.129],[78.425,25.125],[78.402,25.131],[78.39,25.127],[78.367,25.105],[78.333,25.093],[78.325,25.084],[78.331,25.045],[78.338,25.027],[78.328,25],[78.307,24.989],[78.29,24.968],[78.263,24.953],[78.256,24.942],[78.214,24.916],[78.2,24.896],[78.17,24.885],[78.163,24.871],[78.165,24.848],[78.187,24.843],[78.209,24.813],[78.226,24.777],[78.22,24.758],[78.226,24.736],[78.251,24.706],[78.257,24.686],[78.268,24.67],[78.257,24.649],[78.27,24.615],[78.268,24.597],[78.255,24.552],[78.224,24.541],[78.22,24.523],[78.238,24.512],[78.24,24.489],[78.263,24.483],[78.27,24.473],[78.26,24.46],[78.267,24.447],[78.29,24.433],[78.318,24.41],[78.337,24.404],[78.345,24.392],[78.359,24.387],[78.363,24.378],[78.327,24.338],[78.329,24.326],[78.341,24.308],[78.362,24.296],[78.386,24.273],[78.407,24.277],[78.411,24.288],[78.426,24.29],[78.435,24.298],[78.434,24.313],[78.44,24.326],[78.468,24.339],[78.475,24.367],[78.5,24.394],[78.515,24.391],[78.528,24.374],[78.553,24.361],[78.578,24.357],[78.585,24.343],[78.594,24.339],[78.605,24.316],[78.623,24.31],[78.617,24.296],[78.631,24.29],[78.654,24.274],[78.669,24.245],[78.681,24.244],[78.699,24.234],[78.719,24.239],[78.727,24.253],[78.746,24.239],[78.754,24.247],[78.768,24.218],[78.775,24.212],[78.785,24.185],[78.806,24.184],[78.811,24.209],[78.828,24.203],[78.839,24.215],[78.858,24.214],[78.874,24.219],[78.881,24.229],[78.879,24.254],[78.91,24.273],[78.913,24.289],[78.908,24.301],[78.932,24.319],[78.968,24.357],[78.967,24.374],[78.981,24.418],[78.988,24.428],[78.982,24.447],[78.944,24.443],[78.931,24.46],[78.913,24.464],[78.901,24.488],[78.914,24.501],[78.926,24.496],[78.925,24.486],[78.943,24.485],[78.966,24.497],[78.944,24.51],[78.94,24.543],[78.946,24.553],[78.913,24.581],[78.904,24.604],[78.893,24.614],[78.882,24.64],[78.873,24.647],[78.863,24.641],[78.856,24.623],[78.844,24.629],[78.833,24.621],[78.831,24.609],[78.802,24.608],[78.794,24.598],[78.777,24.593],[78.752,24.602],[78.748,24.612],[78.748,24.637],[78.74,24.66],[78.758,24.677],[78.76,24.694],[78.772,24.704],[78.763,24.767],[78.765,24.795],[78.778,24.805],[78.781,24.815],[78.773,24.83],[78.764,24.861],[78.747,24.871],[78.732,24.872],[78.723,24.881],[78.703,24.884],[78.696,24.895],[78.668,24.902],[78.657,24.925],[78.654,24.944],[78.625,24.962],[78.632,24.984],[78.637,25.026],[78.644,25.035],[78.642,25.061],[78.62,25.092],[78.597,25.098],[78.598,25.127],[78.594,25.157],[78.57,25.202],[78.561,25.227],[78.569,25.259],[78.552,25.271],[78.536,25.272],[78.521,25.288],[78.505,25.282],[78.489,25.292],[78.454,25.271],[78.436,25.273],[78.429,25.281],[78.43,25.297],[78.449,25.303],[78.467,25.293],[78.469,25.303],[78.488,25.32],[78.505,25.302],[78.525,25.307],[78.541,25.327],[78.534,25.331],[78.528,25.366],[78.545,25.359],[78.556,25.349],[78.576,25.352],[78.578,25.377],[78.561,25.396],[78.584,25.39],[78.603,25.417],[78.619,25.407],[78.634,25.41],[78.637,25.42],[78.633,25.433],[78.639,25.44],[78.658,25.444],[78.67,25.439],[78.689,25.445],[78.7,25.426],[78.669,25.404],[78.652,25.413],[78.658,25.388],[78.687,25.381],[78.693,25.388],[78.71,25.376],[78.704,25.359],[78.736,25.349],[78.764,25.358],[78.766,25.365],[78.759,25.404],[78.745,25.416],[78.795,25.427],[78.812,25.433],[78.789,25.442],[78.765,25.43],[78.752,25.438],[78.748,25.448],[78.725,25.463],[78.726,25.49],[78.739,25.5],[78.744,25.485],[78.757,25.476],[78.773,25.483],[78.79,25.484],[78.825,25.468],[78.846,25.454],[78.82,25.438],[78.837,25.434],[78.854,25.452],[78.857,25.467],[78.846,25.491],[78.827,25.504],[78.834,25.516],[78.876,25.524],[78.878,25.533],[78.868,25.544],[78.874,25.557],[78.886,25.561],[78.926,25.56],[78.942,25.551],[78.942,25.531],[78.917,25.517],[78.935,25.494],[78.93,25.469],[78.903,25.447],[78.929,25.428],[78.943,25.442],[78.96,25.439],[78.97,25.42],[78.966,25.411],[78.968,25.397],[78.976,25.389],[78.974,25.373],[78.948,25.37],[78.939,25.353],[78.897,25.365],[78.895,25.381],[78.931,25.377],[78.943,25.403],[78.915,25.4],[78.901,25.389],[78.875,25.388],[78.838,25.352],[78.844,25.332],[78.833,25.331],[78.815,25.311],[78.792,25.315],[78.783,25.303],[78.793,25.293],[78.804,25.302],[78.812,25.294],[78.806,25.271],[78.824,25.251],[78.835,25.233],[78.846,25.234],[78.85,25.253],[78.862,25.283],[78.872,25.292],[78.867,25.311],[78.856,25.317],[78.885,25.347],[78.908,25.339],[78.915,25.346],[78.931,25.332],[78.943,25.345],[78.956,25.348],[78.953,25.312],[78.97,25.291],[78.944,25.28],[78.941,25.263],[78.909,25.274],[78.896,25.25],[78.872,25.251],[78.867,25.233],[78.882,25.215],[78.88,25.206],[78.867,25.19],[78.877,25.162],[78.901,25.181],[78.924,25.211],[78.953,25.221],[78.969,25.217],[78.982,25.199],[78.996,25.196],[79,25.216],[78.995,25.232],[78.972,25.243],[78.973,25.254],[78.987,25.275],[79.012,25.274],[79.015,25.248],[79.029,25.249],[79.026,25.235],[79.056,25.226],[79.025,25.187],[79.036,25.174],[79.022,25.143],[79.039,25.137],[79.058,25.151],[79.064,25.172],[79.084,25.193],[79.091,25.176],[79.119,25.163],[79.108,25.144],[79.125,25.129],[79.115,25.118],[79.133,25.111],[79.138,25.118],[79.157,25.112],[79.179,25.118],[79.18,25.129],[79.169,25.132],[79.168,25.145],[79.185,25.151],[79.197,25.143],[79.198,25.128],[79.223,25.123],[79.238,25.116],[79.238,25.143],[79.225,25.14],[79.214,25.148],[79.225,25.158],[79.251,25.161],[79.262,25.141],[79.255,25.13],[79.277,25.12],[79.282,25.134],[79.301,25.131],[79.315,25.152],[79.302,25.175],[79.284,25.189],[79.278,25.211],[79.281,25.227],[79.274,25.248],[79.293,25.24],[79.311,25.219],[79.325,25.222],[79.333,25.201],[79.347,25.214],[79.335,25.223],[79.341,25.23],[79.34,25.273],[79.332,25.276],[79.315,25.261],[79.304,25.265],[79.286,25.281],[79.271,25.267],[79.257,25.279],[79.26,25.31],[79.278,25.328],[79.291,25.329],[79.295,25.34],[79.346,25.333],[79.334,25.317],[79.342,25.305],[79.331,25.294],[79.35,25.288],[79.353,25.265],[79.366,25.268],[79.364,25.293],[79.373,25.293],[79.402,25.279],[79.401,25.262],[79.431,25.26],[79.452,25.274],[79.453,25.283],[79.473,25.282],[79.479,25.265],[79.459,25.269],[79.453,25.257],[79.434,25.242],[79.427,25.225],[79.442,25.221],[79.432,25.203],[79.41,25.209],[79.404,25.19],[79.384,25.17],[79.38,25.149],[79.389,25.121],[79.409,25.116],[79.418,25.134],[79.435,25.127],[79.429,25.112],[79.436,25.108],[79.457,25.125],[79.47,25.131],[79.461,25.096],[79.472,25.087],[79.49,25.083],[79.5,25.099],[79.517,25.102],[79.514,25.126],[79.529,25.137],[79.55,25.169],[79.569,25.176],[79.574,25.159],[79.599,25.145],[79.606,25.132],[79.62,25.143],[79.633,25.133],[79.666,25.127],[79.677,25.137],[79.707,25.133],[79.726,25.136],[79.74,25.143],[79.751,25.141],[79.769,25.125],[79.788,25.12],[79.805,25.111],[79.816,25.111],[79.827,25.1],[79.856,25.099],[79.843,25.116],[79.852,25.14],[79.872,25.149],[79.861,25.156],[79.863,25.177],[79.852,25.203],[79.863,25.219],[79.845,25.237],[79.861,25.243],[79.872,25.254],[79.894,25.246],[79.906,25.254],[79.921,25.251],[79.943,25.272],[79.949,25.265],[79.977,25.265],[79.997,25.27],[79.994,25.289],[80.013,25.302],[80.01,25.325],[80.021,25.343],[80.037,25.341],[80.07,25.343],[80.083,25.356],[80.107,25.344],[80.127,25.341],[80.137,25.356],[80.159,25.366],[80.159,25.378],[80.188,25.384],[80.189,25.406],[80.214,25.404],[80.23,25.411],[80.245,25.405],[80.256,25.429],[80.274,25.425],[80.295,25.408],[80.309,25.392],[80.313,25.372],[80.303,25.358],[80.312,25.334],[80.311,25.311],[80.303,25.297],[80.312,25.282],[80.341,25.279],[80.358,25.251],[80.378,25.238],[80.399,25.243],[80.402,25.221],[80.418,25.192],[80.424,25.174],[80.415,25.165],[80.387,25.163],[80.349,25.141],[80.348,25.13],[80.323,25.107],[80.305,25.076],[80.282,25.063],[80.278,25.044],[80.267,25.03],[80.289,25.021],[80.314,25.004],[80.326,25.003],[80.338,25.021],[80.348,25.016],[80.368,25.025],[80.373,25.008],[80.382,25.01],[80.379,25.056],[80.394,25.072],[80.41,25.077],[80.423,25.071],[80.441,25.082],[80.446,25.066],[80.46,25.07],[80.47,25.045],[80.483,25.047],[80.502,25.063],[80.491,25.078],[80.487,25.092],[80.474,25.102],[80.51,25.101],[80.519,25.082],[80.543,25.068],[80.579,25.088],[80.607,25.076],[80.588,25.109],[80.598,25.128],[80.591,25.132],[80.595,25.155],[80.606,25.149],[80.605,25.136],[80.625,25.138],[80.622,25.122],[80.608,25.099],[80.618,25.094],[80.641,25.093],[80.654,25.076],[80.679,25.082],[80.672,25.065],[80.674,25.054],[80.727,25.072],[80.734,25.062],[80.776,25.062],[80.781,25.07],[80.776,25.084],[80.751,25.091],[80.746,25.099],[80.719,25.104],[80.717,25.129],[80.701,25.128],[80.723,25.149],[80.735,25.135],[80.751,25.142],[80.782,25.137],[80.8,25.146],[80.819,25.131],[80.828,25.11],[80.838,25.128],[80.832,25.141],[80.842,25.168],[80.836,25.193],[80.87,25.189],[80.878,25.196],[80.886,25.177],[80.906,25.164],[80.885,25.14],[80.875,25.144],[80.865,25.124],[80.873,25.103],[80.864,25.088],[80.875,25.08],[80.871,25.071],[80.841,25.051],[80.829,25.03],[80.84,25.02],[80.85,25.003],[80.836,24.986],[80.825,24.986],[80.819,24.974],[80.799,24.975],[80.792,24.964],[80.803,24.957],[80.802,24.944],[80.821,24.937],[80.857,24.936],[80.889,24.947],[80.897,24.957],[80.937,24.972],[80.945,24.968],[80.944,24.951],[80.953,24.939],[81,24.94],[81.017,24.932],[81.017,24.946],[81.027,24.955],[81.076,24.952],[81.09,24.924],[81.128,24.894],[81.14,24.916],[81.148,24.918],[81.155,24.932],[81.161,24.959],[81.206,24.939],[81.201,24.97],[81.212,24.978],[81.202,24.996],[81.22,25.007],[81.248,25.041],[81.262,25.068],[81.253,25.079],[81.259,25.087],[81.246,25.106],[81.258,25.117],[81.26,25.141],[81.275,25.153],[81.269,25.165],[81.305,25.167],[81.304,25.145],[81.308,25.126],[81.317,25.128],[81.311,25.153],[81.313,25.164],[81.33,25.172],[81.349,25.167],[81.366,25.144],[81.384,25.135],[81.389,25.124],[81.407,25.125],[81.42,25.136],[81.428,25.134],[81.439,25.114],[81.411,25.112],[81.403,25.106],[81.436,25.096],[81.459,25.093],[81.458,25.087],[81.484,25.075],[81.495,25.082],[81.497,25.096],[81.493,25.111],[81.478,25.121],[81.477,25.138],[81.491,25.135],[81.492,25.149],[81.519,25.152],[81.527,25.167],[81.511,25.174],[81.513,25.188],[81.533,25.185],[81.558,25.189],[81.566,25.196],[81.588,25.184],[81.582,25.168],[81.605,25.166],[81.62,25.156],[81.592,25.136],[81.591,25.123],[81.602,25.118],[81.617,25.123],[81.632,25.103],[81.615,25.094],[81.609,25.085],[81.594,25.077],[81.622,25.057],[81.636,25.062],[81.647,25.075],[81.66,25.078],[81.664,25.064],[81.678,25.065],[81.682,25.044],[81.705,25.038],[81.716,25.053],[81.732,25.049],[81.738,25.039],[81.771,25.023],[81.792,25.01],[81.829,25.019],[81.846,25.007],[81.874,25.002],[81.902,24.983],[81.904,24.942],[81.912,24.931],[81.91,24.92],[81.898,24.905],[81.896,24.893],[81.903,24.884],[81.928,24.873],[81.927,24.861],[81.962,24.832],[81.965,24.841],[82.005,24.851],[82.024,24.845],[82.065,24.823],[82.082,24.822],[82.1,24.81],[82.112,24.792],[82.126,24.794],[82.132,24.804],[82.159,24.792],[82.173,24.801],[82.209,24.798],[82.202,24.781],[82.189,24.782],[82.196,24.764],[82.209,24.76],[82.228,24.766],[82.238,24.754],[82.241,24.738],[82.243,24.702],[82.229,24.691],[82.229,24.675],[82.248,24.676],[82.253,24.666],[82.269,24.682],[82.292,24.665],[82.298,24.628],[82.293,24.617],[82.309,24.613],[82.33,24.624],[82.346,24.619],[82.361,24.602],[82.386,24.597],[82.409,24.598],[82.415,24.606],[82.406,24.618],[82.404,24.636],[82.412,24.658],[82.402,24.684],[82.42,24.705],[82.432,24.706],[82.448,24.691],[82.449,24.678],[82.477,24.684],[82.487,24.676],[82.518,24.678],[82.529,24.652],[82.574,24.663],[82.588,24.674],[82.636,24.688],[82.658,24.7],[82.666,24.7],[82.696,24.676],[82.692,24.649],[82.702,24.642],[82.727,24.646],[82.766,24.642],[82.768,24.598],[82.796,24.6],[82.801,24.553],[82.781,24.546],[82.746,24.542],[82.734,24.552],[82.716,24.557],[82.716,24.513],[82.737,24.5],[82.734,24.487],[82.724,24.476],[82.726,24.426],[82.715,24.416],[82.707,24.385],[82.718,24.371],[82.761,24.373],[82.764,24.348],[82.76,24.319],[82.766,24.312],[82.764,24.292],[82.751,24.268],[82.75,24.236],[82.727,24.223],[82.736,24.168],[82.723,24.157],[82.72,24.139],[82.688,24.144],[82.671,24.158],[82.666,24.143],[82.657,24.135],[82.664,24.124],[82.701,24.097],[82.708,24.081],[82.726,24.083],[82.755,24.073],[82.766,24.078],[82.756,24.044],[82.74,24.031],[82.746,24.013],[82.766,24.006],[82.79,24.007],[82.801,24.001],[82.799,23.977],[82.808,23.963],[82.821,23.965],[82.849,23.947],[82.863,23.926],[82.881,23.91],[82.925,23.891],[82.939,23.876],[82.954,23.873],[82.984,23.88],[83.036,23.883],[83.061,23.875],[83.087,23.878],[83.127,23.89],[83.145,23.91],[83.168,23.918],[83.19,23.921],[83.191,23.933],[83.202,23.941],[83.211,23.96],[83.208,23.973],[83.216,23.989],[83.237,24.001],[83.247,24.015],[83.259,24.012],[83.276,24.023],[83.277,24.046],[83.292,24.077],[83.324,24.101],[83.339,24.11],[83.349,24.126],[83.357,24.157],[83.378,24.201],[83.377,24.231],[83.391,24.245],[83.402,24.266],[83.396,24.293],[83.381,24.3],[83.376,24.313],[83.403,24.337],[83.424,24.339],[83.434,24.347],[83.443,24.373],[83.44,24.387],[83.43,24.404],[83.399,24.412],[83.401,24.437],[83.39,24.438],[83.381,24.456],[83.393,24.48],[83.393,24.501],[83.426,24.513],[83.462,24.518],[83.498,24.527],[83.493,24.542],[83.517,24.549],[83.525,24.567],[83.525,24.585],[83.517,24.603],[83.535,24.616],[83.539,24.628],[83.521,24.63],[83.516,24.643],[83.498,24.652],[83.499,24.668],[83.513,24.679],[83.49,24.706],[83.481,24.706],[83.483,24.731],[83.48,24.738],[83.453,24.733],[83.434,24.757],[83.411,24.775],[83.387,24.784],[83.396,24.811],[83.39,24.833],[83.368,24.863],[83.354,24.871],[83.364,24.88],[83.351,24.903],[83.358,24.914],[83.357,24.955],[83.344,24.964],[83.34,24.979],[83.346,24.992],[83.344,25.01],[83.32,25.016],[83.316,25.038],[83.323,25.048],[83.332,25.082],[83.338,25.088],[83.34,25.112],[83.354,25.11],[83.353,25.149],[83.343,25.159],[83.348,25.179],[83.344,25.187],[83.35,25.199],[83.36,25.196],[83.388,25.207],[83.409,25.249],[83.433,25.254],[83.443,25.259],[83.46,25.252],[83.48,25.282],[83.508,25.286],[83.544,25.313],[83.572,25.318],[83.584,25.325],[83.611,25.333],[83.62,25.329],[83.644,25.354],[83.656,25.364],[83.686,25.369],[83.676,25.382],[83.704,25.386],[83.709,25.395],[83.748,25.404],[83.763,25.399],[83.782,25.399],[83.797,25.408],[83.805,25.425],[83.803,25.433],[83.821,25.438],[83.838,25.437],[83.833,25.45],[83.81,25.454],[83.81,25.466],[83.834,25.463],[83.851,25.474],[83.855,25.485],[83.871,25.503],[83.873,25.52],[83.893,25.525],[83.921,25.562],[83.944,25.567],[84.014,25.616],[84.028,25.623],[84.077,25.638],[84.08,25.653],[84.07,25.696],[84.083,25.713],[84.108,25.724],[84.148,25.726],[84.168,25.722],[84.194,25.703],[84.2,25.672],[84.217,25.664],[84.29,25.663],[84.299,25.672],[84.319,25.672],[84.324,25.704],[84.326,25.737],[84.331,25.745],[84.354,25.744],[84.394,25.729],[84.4,25.717],[84.402,25.7],[84.424,25.695],[84.424,25.712],[84.449,25.714],[84.463,25.699],[84.467,25.686],[84.489,25.691],[84.488,25.678],[84.506,25.682],[84.516,25.678],[84.531,25.693],[84.552,25.684],[84.559,25.701],[84.556,25.736],[84.596,25.739],[84.613,25.731],[84.631,25.728],[84.626,25.742],[84.601,25.761],[84.61,25.777],[84.621,25.772],[84.621,25.792],[84.587,25.82],[84.547,25.841],[84.544,25.83],[84.527,25.834],[84.529,25.878],[84.507,25.872],[84.485,25.889],[84.467,25.884],[84.461,25.889],[84.431,25.893],[84.424,25.898],[84.408,25.931],[84.386,25.938],[84.351,25.959],[84.314,25.948],[84.292,25.948],[84.24,25.983],[84.202,26.001],[84.192,25.99],[84.172,25.999],[84.167,26.025],[84.137,26.047],[84.116,26.075],[84.091,26.097],[84.081,26.1],[84.049,26.1],[84.042,26.112],[84.042,26.132],[84.018,26.145],[84.028,26.163],[84.014,26.167],[84.003,26.178],[84.002,26.19],[84.024,26.22],[84.008,26.225],[84.006,26.234],[84.031,26.239],[84.034,26.232],[84.074,26.225],[84.092,26.24],[84.11,26.242],[84.113,26.262],[84.141,26.258],[84.157,26.261],[84.168,26.274],[84.172,26.304],[84.182,26.317],[84.167,26.338],[84.167,26.36],[84.171,26.374],[84.117,26.385],[84.062,26.39],[84.055,26.402],[84.036,26.408],[84.016,26.432],[84.016,26.442],[83.99,26.448],[83.983,26.435],[83.946,26.438],[83.902,26.45],[83.907,26.507],[83.902,26.518],[83.93,26.525],[83.946,26.518],[83.946,26.51],[83.965,26.512],[83.974,26.532],[84.001,26.525],[84.048,26.543],[84.049,26.562],[84.07,26.589],[84.079,26.594],[84.085,26.611],[84.08,26.624],[84.08,26.641],[84.106,26.637],[84.152,26.639],[84.149,26.628],[84.167,26.624],[84.202,26.624],[84.229,26.613],[84.259,26.607],[84.272,26.599],[84.279,26.607],[84.295,26.607],[84.297,26.616],[84.325,26.615],[84.351,26.62],[84.371,26.615],[84.379,26.622],[84.414,26.627],[84.405,26.643],[84.402,26.671],[84.367,26.679],[84.35,26.681],[84.337,26.681],[84.323,26.688],[84.319,26.716],[84.306,26.738],[84.298,26.753],[84.279,26.751],[84.267,26.742],[84.254,26.734],[84.242,26.731],[84.225,26.757],[84.241,26.775],[84.248,26.793],[84.252,26.809],[84.249,26.821],[84.243,26.822],[84.25,26.838],[84.246,26.859],[84.235,26.864],[84.222,26.87],[84.209,26.871],[84.197,26.861],[84.176,26.853],[84.175,26.846],[84.169,26.835],[84.151,26.839],[84.132,26.856],[84.132,26.871],[84.139,26.874],[84.141,26.884],[84.13,26.885],[84.122,26.893],[84.1,26.888],[84.093,26.878],[84.088,26.882],[84.076,26.879],[84.059,26.891],[84.049,26.9],[84.051,26.902],[84.045,26.905],[84.042,26.909],[84.049,26.915],[84.045,26.93],[84.03,26.94],[84.025,26.943],[84.032,26.949],[84.035,26.949],[84.039,26.958],[84.047,26.962],[84.041,26.968],[84.043,26.98],[84.036,26.984],[84.05,26.991],[84.043,27.003],[84.03,27.012],[84.036,27.019],[84.041,27.045],[84.036,27.047],[84.024,27.045],[83.995,27.061],[83.991,27.069],[84.006,27.072],[84.017,27.084],[84.019,27.093],[84.014,27.1],[84.005,27.104],[83.978,27.093],[83.948,27.086],[83.941,27.09],[83.94,27.102],[83.941,27.12],[83.951,27.126],[83.954,27.132],[83.951,27.141],[83.968,27.166],[83.984,27.179],[83.985,27.182],[83.977,27.203],[83.965,27.211],[83.963,27.221],[83.962,27.228],[83.948,27.238],[83.908,27.248],[83.902,27.252],[83.896,27.277],[83.919,27.293],[83.926,27.304],[83.924,27.316],[83.908,27.33],[83.888,27.326],[83.872,27.316],[83.855,27.311],[83.829,27.327],[83.849,27.336],[83.859,27.351],[83.833,27.37],[83.709,27.427],[83.668,27.447],[83.617,27.469],[83.391,27.479],[83.404,27.457],[83.398,27.446],[83.386,27.442],[83.395,27.425],[83.409,27.415],[83.408,27.405],[83.387,27.39],[83.39,27.376],[83.377,27.37],[83.376,27.36],[83.36,27.35],[83.355,27.34],[83.334,27.332],[83.297,27.334],[83.275,27.353],[83.268,27.365],[83.274,27.383],[83.242,27.406],[83.228,27.412],[83.212,27.424],[83.19,27.454],[83.167,27.458],[83.077,27.453],[83.036,27.449],[83.025,27.452],[82.956,27.468],[82.942,27.491],[82.932,27.501],[82.872,27.498],[82.837,27.502],[82.804,27.496],[82.787,27.5],[82.737,27.503],[82.74,27.518],[82.751,27.523],[82.74,27.547],[82.757,27.588],[82.735,27.619],[82.74,27.641],[82.728,27.658],[82.716,27.662],[82.72,27.687],[82.708,27.703],[82.707,27.716],[82.668,27.715],[82.621,27.702],[82.607,27.706],[82.543,27.686],[82.518,27.69],[82.475,27.676],[82.451,27.679],[82.404,27.703],[82.384,27.72],[82.369,27.742],[82.338,27.755],[82.305,27.773],[82.255,27.81],[82.232,27.821],[82.21,27.843],[82.179,27.855],[82.156,27.866],[82.152,27.858],[82.125,27.865],[82.116,27.877],[82.093,27.895],[82.073,27.923],[82.027,27.925],[81.993,27.929],[81.97,27.929],[81.94,27.894],[81.927,27.875],[81.928,27.86],[81.904,27.854],[81.887,27.857],[81.875,27.869],[81.835,27.897],[81.807,27.903],[81.704,27.987],[81.695,27.989],[81.645,27.994],[81.619,28.01],[81.588,28.025],[81.549,28.049],[81.48,28.083],[81.482,28.11],[81.486,28.118],[81.452,28.141],[81.449,28.16],[81.412,28.175],[81.377,28.177],[81.369,28.166],[81.379,28.159],[81.373,28.142],[81.336,28.14],[81.32,28.133],[81.322,28.197],[81.301,28.22],[81.282,28.235],[81.235,28.289],[81.236,28.325],[81.212,28.361],[81.091,28.382],[81.082,28.385],[81.048,28.41],[81.019,28.416],[81.036,28.428],[81.015,28.438],[81.019,28.452],[81.001,28.454],[80.981,28.434],[80.967,28.438],[80.947,28.455],[80.919,28.46],[80.907,28.466],[80.903,28.486],[80.91,28.498],[80.898,28.506],[80.878,28.51],[80.857,28.497],[80.845,28.5],[80.817,28.521],[80.801,28.521],[80.786,28.529],[80.792,28.544],[80.771,28.55],[80.77,28.566],[80.74,28.574],[80.726,28.575],[80.716,28.568],[80.692,28.587],[80.697,28.603],[80.679,28.604],[80.681,28.62],[80.672,28.628],[80.669,28.642],[80.653,28.634],[80.613,28.639],[80.608,28.652],[80.582,28.661],[80.592,28.68],[80.57,28.688],[80.542,28.691],[80.508,28.671],[80.505,28.665],[80.523,28.577],[80.532,28.573],[80.524,28.553],[80.508,28.568],[80.473,28.591],[80.463,28.621],[80.439,28.635],[80.416,28.639],[80.388,28.63],[80.373,28.629],[80.362,28.645],[80.328,28.666],[80.319,28.7],[80.295,28.711],[80.279,28.71],[80.258,28.729],[80.267,28.744],[80.252,28.758],[80.236,28.759],[80.218,28.755],[80.173,28.782],[80.14,28.814],[80.12,28.829],[80.077,28.824],[80.072,28.83],[80.058,28.835],[80.026,28.8],[80.04,28.783],[80.029,28.758],[80.014,28.737],[79.988,28.717],[79.953,28.718],[79.922,28.733],[79.918,28.752],[79.91,28.763],[79.899,28.774],[79.892,28.781],[79.889,28.786],[79.901,28.799],[79.895,28.801],[79.88,28.797],[79.867,28.796],[79.846,28.805],[79.846,28.821],[79.854,28.821],[79.875,28.821],[79.875,28.83],[79.856,28.839],[79.824,28.845],[79.813,28.83],[79.815,28.819],[79.816,28.812],[79.811,28.811],[79.805,28.809],[79.803,28.806],[79.783,28.805],[79.789,28.82],[79.795,28.815],[79.798,28.821],[79.801,28.83],[79.799,28.836],[79.794,28.843],[79.8,28.854],[79.809,28.859],[79.809,28.863],[79.806,28.869],[79.795,28.87],[79.791,28.877],[79.774,28.892],[79.762,28.89]]]},"properties":{"ID_0":105,"ISO":"IND","NAME_0":"India","ID_1":33,"NAME_1":"Uttar Pradesh","NL_NAME_1":null,"VARNAME_1":"United Provinces","TYPE_1":"State","ENGTYPE_1":"State"}},
{"type":"Feature","geometry":{"type":"Polygon","coordinates":[[[80.072,28.83],[80.066,28.837],[80.06,28.916],[80.098,28.975],[80.102,28.986],[80.12,28.982],[80.129,29.006],[80.128,29.032],[80.138,29.059],[80.13,29.061],[80.146,29.103],[80.166,29.117],[80.17,29.126],[80.186,29.137],[80.205,29.129],[80.211,29.122],[80.235,29.118],[80.256,29.138],[80.274,29.145],[80.26,29.166],[80.26,29.187],[80.242,29.203],[80.25,29.221],[80.263,29.207],[80.277,29.207],[80.295,29.198],[80.298,29.221],[80.292,29.232],[80.302,29.242],[80.301,29.262],[80.306,29.285],[80.32,29.302],[80.318,29.316],[80.299,29.324],[80.273,29.364],[80.277,29.392],[80.243,29.412],[80.249,29.437],[80.248,29.447],[80.304,29.453],[80.29,29.472],[80.298,29.488],[80.315,29.485],[80.315,29.498],[80.342,29.51],[80.359,29.534],[80.343,29.542],[80.351,29.555],[80.381,29.561],[80.393,29.582],[80.409,29.595],[80.407,29.613],[80.413,29.625],[80.423,29.63],[80.418,29.651],[80.392,29.665],[80.386,29.675],[80.366,29.74],[80.37,29.751],[80.387,29.75],[80.398,29.763],[80.409,29.792],[80.431,29.798],[80.466,29.802],[80.494,29.795],[80.499,29.811],[80.509,29.823],[80.523,29.827],[80.555,29.853],[80.559,29.871],[80.574,29.894],[80.571,29.909],[80.576,29.923],[80.592,29.948],[80.605,29.959],[80.638,29.964],[80.65,29.956],[80.678,29.958],[80.692,29.974],[80.714,29.99],[80.721,30],[80.74,30],[80.749,30.007],[80.76,30.028],[80.763,30.049],[80.781,30.057],[80.808,30.09],[80.823,30.1],[80.847,30.102],[80.847,30.116],[80.876,30.126],[80.88,30.132],[80.865,30.169],[80.882,30.181],[80.886,30.194],[80.912,30.223],[80.929,30.236],[80.978,30.238],[80.99,30.247],[81.019,30.237],[81.02,30.251],[81.011,30.263],[80.994,30.27],[80.967,30.276],[80.941,30.284],[80.917,30.288],[80.883,30.3],[80.846,30.307],[80.811,30.32],[80.782,30.338],[80.772,30.348],[80.759,30.375],[80.731,30.402],[80.7,30.418],[80.661,30.446],[80.649,30.445],[80.594,30.482],[80.577,30.49],[80.566,30.489],[80.556,30.467],[80.531,30.461],[80.526,30.454],[80.504,30.47],[80.485,30.49],[80.457,30.494],[80.424,30.506],[80.401,30.531],[80.381,30.524],[80.368,30.527],[80.316,30.554],[80.306,30.568],[80.278,30.574],[80.24,30.565],[80.211,30.582],[80.206,30.597],[80.211,30.615],[80.199,30.628],[80.209,30.645],[80.18,30.67],[80.183,30.68],[80.199,30.69],[80.22,30.697],[80.224,30.715],[80.237,30.741],[80.223,30.765],[80.207,30.758],[80.19,30.764],[80.185,30.787],[80.159,30.812],[80.14,30.811],[80.138,30.796],[80.126,30.794],[80.113,30.781],[80.103,30.78],[80.074,30.8],[80.069,30.819],[80.05,30.833],[80.044,30.844],[80.025,30.844],[79.995,30.867],[79.968,30.882],[79.942,30.892],[79.915,30.892],[79.898,30.922],[79.88,30.925],[79.866,30.961],[79.855,30.979],[79.83,30.984],[79.809,30.977],[79.76,30.993],[79.746,31.006],[79.733,31.002],[79.725,30.991],[79.696,30.982],[79.654,30.986],[79.649,30.971],[79.624,30.965],[79.585,30.944],[79.576,30.954],[79.56,30.957],[79.531,30.974],[79.538,30.991],[79.519,30.993],[79.522,31.008],[79.505,31.023],[79.497,31.041],[79.48,31.038],[79.466,31.041],[79.422,31.036],[79.413,31.038],[79.406,31.077],[79.391,31.082],[79.39,31.099],[79.382,31.118],[79.361,31.12],[79.345,31.127],[79.325,31.13],[79.3,31.149],[79.285,31.17],[79.282,31.181],[79.288,31.196],[79.273,31.231],[79.263,31.245],[79.243,31.247],[79.234,31.254],[79.234,31.269],[79.246,31.284],[79.248,31.297],[79.221,31.32],[79.222,31.337],[79.198,31.352],[79.178,31.372],[79.163,31.399],[79.149,31.411],[79.129,31.439],[79.076,31.458],[79.057,31.472],[79.037,31.457],[79.034,31.428],[79.007,31.401],[78.995,31.379],[78.993,31.368],[78.981,31.357],[78.961,31.352],[78.93,31.338],[78.923,31.325],[78.924,31.301],[78.916,31.287],[78.917,31.267],[78.907,31.259],[78.91,31.234],[78.92,31.223],[78.935,31.222],[78.936,31.206],[78.946,31.194],[78.972,31.182],[78.977,31.17],[78.978,31.146],[78.989,31.137],[78.997,31.118],[78.966,31.115],[78.942,31.105],[78.92,31.108],[78.904,31.115],[78.897,31.106],[78.88,31.104],[78.862,31.112],[78.852,31.126],[78.838,31.131],[78.819,31.147],[78.801,31.178],[78.803,31.199],[78.795,31.205],[78.771,31.197],[78.749,31.194],[78.696,31.196],[78.676,31.203],[78.651,31.198],[78.638,31.208],[78.636,31.22],[78.617,31.225],[78.601,31.236],[78.567,31.234],[78.537,31.207],[78.514,31.204],[78.47,31.204],[78.467,31.221],[78.444,31.244],[78.419,31.26],[78.414,31.251],[78.398,31.248],[78.393,31.262],[78.369,31.288],[78.356,31.291],[78.317,31.285],[78.298,31.288],[78.293,31.266],[78.269,31.271],[78.248,31.247],[78.233,31.235],[78.207,31.237],[78.2,31.226],[78.185,31.223],[78.171,31.232],[78.148,31.232],[78.135,31.216],[78.119,31.214],[78.114,31.206],[78.092,31.193],[78.054,31.193],[78.03,31.185],[78.008,31.157],[77.993,31.167],[77.969,31.165],[77.955,31.179],[77.915,31.157],[77.902,31.159],[77.88,31.137],[77.879,31.125],[77.852,31.111],[77.85,31.095],[77.843,31.081],[77.825,31.074],[77.805,31.054],[77.815,31.034],[77.825,31.005],[77.808,30.994],[77.796,30.97],[77.754,30.977],[77.736,30.964],[77.733,30.95],[77.746,30.934],[77.746,30.922],[77.767,30.92],[77.793,30.926],[77.801,30.913],[77.786,30.896],[77.784,30.872],[77.789,30.859],[77.765,30.865],[77.758,30.88],[77.745,30.881],[77.742,30.864],[77.731,30.851],[77.744,30.836],[77.719,30.808],[77.715,30.794],[77.705,30.779],[77.688,30.769],[77.694,30.746],[77.707,30.746],[77.731,30.724],[77.741,30.711],[77.733,30.686],[77.754,30.676],[77.766,30.665],[77.775,30.641],[77.771,30.628],[77.757,30.62],[77.757,30.605],[77.732,30.607],[77.73,30.598],[77.744,30.59],[77.754,30.57],[77.778,30.557],[77.806,30.561],[77.812,30.538],[77.799,30.511],[77.768,30.504],[77.721,30.478],[77.711,30.477],[77.682,30.458],[77.662,30.449],[77.64,30.452],[77.631,30.436],[77.604,30.437],[77.581,30.43],[77.563,30.417],[77.563,30.404],[77.578,30.412],[77.586,30.408],[77.609,30.41],[77.622,30.405],[77.636,30.41],[77.663,30.385],[77.674,30.385],[77.698,30.35],[77.711,30.339],[77.751,30.325],[77.812,30.291],[77.866,30.27],[77.871,30.274],[77.917,30.256],[77.929,30.24],[77.918,30.225],[77.904,30.215],[77.896,30.186],[77.872,30.163],[77.855,30.134],[77.82,30.094],[77.808,30.09],[77.786,30.1],[77.758,30.047],[77.774,30.032],[77.768,30.023],[77.753,30.017],[77.741,29.994],[77.73,29.987],[77.744,29.972],[77.74,29.959],[77.718,29.935],[77.729,29.929],[77.733,29.913],[77.72,29.903],[77.703,29.868],[77.713,29.856],[77.73,29.853],[77.729,29.838],[77.739,29.83],[77.742,29.81],[77.765,29.785],[77.766,29.764],[77.762,29.744],[77.769,29.735],[77.758,29.716],[77.783,29.708],[77.797,29.698],[77.793,29.682],[77.821,29.669],[77.834,29.672],[77.859,29.688],[77.874,29.702],[77.9,29.698],[77.916,29.712],[77.941,29.715],[77.945,29.687],[77.963,29.67],[77.965,29.655],[77.977,29.642],[77.973,29.632],[77.977,29.614],[77.953,29.602],[77.948,29.59],[77.985,29.585],[77.979,29.554],[78.004,29.556],[78.033,29.552],[78.043,29.572],[78.037,29.581],[78.044,29.593],[78.059,29.602],[78.079,29.6],[78.091,29.625],[78.107,29.633],[78.115,29.645],[78.134,29.659],[78.139,29.676],[78.166,29.68],[78.182,29.692],[78.194,29.71],[78.221,29.718],[78.231,29.704],[78.265,29.727],[78.303,29.758],[78.332,29.796],[78.351,29.786],[78.386,29.774],[78.413,29.772],[78.424,29.762],[78.452,29.752],[78.474,29.748],[78.488,29.741],[78.49,29.725],[78.5,29.715],[78.507,29.691],[78.512,29.651],[78.531,29.624],[78.576,29.581],[78.621,29.553],[78.64,29.548],[78.693,29.509],[78.727,29.509],[78.742,29.501],[78.766,29.484],[78.866,29.46],[78.9,29.456],[78.896,29.424],[78.887,29.409],[78.863,29.395],[78.857,29.386],[78.814,29.37],[78.784,29.343],[78.77,29.341],[78.757,29.35],[78.742,29.336],[78.726,29.33],[78.728,29.313],[78.766,29.29],[78.759,29.287],[78.8,29.258],[78.814,29.252],[78.831,29.261],[78.864,29.249],[78.891,29.216],[78.899,29.203],[78.905,29.163],[78.9,29.151],[78.914,29.149],[78.924,29.157],[78.944,29.15],[78.951,29.16],[78.967,29.166],[78.979,29.155],[78.984,29.137],[78.993,29.134],[79.001,29.117],[79.017,29.118],[79.028,29.133],[79.012,29.135],[79.013,29.149],[79.029,29.152],[79.022,29.167],[79.034,29.171],[79.046,29.155],[79.073,29.152],[79.101,29.132],[79.118,29.134],[79.142,29.12],[79.143,29.099],[79.135,29.082],[79.144,29.06],[79.165,29.051],[79.155,29.027],[79.169,29.016],[79.183,29.024],[79.198,29.022],[79.204,29.029],[79.238,29.007],[79.239,29],[79.264,28.982],[79.279,28.965],[79.295,28.954],[79.307,28.958],[79.35,28.952],[79.36,28.97],[79.379,28.936],[79.401,28.932],[79.401,28.902],[79.396,28.885],[79.404,28.875],[79.411,28.856],[79.433,28.862],[79.46,28.859],[79.477,28.867],[79.507,28.863],[79.533,28.89],[79.543,28.891],[79.554,28.879],[79.548,28.854],[79.551,28.846],[79.577,28.85],[79.592,28.867],[79.619,28.868],[79.654,28.849],[79.666,28.848],[79.686,28.867],[79.705,28.87],[79.71,28.879],[79.728,28.885],[79.74,28.883],[79.75,28.893],[79.762,28.89],[79.774,28.892],[79.791,28.877],[79.795,28.87],[79.806,28.869],[79.809,28.863],[79.809,28.859],[79.8,28.854],[79.794,28.843],[79.799,28.836],[79.801,28.83],[79.798,28.821],[79.795,28.815],[79.789,28.82],[79.783,28.805],[79.803,28.806],[79.805,28.809],[79.811,28.811],[79.816,28.812],[79.815,28.819],[79.813,28.83],[79.824,28.845],[79.856,28.839],[79.875,28.83],[79.875,28.821],[79.854,28.821],[79.846,28.821],[79.846,28.805],[79.867,28.796],[79.88,28.797],[79.895,28.801],[79.901,28.799],[79.889,28.786],[79.892,28.781],[79.899,28.774],[79.91,28.763],[79.918,28.752],[79.922,28.733],[79.953,28.718],[79.988,28.717],[80.014,28.737],[80.029,28.758],[80.04,28.783],[80.026,28.8],[80.058,28.835],[80.072,28.83]]]},"properties":{"ID_0":105,"ISO":"IND","NAME_0":"India","ID_1":34,"NAME_1":"Uttaranchal","NL_NAME_1":null,"VARNAME_1":"Uttarakhand","TYPE_1":"State","ENGTYPE_1":"State"}},
{"type":"Feature","geometry":{"type":"MultiPolygon","coordinates":[[[[88.498,21.6],[88.486,21.588],[88.481,21.555],[88.506,21.541],[88.531,21.542],[88.533,21.561],[88.53,21.583],[88.503,21.594],[88.498,21.6]]],[[[88.178,21.601],[88.17,21.6],[88.174,21.567],[88.186,21.577],[88.178,21.601]]],[[[88.835,21.607],[88.828,21.577],[88.836,21.56],[88.854,21.55],[88.875,21.549],[88.9,21.552],[88.904,21.559],[88.893,21.579],[88.876,21.592],[88.842,21.601],[88.835,21.607]]],[[[88.729,21.637],[88.72,21.638],[88.713,21.625],[88.708,21.59],[88.714,21.578],[88.741,21.573],[88.747,21.589],[88.757,21.6],[88.736,21.61],[88.729,21.637]]],[[[88.537,21.639],[88.52,21.644],[88.524,21.627],[88.51,21.601],[88.537,21.588],[88.55,21.564],[88.576,21.574],[88.587,21.588],[88.584,21.611],[88.558,21.632],[88.537,21.639]]],[[[88.772,21.653],[88.736,21.645],[88.73,21.634],[88.738,21.61],[88.753,21.605],[88.758,21.601],[88.757,21.596],[88.75,21.592],[88.749,21.579],[88.764,21.576],[88.788,21.581],[88.798,21.592],[88.794,21.6],[88.774,21.62],[88.772,21.653]]],[[[88.966,21.642],[88.962,21.647],[88.962,21.662],[88.954,21.677],[88.94,21.647],[88.956,21.617],[88.988,21.613],[88.995,21.626],[88.988,21.645],[88.979,21.644],[88.969,21.64],[88.966,21.642]]],[[[88.577,21.692],[88.568,21.689],[88.571,21.666],[88.555,21.647],[88.558,21.635],[88.573,21.631],[88.592,21.618],[88.603,21.621],[88.599,21.641],[88.586,21.658],[88.577,21.692]]],[[[88.592,21.694],[88.581,21.684],[88.589,21.657],[88.604,21.671],[88.606,21.68],[88.592,21.694]]],[[[88.984,21.706],[88.972,21.698],[88.951,21.701],[88.954,21.679],[88.963,21.663],[88.965,21.644],[88.971,21.642],[88.978,21.645],[88.988,21.646],[88.994,21.641],[89,21.602],[89.029,21.605],[89.036,21.624],[89.025,21.632],[89.022,21.655],[88.994,21.649],[88.988,21.653],[88.987,21.665],[88.993,21.671],[88.989,21.702],[88.984,21.706]]],[[[88.807,21.707],[88.763,21.691],[88.76,21.683],[88.732,21.683],[88.749,21.673],[88.759,21.663],[88.777,21.664],[88.797,21.656],[88.807,21.664],[88.81,21.704],[88.807,21.707]]],[[[88.311,21.706],[88.301,21.702],[88.312,21.688],[88.317,21.665],[88.306,21.629],[88.308,21.611],[88.337,21.621],[88.354,21.649],[88.346,21.662],[88.351,21.678],[88.346,21.689],[88.329,21.705],[88.311,21.706]]],[[[88.454,21.709],[88.437,21.706],[88.42,21.69],[88.421,21.651],[88.451,21.621],[88.471,21.674],[88.454,21.709]]],[[[88.697,21.713],[88.687,21.684],[88.725,21.638],[88.741,21.654],[88.703,21.687],[88.697,21.713]]],[[[88.205,21.721],[88.188,21.708],[88.181,21.689],[88.183,21.672],[88.195,21.633],[88.205,21.61],[88.214,21.625],[88.232,21.641],[88.225,21.671],[88.216,21.67],[88.198,21.677],[88.198,21.694],[88.217,21.701],[88.205,21.721]]],[[[89.059,21.722],[89.037,21.721],[89.018,21.708],[89.026,21.688],[89.024,21.68],[89.026,21.644],[89.049,21.62],[89.068,21.62],[89.093,21.637],[89.092,21.667],[89.073,21.69],[89.071,21.702],[89.059,21.722]]],[[[88.978,21.727],[88.972,21.719],[88.99,21.706],[88.996,21.673],[88.989,21.663],[88.991,21.653],[89.008,21.652],[89.018,21.661],[89.024,21.687],[89.02,21.699],[88.994,21.722],[88.978,21.727]]],[[[88.546,21.736],[88.535,21.732],[88.526,21.717],[88.517,21.712],[88.531,21.677],[88.528,21.656],[88.541,21.64],[88.568,21.665],[88.566,21.693],[88.586,21.699],[88.586,21.711],[88.571,21.733],[88.559,21.73],[88.546,21.736]]],[[[88.883,21.745],[88.872,21.721],[88.873,21.694],[88.882,21.684],[88.886,21.661],[88.905,21.65],[88.922,21.633],[88.935,21.664],[88.942,21.69],[88.936,21.702],[88.918,21.712],[88.914,21.726],[88.883,21.745]]],[[[88.412,21.731],[88.403,21.736],[88.395,21.755],[88.386,21.726],[88.402,21.72],[88.399,21.699],[88.38,21.681],[88.387,21.647],[88.383,21.63],[88.387,21.613],[88.402,21.596],[88.413,21.621],[88.425,21.619],[88.432,21.628],[88.418,21.644],[88.411,21.66],[88.413,21.691],[88.429,21.703],[88.412,21.731]]],[[[88.221,21.762],[88.214,21.751],[88.212,21.72],[88.221,21.702],[88.216,21.695],[88.201,21.691],[88.199,21.683],[88.209,21.674],[88.226,21.675],[88.233,21.669],[88.235,21.635],[88.217,21.62],[88.233,21.608],[88.245,21.592],[88.241,21.575],[88.248,21.564],[88.271,21.558],[88.292,21.563],[88.306,21.58],[88.289,21.596],[88.288,21.613],[88.293,21.637],[88.312,21.672],[88.309,21.679],[88.284,21.707],[88.272,21.728],[88.261,21.732],[88.271,21.755],[88.221,21.762]]],[[[88.927,21.762],[88.931,21.736],[88.923,21.721],[88.95,21.702],[88.972,21.699],[88.984,21.706],[88.971,21.718],[88.977,21.734],[88.97,21.739],[88.965,21.75],[88.948,21.758],[88.927,21.762]]],[[[88.365,21.764],[88.352,21.764],[88.343,21.754],[88.349,21.727],[88.338,21.71],[88.358,21.687],[88.385,21.701],[88.398,21.713],[88.365,21.722],[88.36,21.734],[88.36,21.745],[88.365,21.764]]],[[[89.005,21.765],[89.002,21.75],[89.015,21.734],[89.021,21.717],[89.056,21.73],[89.039,21.742],[89.025,21.757],[89.005,21.765]]],[[[88.832,21.766],[88.813,21.751],[88.791,21.749],[88.782,21.733],[88.784,21.71],[88.804,21.717],[88.819,21.703],[88.817,21.691],[88.823,21.671],[88.821,21.658],[88.809,21.64],[88.815,21.629],[88.84,21.62],[88.851,21.626],[88.86,21.643],[88.841,21.689],[88.84,21.716],[88.849,21.738],[88.865,21.756],[88.861,21.762],[88.832,21.766]]],[[[88.385,21.764],[88.373,21.764],[88.361,21.747],[88.361,21.735],[88.381,21.737],[88.39,21.759],[88.385,21.764]]],[[[88.582,21.778],[88.569,21.769],[88.584,21.745],[88.58,21.726],[88.592,21.719],[88.616,21.727],[88.616,21.741],[88.587,21.752],[88.584,21.761],[88.582,21.778]]],[[[88.302,21.725],[88.306,21.732],[88.299,21.767],[88.289,21.778],[88.285,21.753],[88.277,21.739],[88.278,21.728],[88.295,21.707],[88.302,21.725]]],[[[89,21.785],[88.99,21.789],[88.975,21.775],[88.967,21.772],[88.962,21.755],[88.967,21.75],[88.97,21.74],[88.984,21.748],[88.989,21.74],[88.977,21.729],[88.994,21.723],[89.005,21.716],[89.015,21.719],[89.012,21.735],[88.999,21.751],[88.997,21.771],[89,21.785]]],[[[88.61,21.79],[88.593,21.785],[88.589,21.78],[88.586,21.757],[88.621,21.74],[88.621,21.727],[88.599,21.714],[88.609,21.708],[88.619,21.717],[88.631,21.741],[88.623,21.773],[88.61,21.79]]],[[[88.459,21.789],[88.448,21.798],[88.436,21.777],[88.423,21.766],[88.427,21.755],[88.423,21.742],[88.43,21.726],[88.427,21.715],[88.433,21.704],[88.441,21.71],[88.455,21.711],[88.457,21.726],[88.467,21.737],[88.47,21.773],[88.475,21.791],[88.459,21.789]]],[[[88.716,21.807],[88.712,21.788],[88.696,21.751],[88.695,21.744],[88.706,21.714],[88.711,21.69],[88.732,21.675],[88.748,21.658],[88.755,21.666],[88.731,21.682],[88.733,21.689],[88.745,21.684],[88.758,21.684],[88.762,21.694],[88.757,21.706],[88.776,21.724],[88.753,21.732],[88.752,21.749],[88.759,21.759],[88.746,21.772],[88.735,21.775],[88.733,21.779],[88.728,21.778],[88.727,21.781],[88.716,21.807]]],[[[88.545,21.81],[88.529,21.802],[88.516,21.79],[88.505,21.772],[88.504,21.751],[88.525,21.718],[88.533,21.731],[88.542,21.738],[88.561,21.731],[88.573,21.736],[88.572,21.747],[88.562,21.76],[88.569,21.794],[88.553,21.808],[88.545,21.81]]],[[[88.422,21.811],[88.417,21.808],[88.412,21.804],[88.401,21.795],[88.395,21.789],[88.383,21.78],[88.401,21.753],[88.401,21.744],[88.423,21.72],[88.421,21.744],[88.425,21.753],[88.421,21.762],[88.423,21.771],[88.44,21.789],[88.441,21.801],[88.433,21.799],[88.427,21.804],[88.426,21.809],[88.422,21.811]]],[[[89,21.812],[88.99,21.79],[89.01,21.784],[89.017,21.812],[89,21.812]]],[[[88.751,21.795],[88.748,21.812],[88.738,21.799],[88.73,21.796],[88.728,21.792],[88.728,21.78],[88.734,21.779],[88.736,21.775],[88.746,21.772],[88.756,21.78],[88.751,21.795]]],[[[88.828,21.804],[88.82,21.822],[88.811,21.806],[88.797,21.791],[88.795,21.779],[88.786,21.769],[88.791,21.75],[88.812,21.751],[88.83,21.767],[88.822,21.781],[88.828,21.804]]],[[[88.787,21.745],[88.783,21.759],[88.785,21.772],[88.796,21.786],[88.788,21.794],[88.794,21.81],[88.785,21.824],[88.765,21.784],[88.75,21.769],[88.764,21.758],[88.754,21.743],[88.757,21.733],[88.777,21.731],[88.787,21.745]]],[[[88.916,21.826],[88.903,21.821],[88.895,21.813],[88.886,21.81],[88.884,21.802],[88.898,21.787],[88.901,21.777],[88.895,21.755],[88.906,21.752],[88.923,21.788],[88.918,21.792],[88.928,21.8],[88.927,21.804],[88.937,21.818],[88.935,21.823],[88.92,21.823],[88.916,21.826]]],[[[88.485,21.835],[88.456,21.819],[88.45,21.811],[88.46,21.801],[88.486,21.799],[88.5,21.813],[88.498,21.823],[88.485,21.835]]],[[[88.941,21.847],[88.935,21.845],[88.933,21.837],[88.925,21.835],[88.927,21.823],[88.937,21.823],[88.939,21.817],[88.935,21.814],[88.929,21.8],[88.92,21.792],[88.924,21.788],[88.92,21.775],[88.926,21.767],[88.949,21.764],[88.96,21.775],[88.945,21.779],[88.939,21.789],[88.954,21.808],[88.97,21.803],[88.975,21.823],[88.954,21.826],[88.947,21.839],[88.941,21.847]]],[[[88.592,21.85],[88.581,21.839],[88.576,21.817],[88.585,21.802],[88.613,21.798],[88.607,21.815],[88.616,21.831],[88.605,21.836],[88.592,21.85]]],[[[88.331,21.861],[88.315,21.858],[88.312,21.854],[88.315,21.845],[88.308,21.83],[88.285,21.823],[88.266,21.814],[88.26,21.807],[88.264,21.794],[88.282,21.791],[88.304,21.761],[88.31,21.731],[88.306,21.718],[88.317,21.709],[88.332,21.711],[88.345,21.722],[88.34,21.751],[88.343,21.76],[88.357,21.767],[88.378,21.769],[88.38,21.787],[88.361,21.796],[88.352,21.82],[88.352,21.855],[88.331,21.861]]],[[[88.856,21.865],[88.839,21.849],[88.841,21.815],[88.835,21.782],[88.862,21.778],[88.875,21.769],[88.879,21.749],[88.913,21.728],[88.922,21.743],[88.899,21.747],[88.893,21.751],[88.891,21.763],[88.897,21.782],[88.886,21.792],[88.88,21.808],[88.88,21.829],[88.875,21.846],[88.877,21.852],[88.856,21.857],[88.856,21.865]]],[[[88.137,21.875],[88.122,21.866],[88.072,21.778],[88.061,21.734],[88.044,21.718],[88.037,21.674],[88.042,21.649],[88.062,21.638],[88.082,21.635],[88.09,21.629],[88.116,21.626],[88.135,21.629],[88.155,21.653],[88.154,21.692],[88.171,21.745],[88.171,21.768],[88.164,21.8],[88.17,21.817],[88.157,21.83],[88.137,21.875]]],[[[88.789,21.879],[88.784,21.874],[88.777,21.865],[88.766,21.831],[88.786,21.826],[88.794,21.813],[88.795,21.791],[88.812,21.809],[88.821,21.825],[88.822,21.841],[88.829,21.863],[88.823,21.871],[88.804,21.867],[88.799,21.871],[88.789,21.863],[88.786,21.868],[88.792,21.873],[88.789,21.879]]],[[[88.979,21.893],[88.969,21.89],[88.98,21.869],[88.965,21.859],[88.951,21.842],[88.956,21.827],[88.972,21.827],[88.98,21.818],[88.976,21.804],[88.967,21.799],[88.951,21.8],[88.943,21.785],[88.959,21.783],[88.973,21.776],[88.985,21.788],[88.992,21.812],[89.02,21.818],[89.028,21.829],[89.031,21.863],[89.014,21.877],[88.979,21.893]]],[[[88.622,21.898],[88.603,21.876],[88.595,21.856],[88.606,21.846],[88.62,21.824],[88.612,21.818],[88.622,21.793],[88.639,21.785],[88.649,21.833],[88.649,21.854],[88.653,21.869],[88.646,21.871],[88.632,21.872],[88.635,21.877],[88.627,21.887],[88.627,21.894],[88.622,21.898]]],[[[88.817,21.901],[88.811,21.896],[88.808,21.868],[88.819,21.872],[88.831,21.866],[88.841,21.887],[88.834,21.895],[88.817,21.901]]],[[[88.562,21.897],[88.548,21.904],[88.55,21.881],[88.541,21.87],[88.543,21.856],[88.531,21.849],[88.534,21.834],[88.545,21.826],[88.563,21.831],[88.573,21.859],[88.576,21.884],[88.571,21.901],[88.562,21.897]]],[[[88.446,21.905],[88.436,21.902],[88.42,21.903],[88.417,21.887],[88.4,21.873],[88.401,21.857],[88.393,21.833],[88.403,21.798],[88.418,21.812],[88.424,21.812],[88.427,21.81],[88.43,21.801],[88.433,21.8],[88.443,21.802],[88.454,21.822],[88.478,21.838],[88.488,21.838],[88.491,21.85],[88.484,21.885],[88.461,21.894],[88.446,21.905]]],[[[88.718,21.907],[88.713,21.887],[88.698,21.86],[88.696,21.842],[88.709,21.81],[88.719,21.807],[88.726,21.794],[88.737,21.799],[88.74,21.806],[88.75,21.816],[88.753,21.814],[88.751,21.801],[88.764,21.788],[88.775,21.81],[88.776,21.824],[88.766,21.826],[88.764,21.834],[88.775,21.865],[88.771,21.876],[88.757,21.879],[88.747,21.897],[88.727,21.899],[88.718,21.907]]],[[[88.505,21.913],[88.489,21.911],[88.477,21.898],[88.49,21.889],[88.499,21.896],[88.509,21.91],[88.505,21.913]]],[[[88.64,21.922],[88.623,21.901],[88.629,21.894],[88.629,21.884],[88.641,21.874],[88.653,21.873],[88.653,21.881],[88.667,21.913],[88.64,21.922]]],[[[88.135,21.927],[88.122,21.924],[88.117,21.914],[88.129,21.899],[88.145,21.915],[88.135,21.927]]],[[[88.837,21.918],[88.835,21.909],[88.849,21.896],[88.854,21.87],[88.861,21.856],[88.874,21.855],[88.879,21.852],[88.878,21.846],[88.882,21.83],[88.881,21.82],[88.89,21.812],[88.903,21.822],[88.914,21.827],[88.923,21.836],[88.933,21.839],[88.933,21.846],[88.938,21.849],[88.939,21.854],[88.946,21.842],[88.948,21.841],[88.964,21.863],[88.977,21.868],[88.967,21.887],[88.972,21.899],[88.945,21.91],[88.915,21.928],[88.905,21.92],[88.887,21.914],[88.873,21.917],[88.857,21.911],[88.837,21.918]]],[[[88.724,21.932],[88.717,21.919],[88.729,21.9],[88.741,21.901],[88.751,21.896],[88.758,21.88],[88.772,21.878],[88.777,21.869],[88.786,21.879],[88.788,21.879],[88.793,21.878],[88.793,21.873],[88.787,21.867],[88.793,21.867],[88.797,21.877],[88.808,21.884],[88.809,21.895],[88.814,21.903],[88.799,21.92],[88.793,21.917],[88.775,21.924],[88.754,21.927],[88.744,21.919],[88.732,21.92],[88.724,21.932]]],[[[88.745,21.98],[88.725,21.978],[88.722,21.943],[88.733,21.925],[88.762,21.931],[88.789,21.92],[88.799,21.926],[88.805,21.938],[88.792,21.939],[88.787,21.943],[88.784,21.952],[88.776,21.941],[88.749,21.959],[88.755,21.975],[88.745,21.98]]],[[[88.66,22.019],[88.635,21.996],[88.628,21.968],[88.632,21.953],[88.657,21.954],[88.678,21.943],[88.692,21.956],[88.692,21.97],[88.716,22.001],[88.698,22.006],[88.674,22.019],[88.66,22.019]]],[[[88.141,22.026],[88.126,22.019],[88.094,22.011],[88.07,21.991],[88.056,21.96],[88.048,21.933],[88.046,21.916],[88.057,21.913],[88.088,21.933],[88.094,21.949],[88.122,21.988],[88.13,22.005],[88.143,22.021],[88.141,22.026]]],[[[88.813,22.019],[88.801,22.03],[88.777,22.015],[88.761,22.015],[88.76,21.996],[88.75,21.982],[88.757,21.973],[88.752,21.959],[88.776,21.943],[88.781,21.951],[88.787,21.955],[88.79,21.952],[88.789,21.943],[88.809,21.939],[88.825,21.94],[88.841,21.925],[88.857,21.919],[88.897,21.923],[88.907,21.93],[88.908,21.969],[88.902,21.987],[88.904,22.007],[88.9,22.013],[88.875,22.012],[88.867,22.024],[88.848,22.017],[88.822,22.022],[88.813,22.019]]],[[[88.764,22.052],[88.752,22.049],[88.762,22.021],[88.778,22.02],[88.791,22.029],[88.78,22.037],[88.775,22.05],[88.764,22.052]]],[[[88.903,22.045],[88.854,22.043],[88.877,22.015],[88.902,22.019],[88.903,22.045]]],[[[89.016,22.051],[89.002,22.059],[88.986,22.049],[88.968,22.016],[88.977,22.008],[88.974,21.995],[88.99,21.986],[89.016,21.984],[89.018,21.976],[89.003,21.96],[88.999,21.95],[89.03,21.926],[89.063,21.935],[89.069,21.948],[89.078,21.986],[89.068,22.014],[89.048,22.035],[89.04,22.049],[89.016,22.051]]],[[[88.812,22.061],[88.806,22.064],[88.801,22.057],[88.792,22.055],[88.78,22.038],[88.795,22.031],[88.806,22.033],[88.813,22.025],[88.832,22.027],[88.831,22.051],[88.812,22.061]]],[[[88.871,22.079],[88.854,22.079],[88.838,22.072],[88.829,22.07],[88.819,22.063],[88.833,22.05],[88.835,22.026],[88.844,22.022],[88.86,22.027],[88.85,22.043],[88.861,22.046],[88.881,22.046],[88.889,22.052],[88.87,22.063],[88.871,22.079]]],[[[88.904,22.084],[88.897,22.089],[88.881,22.084],[88.871,22.087],[88.872,22.063],[88.891,22.06],[88.893,22.073],[88.904,22.084]]],[[[88.803,22.085],[88.796,22.109],[88.779,22.103],[88.771,22.086],[88.758,22.079],[88.748,22.059],[88.781,22.049],[88.785,22.059],[88.798,22.057],[88.806,22.066],[88.818,22.063],[88.826,22.071],[88.803,22.085]]],[[[88.818,22.123],[88.806,22.125],[88.799,22.112],[88.806,22.085],[88.828,22.088],[88.838,22.073],[88.851,22.079],[88.866,22.081],[88.867,22.089],[88.85,22.103],[88.847,22.117],[88.83,22.125],[88.818,22.123]]],[[[88.865,22.167],[88.848,22.166],[88.86,22.148],[88.857,22.14],[88.835,22.13],[88.846,22.121],[88.854,22.101],[88.872,22.088],[88.917,22.091],[88.923,22.109],[88.906,22.13],[88.9,22.148],[88.886,22.165],[88.865,22.167]]],[[[88.95,22.189],[88.92,22.161],[88.897,22.171],[88.895,22.163],[88.905,22.152],[88.909,22.134],[88.93,22.112],[88.931,22.098],[88.908,22.078],[88.902,22.064],[88.911,22.044],[88.908,22.035],[88.916,22.011],[88.913,21.994],[88.931,21.942],[88.944,21.93],[88.969,21.921],[88.992,21.907],[89.015,21.903],[89.021,21.922],[89.009,21.935],[88.995,21.942],[88.994,21.97],[88.988,21.983],[88.972,21.988],[88.976,22.005],[88.965,22.017],[88.977,22.038],[88.961,22.049],[88.958,22.06],[88.939,22.062],[88.934,22.051],[88.935,22.026],[88.946,22],[88.931,22],[88.924,22.025],[88.922,22.056],[88.937,22.073],[88.956,22.074],[88.97,22.084],[88.983,22.119],[88.985,22.148],[88.967,22.17],[88.961,22.189],[88.95,22.189]]],[[[89.002,22.199],[88.973,22.193],[88.976,22.17],[88.994,22.149],[88.997,22.132],[88.984,22.096],[88.98,22.079],[88.963,22.061],[88.963,22.05],[88.978,22.04],[88.986,22.057],[89.002,22.06],[89.019,22.051],[89.039,22.055],[89.031,22.094],[89.035,22.11],[89.049,22.133],[89.022,22.148],[89.014,22.164],[89.013,22.196],[89.002,22.199]]],[[[88.695,22.209],[88.678,22.184],[88.653,22.163],[88.65,22.147],[88.638,22.122],[88.634,22.106],[88.652,22.081],[88.662,22.052],[88.663,22.024],[88.674,22.023],[88.702,22.007],[88.72,22.006],[88.734,22.011],[88.74,22.02],[88.729,22.038],[88.702,22.049],[88.688,22.06],[88.683,22.08],[88.689,22.09],[88.723,22.113],[88.736,22.133],[88.754,22.145],[88.766,22.146],[88.789,22.169],[88.769,22.18],[88.765,22.192],[88.74,22.197],[88.732,22.194],[88.695,22.209]]],[[[88.845,22.189],[88.836,22.205],[88.826,22.205],[88.839,22.179],[88.841,22.171],[88.833,22.165],[88.813,22.179],[88.806,22.178],[88.771,22.143],[88.749,22.135],[88.736,22.105],[88.703,22.078],[88.705,22.065],[88.726,22.056],[88.739,22.057],[88.75,22.081],[88.769,22.092],[88.772,22.106],[88.795,22.114],[88.798,22.125],[88.85,22.143],[88.851,22.156],[88.843,22.168],[88.852,22.174],[88.869,22.173],[88.864,22.197],[88.857,22.205],[88.852,22.203],[88.851,22.194],[88.845,22.189]]],[[[88.932,22.225],[88.921,22.231],[88.916,22.218],[88.916,22.206],[88.909,22.194],[88.931,22.177],[88.944,22.193],[88.961,22.194],[88.954,22.222],[88.932,22.225]]],[[[88.813,22.283],[88.795,22.276],[88.793,22.262],[88.792,22.258],[88.786,22.257],[88.774,22.251],[88.752,22.23],[88.747,22.199],[88.766,22.195],[88.771,22.185],[88.789,22.178],[88.815,22.181],[88.832,22.167],[88.838,22.173],[88.827,22.196],[88.817,22.197],[88.806,22.208],[88.801,22.228],[88.818,22.232],[88.825,22.241],[88.826,22.265],[88.815,22.266],[88.813,22.283]]],[[[88.85,22.363],[88.832,22.358],[88.818,22.359],[88.808,22.333],[88.812,22.314],[88.805,22.296],[88.816,22.282],[88.817,22.272],[88.827,22.265],[88.826,22.239],[88.805,22.221],[88.807,22.209],[88.837,22.207],[88.85,22.202],[88.855,22.206],[88.86,22.205],[88.867,22.196],[88.872,22.171],[88.885,22.168],[88.902,22.177],[88.918,22.165],[88.921,22.175],[88.906,22.192],[88.917,22.225],[88.921,22.233],[88.926,22.229],[88.954,22.226],[88.951,22.243],[88.933,22.254],[88.93,22.264],[88.937,22.297],[88.912,22.312],[88.892,22.343],[88.869,22.358],[88.85,22.363]]],[[[88.985,22.382],[88.988,22.393],[88.974,22.397],[88.968,22.388],[88.964,22.367],[88.955,22.361],[88.956,22.344],[88.952,22.332],[88.951,22.298],[88.953,22.276],[88.947,22.256],[88.962,22.242],[88.968,22.215],[88.986,22.206],[88.999,22.211],[89.019,22.207],[89.027,22.187],[89.024,22.165],[89.032,22.155],[89.051,22.147],[89.062,22.128],[89.075,22.145],[89.068,22.149],[89.061,22.167],[89.069,22.19],[89.065,22.201],[89.04,22.222],[89.035,22.234],[89.034,22.255],[89.018,22.251],[89.017,22.269],[88.996,22.283],[89,22.298],[89.022,22.299],[89,22.323],[88.983,22.326],[88.988,22.365],[88.985,22.382]]],[[[88.862,22.399],[88.856,22.395],[88.861,22.371],[88.874,22.363],[88.893,22.346],[88.903,22.347],[88.898,22.364],[88.884,22.372],[88.862,22.399]]],[[[88.781,22.501],[88.801,22.461],[88.804,22.444],[88.816,22.433],[88.827,22.447],[88.812,22.454],[88.81,22.481],[88.8,22.486],[88.792,22.499],[88.781,22.501]]],[[[88.898,22.549],[88.885,22.55],[88.867,22.53],[88.869,22.525],[88.866,22.521],[88.86,22.518],[88.858,22.512],[88.855,22.509],[88.846,22.502],[88.861,22.499],[88.861,22.447],[88.855,22.436],[88.861,22.413],[88.882,22.403],[88.877,22.388],[88.884,22.376],[88.921,22.399],[88.905,22.412],[88.908,22.434],[88.901,22.445],[88.897,22.459],[88.892,22.466],[88.896,22.472],[88.893,22.487],[88.904,22.496],[88.906,22.521],[88.898,22.549]]],[[[88.92,22.565],[88.896,22.561],[88.904,22.526],[88.914,22.515],[88.906,22.493],[88.896,22.484],[88.899,22.477],[88.895,22.466],[88.903,22.455],[88.904,22.446],[88.919,22.43],[88.908,22.416],[88.926,22.406],[88.926,22.388],[88.916,22.392],[88.896,22.38],[88.907,22.336],[88.932,22.311],[88.943,22.311],[88.951,22.344],[88.949,22.355],[88.964,22.374],[88.964,22.404],[88.969,22.413],[88.982,22.417],[88.997,22.429],[88.989,22.439],[88.995,22.468],[88.978,22.483],[88.971,22.499],[88.965,22.534],[88.956,22.551],[88.935,22.556],[88.92,22.565]]],[[[88.278,27.131],[88.233,27.12],[88.214,27.135],[88.179,27.135],[88.158,27.114],[88.137,27.117],[88.086,27.142],[88.083,27.165],[88.073,27.174],[88.067,27.19],[88.075,27.199],[88.058,27.214],[88.033,27.221],[88.017,27.219],[88.018,27.2],[88.01,27.143],[87.994,27.131],[87.99,27.119],[87.994,27.105],[88.014,27.097],[88.023,27.082],[88.019,27.077],[88.03,27.051],[88.04,27.036],[88.086,27.029],[88.091,27.008],[88.102,27.003],[88.121,26.987],[88.137,26.986],[88.126,26.97],[88.123,26.95],[88.149,26.92],[88.139,26.898],[88.174,26.869],[88.177,26.854],[88.17,26.837],[88.182,26.816],[88.18,26.803],[88.19,26.771],[88.189,26.738],[88.185,26.719],[88.17,26.699],[88.17,26.684],[88.166,26.646],[88.157,26.63],[88.145,26.625],[88.142,26.607],[88.122,26.568],[88.108,26.561],[88.105,26.539],[88.106,26.536],[88.132,26.513],[88.145,26.511],[88.165,26.522],[88.168,26.537],[88.186,26.544],[88.207,26.535],[88.231,26.552],[88.233,26.532],[88.194,26.508],[88.179,26.494],[88.192,26.483],[88.194,26.472],[88.221,26.467],[88.229,26.447],[88.243,26.449],[88.252,26.434],[88.268,26.422],[88.255,26.416],[88.23,26.394],[88.232,26.385],[88.245,26.376],[88.255,26.374],[88.27,26.379],[88.282,26.36],[88.29,26.357],[88.289,26.351],[88.279,26.346],[88.272,26.331],[88.27,26.333],[88.265,26.336],[88.248,26.327],[88.245,26.316],[88.232,26.31],[88.227,26.297],[88.221,26.288],[88.214,26.282],[88.204,26.28],[88.183,26.275],[88.177,26.262],[88.163,26.258],[88.159,26.257],[88.144,26.253],[88.137,26.244],[88.136,26.228],[88.126,26.227],[88.12,26.228],[88.116,26.223],[88.106,26.216],[88.102,26.212],[88.094,26.207],[88.09,26.203],[88.087,26.194],[88.073,26.185],[88.07,26.176],[88.059,26.174],[88.037,26.178],[88.034,26.17],[88.012,26.155],[88.015,26.143],[88.007,26.143],[87.996,26.142],[87.982,26.159],[87.963,26.149],[87.969,26.139],[87.968,26.132],[87.967,26.125],[87.969,26.109],[87.954,26.103],[87.969,26.092],[87.972,26.085],[87.968,26.081],[87.96,26.084],[87.938,26.084],[87.931,26.069],[87.922,26.077],[87.918,26.088],[87.896,26.08],[87.893,26.08],[87.888,26.072],[87.876,26.066],[87.849,26.045],[87.842,26.032],[87.833,26.001],[87.827,25.992],[87.826,25.984],[87.831,25.962],[87.827,25.954],[87.824,25.946],[87.828,25.941],[87.827,25.932],[87.807,25.93],[87.804,25.921],[87.816,25.913],[87.816,25.886],[87.823,25.871],[87.872,25.86],[87.885,25.865],[87.911,25.852],[87.888,25.833],[87.899,25.82],[87.911,25.815],[87.898,25.799],[87.901,25.78],[87.919,25.774],[87.938,25.758],[87.944,25.744],[87.98,25.718],[88.049,25.691],[88.049,25.681],[88.043,25.674],[88.044,25.653],[88.049,25.644],[88.047,25.643],[88.044,25.643],[88.036,25.637],[88.043,25.632],[88.037,25.616],[88.039,25.608],[88.041,25.605],[88.03,25.6],[88.036,25.597],[88.039,25.595],[88.031,25.587],[88.022,25.583],[88.025,25.569],[88.035,25.56],[88.03,25.559],[88.027,25.553],[88.038,25.546],[88.039,25.533],[88.046,25.534],[88.056,25.53],[88.069,25.513],[88.064,25.506],[88.066,25.505],[88.07,25.502],[88.068,25.49],[88.066,25.481],[88.031,25.486],[88.016,25.5],[88.004,25.494],[87.987,25.503],[87.981,25.516],[87.956,25.538],[87.924,25.536],[87.903,25.519],[87.901,25.507],[87.87,25.503],[87.861,25.478],[87.863,25.465],[87.834,25.465],[87.826,25.458],[87.826,25.445],[87.809,25.434],[87.787,25.449],[87.763,25.396],[87.766,25.378],[87.777,25.371],[87.789,25.372],[87.782,25.338],[87.791,25.322],[87.802,25.323],[87.829,25.303],[87.85,25.297],[87.857,25.278],[87.849,25.253],[87.836,25.25],[87.823,25.234],[87.834,25.213],[87.83,25.204],[87.801,25.218],[87.788,25.22],[87.785,25.2],[87.771,25.152],[87.769,25.127],[87.773,25.099],[87.793,25.076],[87.82,25.062],[87.835,25.057],[87.864,25.04],[87.903,24.998],[87.906,24.986],[87.93,24.962],[87.962,24.936],[87.97,24.924],[87.973,24.896],[87.967,24.881],[87.952,24.877],[87.911,24.856],[87.889,24.853],[87.898,24.843],[87.887,24.82],[87.866,24.821],[87.878,24.801],[87.865,24.774],[87.85,24.761],[87.818,24.766],[87.825,24.752],[87.84,24.738],[87.867,24.729],[87.878,24.739],[87.887,24.725],[87.901,24.722],[87.897,24.691],[87.886,24.678],[87.895,24.669],[87.912,24.662],[87.902,24.613],[87.91,24.594],[87.905,24.584],[87.891,24.58],[87.887,24.563],[87.866,24.561],[87.848,24.551],[87.825,24.559],[87.809,24.576],[87.785,24.582],[87.778,24.571],[87.796,24.562],[87.806,24.545],[87.797,24.539],[87.801,24.518],[87.799,24.492],[87.812,24.499],[87.809,24.477],[87.818,24.468],[87.815,24.451],[87.803,24.45],[87.788,24.432],[87.788,24.412],[87.798,24.4],[87.798,24.382],[87.761,24.333],[87.764,24.323],[87.756,24.304],[87.727,24.286],[87.71,24.292],[87.706,24.268],[87.681,24.246],[87.662,24.245],[87.647,24.249],[87.636,24.243],[87.643,24.23],[87.638,24.212],[87.653,24.206],[87.671,24.206],[87.675,24.195],[87.697,24.175],[87.69,24.15],[87.68,24.148],[87.657,24.156],[87.641,24.155],[87.628,24.163],[87.61,24.165],[87.6,24.161],[87.58,24.162],[87.586,24.148],[87.605,24.132],[87.582,24.123],[87.569,24.107],[87.57,24.088],[87.56,24.083],[87.539,24.088],[87.521,24.104],[87.497,24.116],[87.496,24.097],[87.49,24.085],[87.506,24.082],[87.491,24.052],[87.508,24.046],[87.509,24.035],[87.501,24.022],[87.471,24.011],[87.449,24.016],[87.441,24.003],[87.458,23.993],[87.439,23.978],[87.419,23.989],[87.394,23.997],[87.39,24.002],[87.357,24.009],[87.35,23.997],[87.337,23.995],[87.315,24.004],[87.332,24.031],[87.304,24.029],[87.274,24.032],[87.244,24.042],[87.235,24.037],[87.233,24.025],[87.247,23.997],[87.262,23.995],[87.268,23.985],[87.26,23.97],[87.278,23.958],[87.292,23.956],[87.292,23.939],[87.285,23.934],[87.295,23.899],[87.293,23.89],[87.265,23.875],[87.26,23.902],[87.244,23.9],[87.246,23.857],[87.255,23.839],[87.246,23.828],[87.229,23.823],[87.22,23.827],[87.224,23.843],[87.222,23.858],[87.207,23.853],[87.194,23.842],[87.187,23.857],[87.177,23.852],[87.167,23.86],[87.136,23.868],[87.13,23.851],[87.154,23.826],[87.166,23.82],[87.149,23.794],[87.139,23.8],[87.124,23.795],[87.106,23.8],[87.096,23.809],[87.085,23.805],[87.057,23.816],[87.034,23.837],[87.002,23.852],[86.98,23.856],[86.963,23.865],[86.956,23.85],[86.943,23.843],[86.925,23.854],[86.924,23.866],[86.907,23.88],[86.895,23.88],[86.875,23.862],[86.882,23.857],[86.88,23.842],[86.861,23.842],[86.844,23.822],[86.821,23.811],[86.801,23.813],[86.798,23.798],[86.817,23.776],[86.82,23.761],[86.816,23.745],[86.805,23.74],[86.791,23.698],[86.792,23.687],[86.759,23.678],[86.738,23.678],[86.732,23.694],[86.711,23.697],[86.649,23.683],[86.616,23.672],[86.592,23.671],[86.591,23.662],[86.565,23.646],[86.529,23.629],[86.512,23.629],[86.481,23.635],[86.466,23.63],[86.445,23.632],[86.438,23.624],[86.44,23.609],[86.427,23.61],[86.414,23.601],[86.406,23.588],[86.381,23.584],[86.383,23.572],[86.365,23.557],[86.358,23.543],[86.368,23.523],[86.357,23.513],[86.355,23.482],[86.352,23.464],[86.326,23.458],[86.3,23.444],[86.313,23.426],[86.3,23.42],[86.282,23.427],[86.281,23.44],[86.267,23.44],[86.247,23.434],[86.246,23.419],[86.225,23.436],[86.227,23.45],[86.239,23.47],[86.225,23.47],[86.221,23.456],[86.203,23.459],[86.179,23.475],[86.143,23.477],[86.145,23.494],[86.155,23.504],[86.155,23.519],[86.143,23.527],[86.153,23.552],[86.148,23.564],[86.139,23.57],[86.127,23.567],[86.119,23.574],[86.102,23.574],[86.088,23.568],[86.073,23.568],[86.071,23.578],[86.051,23.579],[86.037,23.583],[86.011,23.561],[86.011,23.552],[86.033,23.518],[86.033,23.505],[86.049,23.503],[86.041,23.49],[86.02,23.488],[85.953,23.46],[85.938,23.455],[85.918,23.462],[85.906,23.472],[85.874,23.476],[85.866,23.47],[85.86,23.451],[85.863,23.41],[85.878,23.408],[85.885,23.387],[85.896,23.377],[85.866,23.365],[85.871,23.353],[85.872,23.33],[85.861,23.315],[85.861,23.303],[85.834,23.281],[85.826,23.263],[85.831,23.243],[85.831,23.211],[85.835,23.192],[85.858,23.194],[85.877,23.173],[85.877,23.159],[85.9,23.148],[85.915,23.13],[85.944,23.129],[85.952,23.138],[85.97,23.14],[85.982,23.146],[86.01,23.145],[86.018,23.14],[86.037,23.144],[86.048,23.129],[86.044,23.112],[86.07,23.101],[86.081,23.104],[86.092,23.091],[86.116,23.094],[86.138,23.08],[86.135,23.063],[86.148,23.053],[86.15,23.041],[86.16,23.039],[86.176,23.013],[86.201,23.015],[86.204,22.998],[86.212,22.992],[86.261,22.996],[86.279,23.011],[86.3,23.012],[86.302,23.003],[86.332,22.989],[86.36,22.997],[86.38,22.991],[86.393,22.974],[86.416,22.995],[86.463,22.985],[86.497,22.99],[86.497,22.983],[86.512,22.966],[86.534,22.981],[86.542,22.974],[86.539,22.962],[86.528,22.958],[86.518,22.944],[86.499,22.948],[86.487,22.936],[86.47,22.947],[86.458,22.933],[86.437,22.927],[86.432,22.916],[86.448,22.902],[86.463,22.897],[86.451,22.883],[86.447,22.859],[86.433,22.86],[86.434,22.829],[86.422,22.809],[86.416,22.777],[86.44,22.763],[86.454,22.76],[86.466,22.746],[86.479,22.722],[86.488,22.723],[86.507,22.702],[86.51,22.716],[86.534,22.717],[86.55,22.711],[86.581,22.689],[86.591,22.689],[86.618,22.673],[86.637,22.655],[86.637,22.631],[86.632,22.61],[86.634,22.597],[86.648,22.592],[86.652,22.576],[86.673,22.572],[86.706,22.58],[86.728,22.575],[86.756,22.574],[86.767,22.561],[86.765,22.551],[86.784,22.544],[86.783,22.524],[86.79,22.52],[86.791,22.494],[86.798,22.484],[86.789,22.475],[86.753,22.48],[86.745,22.471],[86.764,22.423],[86.805,22.416],[86.831,22.406],[86.844,22.396],[86.838,22.379],[86.841,22.369],[86.829,22.342],[86.829,22.325],[86.873,22.299],[86.885,22.297],[86.888,22.281],[86.886,22.252],[86.858,22.254],[86.85,22.259],[86.82,22.261],[86.796,22.25],[86.793,22.239],[86.81,22.238],[86.8,22.214],[86.791,22.218],[86.748,22.208],[86.723,22.215],[86.713,22.178],[86.717,22.164],[86.715,22.143],[86.752,22.144],[86.772,22.147],[86.79,22.154],[86.8,22.146],[86.8,22.13],[86.806,22.114],[86.823,22.113],[86.832,22.095],[86.848,22.098],[86.909,22.086],[86.957,22.083],[86.972,22.066],[86.995,22.046],[87.018,22.041],[87.026,22.029],[87.022,22.012],[87.034,21.989],[87.006,21.941],[86.998,21.908],[87.005,21.896],[87.02,21.886],[87.03,21.865],[87.078,21.86],[87.095,21.86],[87.096,21.882],[87.096,21.886],[87.089,21.892],[87.089,21.895],[87.091,21.899],[87.105,21.918],[87.11,21.918],[87.114,21.922],[87.131,21.918],[87.152,21.928],[87.158,21.931],[87.16,21.949],[87.167,21.973],[87.175,21.966],[87.195,21.954],[87.203,21.956],[87.221,21.953],[87.224,21.954],[87.235,21.954],[87.232,21.94],[87.235,21.934],[87.252,21.918],[87.239,21.907],[87.235,21.896],[87.249,21.867],[87.245,21.856],[87.255,21.844],[87.262,21.833],[87.268,21.82],[87.262,21.814],[87.273,21.806],[87.273,21.804],[87.281,21.799],[87.295,21.804],[87.297,21.795],[87.306,21.794],[87.318,21.791],[87.317,21.789],[87.323,21.786],[87.326,21.786],[87.333,21.787],[87.337,21.779],[87.34,21.784],[87.355,21.779],[87.37,21.768],[87.383,21.771],[87.392,21.769],[87.412,21.764],[87.425,21.766],[87.439,21.764],[87.444,21.761],[87.443,21.742],[87.451,21.735],[87.444,21.732],[87.465,21.726],[87.466,21.724],[87.463,21.717],[87.469,21.698],[87.468,21.696],[87.468,21.677],[87.46,21.657],[87.461,21.644],[87.471,21.643],[87.482,21.626],[87.482,21.614],[87.482,21.609],[87.504,21.617],[87.56,21.633],[87.628,21.646],[87.637,21.655],[87.65,21.649],[87.678,21.654],[87.712,21.665],[87.74,21.678],[87.753,21.698],[87.79,21.695],[87.81,21.706],[87.831,21.734],[87.861,21.757],[87.895,21.784],[87.888,21.791],[87.927,21.8],[87.94,21.82],[87.98,21.858],[87.992,21.885],[88.004,21.904],[88.013,21.928],[88.036,21.981],[88.053,22.013],[88.033,22.025],[88.018,22.04],[88.011,22.07],[87.991,22.087],[87.982,22.099],[87.97,22.094],[87.963,22.103],[87.992,22.103],[87.998,22.09],[88.028,22.068],[88.034,22.061],[88.027,22.048],[88.062,22.013],[88.083,22.021],[88.126,22.049],[88.149,22.06],[88.167,22.074],[88.189,22.099],[88.194,22.111],[88.146,22.168],[88.136,22.185],[88.106,22.192],[88.086,22.187],[88.066,22.19],[88.05,22.205],[88.035,22.209],[88.022,22.2],[87.99,22.209],[87.975,22.222],[87.972,22.237],[87.941,22.259],[87.937,22.267],[87.933,22.314],[87.944,22.325],[87.947,22.34],[87.943,22.364],[87.93,22.404],[87.913,22.422],[87.894,22.424],[87.894,22.435],[87.921,22.436],[87.927,22.42],[87.949,22.399],[87.958,22.349],[87.957,22.317],[87.961,22.305],[87.96,22.28],[87.984,22.246],[87.994,22.239],[88.026,22.222],[88.049,22.22],[88.065,22.236],[88.075,22.253],[88.079,22.284],[88.089,22.302],[88.105,22.304],[88.1,22.282],[88.089,22.263],[88.083,22.231],[88.07,22.216],[88.073,22.21],[88.117,22.209],[88.129,22.203],[88.164,22.198],[88.188,22.187],[88.203,22.167],[88.211,22.149],[88.211,22.132],[88.224,22.09],[88.222,22.068],[88.214,22.035],[88.196,22.004],[88.17,21.974],[88.154,21.96],[88.161,21.945],[88.174,21.934],[88.176,21.92],[88.164,21.879],[88.179,21.848],[88.201,21.819],[88.218,21.777],[88.217,21.764],[88.255,21.758],[88.282,21.755],[88.279,21.77],[88.265,21.786],[88.258,21.801],[88.26,21.81],[88.269,21.818],[88.306,21.831],[88.314,21.845],[88.311,21.855],[88.316,21.86],[88.326,21.862],[88.355,21.856],[88.356,21.82],[88.364,21.798],[88.382,21.792],[88.392,21.803],[88.386,21.839],[88.394,21.852],[88.397,21.886],[88.412,21.887],[88.416,21.901],[88.424,21.908],[88.432,21.903],[88.442,21.911],[88.462,21.918],[88.458,21.898],[88.474,21.895],[88.483,21.91],[88.502,21.915],[88.521,21.912],[88.509,21.905],[88.495,21.885],[88.499,21.874],[88.528,21.853],[88.537,21.857],[88.539,21.87],[88.548,21.882],[88.54,21.899],[88.545,21.906],[88.561,21.899],[88.571,21.905],[88.578,21.889],[88.602,21.907],[88.615,21.938],[88.598,21.968],[88.6,21.983],[88.614,22.02],[88.635,22.043],[88.627,22.057],[88.627,22.069],[88.619,22.105],[88.626,22.13],[88.64,22.143],[88.638,22.155],[88.664,22.185],[88.673,22.205],[88.642,22.207],[88.631,22.223],[88.657,22.25],[88.658,22.239],[88.637,22.224],[88.639,22.213],[88.671,22.216],[88.681,22.21],[88.699,22.21],[88.734,22.196],[88.75,22.22],[88.744,22.229],[88.772,22.251],[88.786,22.259],[88.791,22.26],[88.793,22.276],[88.805,22.284],[88.803,22.295],[88.81,22.32],[88.803,22.329],[88.816,22.358],[88.823,22.361],[88.833,22.359],[88.849,22.365],[88.856,22.408],[88.848,22.431],[88.819,22.43],[88.803,22.443],[88.8,22.459],[88.79,22.481],[88.78,22.493],[88.78,22.503],[88.771,22.511],[88.755,22.515],[88.745,22.515],[88.733,22.51],[88.718,22.519],[88.712,22.526],[88.691,22.522],[88.701,22.531],[88.708,22.529],[88.718,22.521],[88.726,22.519],[88.734,22.511],[88.742,22.515],[88.753,22.517],[88.772,22.513],[88.784,22.503],[88.796,22.497],[88.811,22.482],[88.814,22.456],[88.83,22.447],[88.835,22.437],[88.852,22.433],[88.859,22.448],[88.852,22.456],[88.859,22.499],[88.844,22.502],[88.856,22.512],[88.86,22.52],[88.867,22.523],[88.866,22.53],[88.869,22.546],[88.878,22.545],[88.896,22.563],[88.938,22.571],[88.937,22.594],[88.957,22.61],[88.931,22.622],[88.93,22.641],[88.947,22.66],[88.959,22.691],[88.939,22.709],[88.931,22.725],[88.921,22.734],[88.921,22.765],[88.939,22.787],[88.958,22.794],[88.968,22.842],[88.946,22.877],[88.933,22.868],[88.909,22.877],[88.904,22.905],[88.914,22.919],[88.897,22.927],[88.897,22.949],[88.875,22.95],[88.861,22.955],[88.869,22.969],[88.868,22.99],[88.872,23.018],[88.878,23.029],[88.873,23.06],[88.866,23.069],[88.87,23.096],[88.886,23.106],[88.897,23.106],[88.908,23.122],[88.921,23.127],[88.931,23.139],[88.931,23.152],[88.938,23.169],[88.955,23.177],[88.962,23.19],[88.982,23.19],[88.99,23.198],[88.99,23.217],[88.98,23.222],[88.952,23.203],[88.93,23.212],[88.913,23.23],[88.881,23.226],[88.867,23.23],[88.853,23.225],[88.834,23.237],[88.831,23.245],[88.809,23.25],[88.808,23.238],[88.814,23.217],[88.785,23.218],[88.77,23.239],[88.747,23.237],[88.72,23.253],[88.724,23.27],[88.708,23.288],[88.697,23.293],[88.728,23.309],[88.744,23.307],[88.747,23.318],[88.737,23.328],[88.736,23.349],[88.747,23.351],[88.763,23.368],[88.753,23.387],[88.76,23.41],[88.757,23.419],[88.764,23.442],[88.781,23.436],[88.79,23.441],[88.788,23.465],[88.8,23.481],[88.796,23.496],[88.779,23.498],[88.743,23.481],[88.719,23.507],[88.695,23.517],[88.684,23.539],[88.662,23.55],[88.655,23.558],[88.648,23.584],[88.639,23.597],[88.644,23.608],[88.607,23.601],[88.587,23.6],[88.593,23.626],[88.59,23.638],[88.578,23.636],[88.562,23.646],[88.574,23.67],[88.564,23.715],[88.575,23.736],[88.579,23.765],[88.56,23.781],[88.581,23.789],[88.592,23.8],[88.587,23.812],[88.602,23.817],[88.588,23.834],[88.586,23.851],[88.576,23.86],[88.592,23.87],[88.6,23.865],[88.622,23.874],[88.633,23.861],[88.665,23.872],[88.667,23.884],[88.685,23.889],[88.692,23.9],[88.704,23.899],[88.704,23.914],[88.733,23.914],[88.733,23.93],[88.742,23.934],[88.74,23.953],[88.734,23.959],[88.735,23.977],[88.741,23.985],[88.771,23.988],[88.759,24.008],[88.73,23.995],[88.738,24.014],[88.737,24.056],[88.722,24.066],[88.726,24.096],[88.698,24.097],[88.698,24.118],[88.71,24.119],[88.7,24.166],[88.711,24.177],[88.72,24.198],[88.732,24.197],[88.737,24.268],[88.723,24.297],[88.703,24.311],[88.673,24.315],[88.629,24.307],[88.626,24.315],[88.589,24.315],[88.587,24.325],[88.568,24.327],[88.556,24.296],[88.531,24.342],[88.507,24.345],[88.498,24.353],[88.477,24.36],[88.438,24.381],[88.424,24.382],[88.392,24.372],[88.348,24.376],[88.328,24.387],[88.286,24.424],[88.28,24.435],[88.265,24.445],[88.205,24.458],[88.176,24.49],[88.148,24.506],[88.107,24.545],[88.07,24.605],[88.046,24.637],[88.013,24.663],[88.013,24.671],[88.038,24.698],[88.06,24.715],[88.074,24.741],[88.067,24.75],[88.075,24.759],[88.071,24.769],[88.084,24.773],[88.09,24.783],[88.106,24.779],[88.106,24.8],[88.112,24.813],[88.135,24.832],[88.15,24.851],[88.164,24.85],[88.167,24.863],[88.163,24.879],[88.155,24.884],[88.157,24.898],[88.141,24.917],[88.139,24.932],[88.158,24.935],[88.18,24.954],[88.207,24.959],[88.231,24.958],[88.238,24.944],[88.264,24.918],[88.267,24.893],[88.288,24.886],[88.298,24.888],[88.304,24.87],[88.315,24.881],[88.328,24.87],[88.344,24.882],[88.346,24.898],[88.336,24.898],[88.326,24.915],[88.337,24.919],[88.342,24.939],[88.361,24.949],[88.382,24.939],[88.401,24.946],[88.397,24.969],[88.418,24.983],[88.412,24.988],[88.424,25.007],[88.438,25.009],[88.453,25.041],[88.437,25.047],[88.438,25.056],[88.453,25.079],[88.445,25.101],[88.443,25.126],[88.459,25.135],[88.463,25.151],[88.458,25.165],[88.447,25.18],[88.444,25.195],[88.465,25.196],[88.478,25.213],[88.5,25.212],[88.513,25.205],[88.553,25.196],[88.559,25.179],[88.576,25.179],[88.591,25.186],[88.614,25.205],[88.641,25.208],[88.67,25.201],[88.685,25.211],[88.709,25.21],[88.735,25.197],[88.747,25.185],[88.774,25.19],[88.778,25.18],[88.804,25.172],[88.815,25.176],[88.817,25.187],[88.828,25.194],[88.832,25.206],[88.848,25.21],[88.853,25.201],[88.876,25.182],[88.898,25.185],[88.913,25.18],[88.923,25.167],[88.938,25.2],[88.935,25.218],[88.951,25.214],[88.959,25.22],[88.951,25.241],[88.958,25.261],[88.973,25.267],[88.983,25.278],[89.007,25.28],[89.008,25.297],[88.989,25.296],[88.956,25.308],[88.919,25.309],[88.905,25.336],[88.893,25.334],[88.886,25.324],[88.871,25.341],[88.872,25.348],[88.844,25.362],[88.845,25.392],[88.827,25.399],[88.82,25.412],[88.833,25.415],[88.837,25.425],[88.829,25.441],[88.842,25.453],[88.832,25.485],[88.815,25.487],[88.811,25.517],[88.798,25.522],[88.786,25.513],[88.762,25.513],[88.772,25.5],[88.767,25.491],[88.745,25.495],[88.741,25.501],[88.71,25.496],[88.71,25.479],[88.7,25.47],[88.665,25.471],[88.66,25.48],[88.646,25.48],[88.644,25.497],[88.625,25.495],[88.609,25.513],[88.598,25.504],[88.578,25.505],[88.551,25.516],[88.541,25.531],[88.521,25.535],[88.496,25.56],[88.498,25.582],[88.473,25.581],[88.448,25.613],[88.458,25.625],[88.457,25.66],[88.407,25.669],[88.404,25.683],[88.392,25.691],[88.375,25.695],[88.379,25.712],[88.361,25.724],[88.34,25.734],[88.326,25.735],[88.319,25.751],[88.304,25.758],[88.29,25.773],[88.272,25.78],[88.276,25.797],[88.27,25.808],[88.254,25.811],[88.234,25.795],[88.22,25.798],[88.215,25.789],[88.202,25.788],[88.186,25.799],[88.175,25.784],[88.165,25.787],[88.158,25.776],[88.135,25.796],[88.119,25.795],[88.12,25.81],[88.106,25.824],[88.114,25.848],[88.107,25.88],[88.099,25.899],[88.087,25.913],[88.094,25.93],[88.112,25.933],[88.12,25.949],[88.12,25.96],[88.131,25.988],[88.147,26.001],[88.144,26.012],[88.158,26.019],[88.177,26.019],[88.186,26.023],[88.173,26.044],[88.182,26.049],[88.188,26.063],[88.161,26.092],[88.176,26.109],[88.18,26.146],[88.234,26.171],[88.235,26.179],[88.251,26.189],[88.276,26.187],[88.285,26.197],[88.312,26.203],[88.32,26.201],[88.333,26.214],[88.353,26.22],[88.359,26.244],[88.35,26.253],[88.352,26.282],[88.366,26.299],[88.403,26.317],[88.415,26.337],[88.438,26.337],[88.444,26.356],[88.461,26.362],[88.478,26.357],[88.509,26.359],[88.52,26.352],[88.525,26.373],[88.494,26.416],[88.498,26.434],[88.48,26.453],[88.484,26.46],[88.434,26.471],[88.414,26.472],[88.403,26.485],[88.39,26.479],[88.375,26.487],[88.363,26.484],[88.366,26.471],[88.362,26.455],[88.349,26.461],[88.334,26.479],[88.335,26.494],[88.353,26.512],[88.362,26.55],[88.373,26.565],[88.37,26.573],[88.378,26.594],[88.401,26.627],[88.417,26.631],[88.424,26.583],[88.423,26.571],[88.432,26.551],[88.45,26.536],[88.462,26.547],[88.486,26.541],[88.492,26.517],[88.508,26.514],[88.525,26.506],[88.527,26.482],[88.549,26.483],[88.563,26.473],[88.557,26.457],[88.574,26.457],[88.597,26.449],[88.595,26.472],[88.621,26.471],[88.628,26.447],[88.624,26.437],[88.65,26.427],[88.671,26.407],[88.687,26.411],[88.685,26.383],[88.698,26.356],[88.697,26.344],[88.728,26.346],[88.735,26.355],[88.749,26.353],[88.762,26.334],[88.757,26.32],[88.762,26.301],[88.804,26.312],[88.822,26.301],[88.816,26.28],[88.819,26.26],[88.836,26.252],[88.835,26.244],[88.853,26.236],[88.884,26.237],[88.885,26.244],[88.868,26.258],[88.868,26.277],[88.881,26.29],[88.924,26.292],[88.935,26.288],[88.942,26.272],[88.962,26.245],[88.974,26.242],[89,26.249],[89.057,26.245],[89.069,26.259],[89.067,26.293],[89.051,26.287],[89.028,26.29],[89.033,26.306],[89.003,26.302],[88.992,26.305],[88.992,26.32],[89.007,26.333],[88.989,26.344],[88.991,26.352],[88.968,26.352],[88.955,26.36],[88.929,26.364],[88.918,26.375],[88.925,26.39],[88.925,26.404],[88.937,26.419],[88.936,26.436],[88.951,26.429],[88.958,26.44],[88.953,26.451],[88.965,26.461],[88.99,26.45],[88.989,26.43],[89,26.42],[89.029,26.416],[89.046,26.398],[89.073,26.4],[89.1,26.385],[89.095,26.369],[89.104,26.36],[89.104,26.333],[89.124,26.319],[89.135,26.324],[89.143,26.31],[89.141,26.3],[89.111,26.289],[89.116,26.275],[89.132,26.264],[89.128,26.254],[89.147,26.235],[89.147,26.217],[89.155,26.209],[89.146,26.2],[89.141,26.18],[89.155,26.159],[89.16,26.142],[89.173,26.129],[89.198,26.122],[89.211,26.127],[89.23,26.123],[89.254,26.102],[89.263,26.079],[89.262,26.064],[89.288,26.058],[89.328,26.037],[89.351,26.012],[89.363,26.008],[89.401,26.012],[89.397,26.02],[89.412,26.03],[89.414,26.039],[89.435,26.042],[89.44,26.032],[89.433,26.016],[89.467,25.998],[89.508,26],[89.521,26.008],[89.545,25.994],[89.544,25.971],[89.558,25.965],[89.581,25.978],[89.592,25.994],[89.584,26.003],[89.581,26.022],[89.585,26.031],[89.602,26.038],[89.604,26.045],[89.626,26.054],[89.631,26.062],[89.65,26.069],[89.636,26.081],[89.643,26.09],[89.633,26.107],[89.608,26.093],[89.599,26.107],[89.62,26.107],[89.632,26.115],[89.605,26.127],[89.599,26.139],[89.624,26.178],[89.641,26.179],[89.644,26.197],[89.637,26.21],[89.638,26.228],[89.661,26.218],[89.674,26.219],[89.676,26.201],[89.696,26.175],[89.69,26.158],[89.713,26.154],[89.719,26.166],[89.733,26.173],[89.734,26.175],[89.717,26.177],[89.707,26.173],[89.703,26.177],[89.695,26.189],[89.711,26.189],[89.716,26.191],[89.714,26.206],[89.726,26.206],[89.724,26.217],[89.715,26.215],[89.698,26.216],[89.7,26.219],[89.706,26.217],[89.712,26.228],[89.718,26.232],[89.729,26.238],[89.716,26.246],[89.716,26.255],[89.711,26.258],[89.701,26.261],[89.711,26.265],[89.717,26.259],[89.732,26.26],[89.734,26.266],[89.737,26.271],[89.721,26.288],[89.716,26.302],[89.723,26.308],[89.721,26.296],[89.746,26.291],[89.757,26.289],[89.759,26.293],[89.751,26.306],[89.752,26.322],[89.762,26.317],[89.781,26.331],[89.782,26.353],[89.804,26.362],[89.827,26.367],[89.828,26.381],[89.841,26.378],[89.857,26.384],[89.853,26.396],[89.831,26.39],[89.833,26.412],[89.845,26.41],[89.855,26.434],[89.869,26.448],[89.87,26.464],[89.853,26.488],[89.854,26.521],[89.862,26.53],[89.865,26.57],[89.862,26.578],[89.878,26.584],[89.872,26.595],[89.877,26.613],[89.862,26.615],[89.857,26.632],[89.874,26.644],[89.868,26.657],[89.871,26.684],[89.857,26.704],[89.832,26.712],[89.807,26.715],[89.777,26.699],[89.755,26.721],[89.759,26.735],[89.726,26.722],[89.703,26.737],[89.67,26.739],[89.659,26.718],[89.642,26.723],[89.634,26.719],[89.614,26.726],[89.628,26.742],[89.642,26.747],[89.654,26.772],[89.64,26.783],[89.627,26.776],[89.611,26.789],[89.567,26.802],[89.559,26.816],[89.546,26.812],[89.528,26.819],[89.511,26.817],[89.496,26.803],[89.459,26.806],[89.451,26.814],[89.448,26.835],[89.409,26.841],[89.39,26.842],[89.384,26.862],[89.372,26.867],[89.36,26.863],[89.328,26.84],[89.32,26.853],[89.29,26.834],[89.252,26.816],[89.236,26.821],[89.214,26.818],[89.19,26.809],[89.173,26.822],[89.149,26.812],[89.129,26.809],[89.121,26.822],[89.113,26.823],[89.102,26.836],[89.104,26.86],[89.088,26.875],[89.095,26.887],[89.086,26.897],[89.061,26.904],[89.049,26.903],[89.046,26.92],[89.027,26.938],[88.985,26.921],[88.962,26.924],[88.941,26.939],[88.941,26.946],[88.955,26.954],[88.947,26.977],[88.93,26.984],[88.919,26.996],[88.911,26.994],[88.894,26.977],[88.889,26.961],[88.873,26.957],[88.87,27.011],[88.879,27.038],[88.872,27.078],[88.87,27.109],[88.859,27.107],[88.843,27.117],[88.826,27.118],[88.8,27.137],[88.785,27.136],[88.751,27.143],[88.752,27.148],[88.733,27.137],[88.718,27.144],[88.712,27.165],[88.702,27.174],[88.684,27.18],[88.674,27.177],[88.66,27.162],[88.639,27.168],[88.619,27.188],[88.591,27.194],[88.541,27.184],[88.52,27.175],[88.532,27.154],[88.522,27.15],[88.496,27.125],[88.487,27.127],[88.467,27.114],[88.454,27.09],[88.432,27.082],[88.411,27.091],[88.388,27.098],[88.371,27.099],[88.352,27.101],[88.345,27.107],[88.324,27.105],[88.32,27.117],[88.304,27.129],[88.3,27.128],[88.278,27.131]]]]},"properties":{"ID_0":105,"ISO":"IND","NAME_0":"India","ID_1":35,"NAME_1":"West Bengal","NL_NAME_1":null,"VARNAME_1":"Bangla|Bengala Occidentale|Bengala Ocidental|Bengale occidental","TYPE_1":"State","ENGTYPE_1":"State"}}
]}